INFO: Don't know what to do with type http://purl.org/dc/terms/LinguisticSystem
INFO: Don't know what to do with type http://www.w3.org/2008/05/skos-xl#Label
INFO: Don't know what to do with type http://www.yso.fi/onto/yso-meta/2007-03-02/CorporateBody
INFO: Don't know what to do with type http://www.yso.fi/onto/yso-meta/2007-03-02/DeprecatedHierarchy
INFO: Don't know what to do with type http://www.yso.fi/onto/yso-meta/2007-03-02/Work
INFO: Don't know what to do with literal http://purl.org/dc/terms/created
INFO: Don't know what to do with literal http://purl.org/termed/properties/code
INFO: Don't know what to do with literal http://purl.org/termed/properties/createdBy
INFO: Don't know what to do with literal http://purl.org/termed/properties/createdDate
INFO: Don't know what to do with literal http://purl.org/termed/properties/graph
INFO: Don't know what to do with literal http://purl.org/termed/properties/id
INFO: Don't know what to do with literal http://purl.org/termed/properties/lastModifiedBy
INFO: Don't know what to do with literal http://purl.org/termed/properties/lastModifiedDate
INFO: Don't know what to do with literal http://purl.org/termed/properties/number
INFO: Don't know what to do with literal http://purl.org/termed/properties/type
INFO: Don't know what to do with literal http://purl.org/termed/properties/uri
INFO: Don't know what to do with literal http://www.w3.org/2008/05/skos-xl#literalForm
INFO: Don't know what to do with relation http://purl.org/dc/terms/isReplacedBy
INFO: Don't know what to do with relation http://purl.org/dc/terms/spatial
INFO: Don't know what to do with relation http://www.w3.org/2008/05/skos-xl#altLabel
INFO: Don't know what to do with relation http://www.w3.org/2008/05/skos-xl#prefLabel
INFO: Don't know what to do with relation http://www.yso.fi/onto/yso-meta/2007-03-02/deprecatedExactMatch
INFO: Don't know what to do with relation http://www.yso.fi/onto/yso-meta/2007-03-02/deprecatedHasPart
INFO: Don't know what to do with relation http://www.yso.fi/onto/yso-meta/2007-03-02/deprecatedHasPredecessor
INFO: Don't know what to do with relation http://www.yso.fi/onto/yso-meta/2007-03-02/deprecatedHasSuccessor
INFO: Don't know what to do with relation http://www.yso.fi/onto/yso-meta/2007-03-02/deprecatedHasThematicGroup
INFO: Don't know what to do with relation http://www.yso.fi/onto/yso-meta/2007-03-02/deprecatedPartOf
WARNING: Setting default language of 'developmentComment' to fi
WARNING: Stripping whitespace from label of http://www.yso.fi/onto/yso/p040803: ' Langerhans cellöar'
WARNING: Stripping whitespace from label of http://www.yso.fi/onto/yso/p20172: 'beställar–utförar-modeller '
WARNING: Stripping whitespace from label of http://www.yso.fi/onto/yso/p23572: '
big five personality traits model'
WARNING: Stripping whitespace from label of http://www.yso.fi/onto/yso/p23813: 'levandefödande tandkarpar
'
WARNING: Stripping whitespace from label of http://www.yso.fi/onto/yso/p28868: ' videoinnehållsskapare (sociala medier)'
WARNING: Setting default language of 'Label 1' to fi
WARNING: Stripping whitespace from label of http://www.yso.fi/onto/yso/p41052: 'ministers of social affairs and health '
WARNING: Stripping whitespace from label of http://www.yso.fi/onto/yso/p040815: 'NPH (normal pressure hydrocephalus) '
WARNING: Stripping whitespace from label of http://www.yso.fi/onto/yso/p040840: 'pansarminor '
WARNING: Stripping whitespace from label of http://www.yso.fi/onto/yso/p17090: 'kertomarunot (eeppiset runot) '
WARNING: Stripping whitespace from label of http://www.yso.fi/onto/yso/p23427: 'Wihuri Sibelius-priset '
WARNING: Stripping whitespace from label of http://www.yso.fi/onto/yso/p27304: 'polymyalgia arteritica '
WARNING: Stripping whitespace from label of http://www.yso.fi/onto/yso/p38927: 'opioid maintenance treatment '
WARNING: Stripping whitespace from label of http://www.yso.fi/onto/yso/p39770: 'påvliga encyklikor
'
WARNING: Stripping whitespace from label of http://www.yso.fi/onto/yso/p40933: 'lateral epicondylitis '
WARNING: Stripping whitespace from label of http://www.yso.fi/onto/yso/p41062: ' baobab'
WARNING: Stripping whitespace from label of http://www.yso.fi/onto/yso/p41080: ' isoterpen'
WARNING: Stripping whitespace from label of http://www.yso.fi/onto/yso/p41103: 'lute players
'
WARNING: Stripping whitespace from label of http://www.yso.fi/onto/yso/p9825: 'diabetic kidney disease '
WARNING: Stripping whitespace from label of http://www.yso.fi/onto/yso/p12452: 'kanádasuopmelaččat {@sme} '
WARNING: Setting default language of 'kanádasuopmelaččat {@sme}' to fi
WARNING: Setting default language of 'arkipelága' to fi
WARNING: Stripping whitespace from label of http://www.yso.fi/onto/yso/p17090: 'kertomaruno (eeppiset runot) '
WARNING: Setting default language of 'baromehter (mihttárat)' to fi
WARNING: Setting default language of 'opiáhtta' to fi
WARNING: Setting default language of 'riektenorbma {@sme' to fi
WARNING: Setting default language of 'kuuluu sukuun Orthomyxovirus {fi}' to fi
WARNING: Stripping whitespace from label of http://www.yso.fi/onto/yso/p28752: 'Hus i Tammerfors som inrymmer Pispalan nykytaiteen keskus. '
WARNING: Stripping whitespace from label of http://www.yso.fi/onto/yso/p3109#xl_prefLabel_fi_100013: ' Termimuoto on havaittu vanhentuneeksi tai syrjiväksi, mutta käytettävissä ei ole toistaiseksi korvaavaa, vakiintunutta termiä.'
WARNING: Stripping whitespace from label of http://www.yso.fi/onto/yso/p3214#xl_prefLabel_en_100031: ' The term has been acknowledged to be outdated or discriminatory, but no established substitute term is available for the time being.'
WARNING: Stripping whitespace from label of http://www.yso.fi/onto/yso/p3214#xl_prefLabel_fi_100030: ' Termimuoto on havaittu vanhentuneeksi tai syrjiväksi, mutta käytettävissä ei ole toistaiseksi korvaavaa, vakiintunutta termiä.'
WARNING: Setting default language of '' to fi
WARNING: Setting default language of '' to fi
WARNING: Setting default language of '' to fi
WARNING: Setting default language of '' to fi
WARNING: Stripping whitespace from label of http://www.yso.fi/onto/yso/p40595#xl_altLabel_fi_100035: ' Termimuoto on havaittu vanhentuneeksi tai syrjiväksi. Se on säilytetty sanastossa tiedonhaun mahdollistamiseksi.'
WARNING: Stripping whitespace from label of http://www.yso.fi/onto/yso/p40638#xl_prefLabel_en_100032: ' The term has been acknowledged to be outdated or discriminatory, but no established substitute term is available for the time being.'
WARNING: Stripping whitespace from label of http://www.yso.fi/onto/yso/p40660#xl_altLabel_en_100017: ' The term has been acknowledged to be outdated or discriminatory. It is included in the ontology to accommodate information retrieval.'
WARNING: Stripping whitespace from label of http://www.yso.fi/onto/yso/p40696#xl_altLabel_fi_100014: ' Termimuoto on havaittu vanhentuneeksi tai syrjiväksi. Se on säilytetty sanastossa tiedonhaun mahdollistamiseksi.'
WARNING: Stripping whitespace from label of http://www.yso.fi/onto/yso/p40696#xl_altLabel_fi_100015: ' Termimuoto on havaittu vanhentuneeksi tai syrjiväksi. Se on säilytetty sanastossa tiedonhaun mahdollistamiseksi.'
WARNING: Setting default language of '2026-02-19T13:30:42' to fi
WARNING: Stripping whitespace from label of http://www.yso.fi/onto/yso/p7674: 'Avser klass av blötdjur med odelade spiralvridna skal. Om vattenlevande blötdjur med tvådelade skal används termen [http://www.yso.fi/onto/yso/p1480]. '
WARNING: Stripping whitespace from label of http://www.yso.fi/onto/yso/p8515: 'Avser reglering av nativiteten. '
WARNING: Setting default language of 'deprecated on 2026-09-30' to fi
WARNING: Setting default language of 'deprecated on 2026-09-30' to fi
WARNING: Setting default language of 'deprecated on 2026-09-30' to fi
WARNING: Setting default language of 'deprecated on 2026-09-30' to fi
WARNING: Setting default language of 'deprecated on 2026-09-30' to fi
WARNING: Setting default language of 'deprecated on 2026-09-30' to fi
WARNING: Setting default language of 'deprecated on 2026-09-30' to fi
WARNING: Setting default language of 'deprecated on 2026-09-30' to fi
WARNING: Setting default language of 'deprecated on 2026-09-30' to fi
WARNING: Setting default language of 'deprecated on 2026-09-30' to fi
WARNING: Setting default language of 'deprecated on 2026-09-30' to fi
WARNING: Setting default language of 'deprecated on 2026-09-30' to fi
WARNING: Setting default language of 'deprecated on 2026-09-30' to fi
WARNING: Setting default language of 'deprecated on 2026-09-30' to fi
WARNING: Setting default language of 'deprecated on 2026-09-30' to fi
WARNING: Setting default language of 'deprecated on 2026-09-30' to fi
WARNING: Setting default language of 'deprecated on 2026-09-30' to fi
WARNING: Setting default language of 'deprecated on 2026-09-30' to fi
WARNING: Setting default language of 'deprecated on 2026-09-30' to fi
WARNING: Setting default language of 'deprecated on 2026-09-30' to fi
WARNING: Setting default language of 'deprecated on 2026-09-30' to fi
WARNING: Setting default language of 'deprecated on 2026-09-30' to fi
WARNING: Setting default language of 'deprecated on 2026-09-30' to fi
WARNING: Setting default language of 'deprecated on 2026-09-30' to fi
WARNING: Setting default language of 'deprecated on 2026-09-30' to fi
WARNING: Setting default language of 'deprecated on 2026-09-30' to fi
WARNING: Setting default language of 'deprecated on 2026-09-30' to fi
WARNING: Setting default language of 'deprecated on 2026-09-30' to fi
WARNING: Setting default language of 'deprecated on 2026-09-30' to fi
WARNING: Setting default language of 'deprecated on 2026-09-30' to fi
WARNING: Setting default language of 'deprecated on 2026-09-30' to fi
WARNING: Setting default language of 'deprecated on 2026-09-30' to fi
WARNING: Setting default language of 'deprecated on 2026-09-30' to fi
WARNING: Setting default language of 'deprecated on 2026-09-30' to fi
WARNING: Setting default language of 'deprecated on 2026-09-30' to fi
WARNING: Setting default language of 'deprecated on 2026-09-30' to fi
WARNING: Setting default language of 'deprecated on 2026-09-30' to fi
WARNING: Setting default language of 'deprecated on 2026-09-30' to fi
WARNING: Setting default language of 'deprecated on 2026-09-30' to fi
WARNING: Setting default language of 'deprecated on 2026-09-30' to fi
WARNING: Setting default language of 'deprecated on 2026-09-30' to fi
WARNING: Setting default language of 'deprecated on 2026-09-30' to fi
WARNING: Setting default language of 'deprecated on 2026-09-30' to fi
WARNING: Setting default language of 'deprecated on 2026-09-30' to fi
WARNING: Setting default language of 'deprecated on 2026-09-30' to fi
WARNING: Setting default language of 'deprecated on 2026-09-30' to fi
WARNING: Setting default language of 'deprecated on 2026-09-30' to fi
WARNING: Setting default language of 'deprecated on 2026-09-30' to fi
WARNING: Setting default language of 'deprecated on 2026-09-30' to fi
WARNING: Setting default language of 'deprecated on 2026-09-30' to fi
WARNING: Setting default language of 'deprecated on 2026-09-30' to fi
WARNING: Setting default language of 'deprecated on 2026-09-30' to fi
WARNING: Setting default language of 'deprecated on 2026-09-30' to fi
WARNING: Setting default language of 'deprecated on 2026-09-30' to fi
WARNING: Setting default language of 'deprecated on 2026-09-30' to fi
WARNING: Setting default language of 'deprecated on 2026-09-30' to fi
WARNING: Setting default language of 'deprecated on 2026-09-30' to fi
WARNING: Setting default language of 'deprecated on 2026-09-30' to fi
WARNING: Setting default language of 'deprecated on 2026-09-30' to fi
WARNING: Setting default language of 'deprecated on 2026-09-30' to fi
WARNING: Setting default language of 'deprecated on 2026-09-30' to fi
WARNING: Setting default language of 'deprecated on 2026-09-30' to fi
WARNING: Setting default language of 'deprecated on 2026-09-30' to fi
WARNING: Setting default language of 'deprecated on 2026-09-30' to fi
WARNING: Setting default language of 'deprecated on 2026-09-30' to fi
WARNING: Setting default language of 'deprecated on 2026-09-30' to fi
WARNING: Setting default language of 'deprecated on 2026-09-30' to fi
WARNING: Setting default language of 'deprecated on 2026-09-30' to fi
WARNING: Setting default language of 'deprecated on 2026-09-30' to fi
WARNING: Setting default language of 'deprecated on 2026-09-30' to fi
WARNING: Setting default language of 'deprecated on 2026-09-30' to fi
WARNING: Setting default language of 'deprecated on 2026-09-30' to fi
WARNING: Setting default language of 'deprecated on 2026-09-30' to fi
WARNING: Setting default language of 'deprecated on 2026-09-30' to fi
WARNING: Setting default language of 'deprecated on 2026-09-30' to fi
WARNING: Setting default language of 'deprecated on 2026-09-30' to fi
WARNING: Setting default language of 'deprecated on 2026-09-30' to fi
WARNING: Setting default language of 'deprecated on 2026-09-30' to fi
WARNING: Setting default language of 'deprecated on 2026-09-30' to fi
WARNING: Setting default language of 'deprecated on 2026-09-30' to fi
WARNING: Setting default language of 'deprecated on 2026-09-30' to fi
WARNING: Setting default language of 'deprecated on 2026-09-30' to fi
WARNING: Setting default language of 'deprecated on 2026-09-30' to fi
WARNING: Setting default language of 'deprecated on 2026-09-30' to fi
WARNING: Setting default language of 'deprecated on 2026-09-30' to fi
WARNING: Setting default language of 'deprecated on 2026-09-30' to fi
WARNING: Setting default language of 'deprecated on 2026-09-30' to fi
WARNING: Setting default language of 'deprecated on 2026-09-30' to fi
WARNING: Setting default language of 'deprecated on 2026-09-30' to fi
WARNING: Setting default language of 'deprecated on 2026-09-30' to fi
WARNING: Setting default language of 'deprecated on 2026-09-30' to fi
WARNING: Setting default language of 'deprecated on 2026-09-30' to fi
WARNING: Setting default language of 'deprecated on 2026-09-30' to fi
WARNING: Setting default language of 'deprecated on 2026-09-30' to fi
WARNING: Setting default language of 'deprecated on 2026-09-30' to fi
WARNING: Setting default language of 'deprecated on 2026-09-30' to fi
WARNING: Setting default language of 'deprecated on 2026-09-30' to fi
WARNING: Setting default language of 'deprecated on 2026-09-30' to fi
WARNING: Setting default language of 'deprecated on 2026-09-30' to fi
WARNING: Setting default language of 'deprecated on 2026-09-30' to fi
WARNING: Setting default language of 'deprecated on 2026-09-30' to fi
WARNING: Setting default language of 'deprecated on 2026-09-30' to fi
WARNING: Setting default language of 'deprecated on 2026-09-30' to fi
WARNING: Setting default language of 'deprecated on 2026-09-30' to fi
WARNING: Setting default language of 'deprecated on 2026-09-30' to fi
WARNING: Setting default language of 'deprecated on 2026-09-30' to fi
WARNING: Setting default language of 'deprecated on 2026-09-30' to fi
WARNING: Setting default language of 'deprecated on 2026-09-30' to fi
WARNING: Setting default language of 'deprecated on 2026-09-30' to fi
WARNING: Setting default language of 'deprecated on 2026-09-30' to fi
WARNING: Setting default language of 'deprecated on 2026-09-30' to fi
WARNING: Setting default language of 'deprecated on 2026-09-30' to fi
WARNING: Setting default language of 'deprecated on 2026-10-02' to fi
WARNING: Setting default language of 'deprecated on 2026-09-30' to fi
WARNING: Setting default language of 'deprecated on 2026-09-30' to fi
WARNING: Setting default language of 'deprecated on 2026-09-30' to fi
WARNING: Setting default language of 'deprecated on 2026-09-30' to fi
WARNING: Setting default language of 'deprecated on 2026-09-30' to fi
WARNING: Setting default language of 'deprecated on 2026-09-30' to fi
WARNING: Setting default language of 'deprecated on 2026-09-30' to fi
WARNING: Setting default language of 'deprecated on 2026-09-30' to fi
WARNING: Setting default language of 'deprecated on 2026-09-30' to fi
WARNING: Setting default language of 'deprecated on 2026-09-30' to fi
WARNING: Setting default language of 'deprecated on 2026-09-30' to fi
WARNING: Setting default language of 'deprecated on 2026-09-30' to fi
WARNING: Setting default language of 'deprecated on 2026-09-30' to fi
WARNING: Setting default language of 'deprecated on 2026-09-30' to fi
WARNING: Setting default language of 'deprecated on 2026-09-30' to fi
WARNING: Setting default language of 'deprecated on 2026-09-30' to fi
WARNING: Setting default language of 'deprecated on 2026-09-30' to fi
WARNING: Setting default language of 'deprecated on 2026-09-30' to fi
WARNING: Setting default language of 'deprecated on 2026-09-30' to fi
WARNING: Setting default language of 'deprecated on 2026-10-02' to fi
WARNING: Setting default language of 'deprecated on 2026-09-30' to fi
WARNING: Setting default language of 'deprecated on 2026-09-30' to fi
WARNING: Setting default language of 'deprecated on 2026-09-30' to fi
WARNING: Setting default language of 'deprecated on 2026-09-30' to fi
WARNING: Setting default language of 'deprecated on 2026-09-30' to fi
WARNING: Setting default language of 'deprecated on 2026-09-30' to fi
WARNING: Setting default language of 'deprecated on 2026-09-30' to fi
WARNING: Setting default language of 'deprecated on 2026-09-30' to fi
WARNING: Setting default language of 'deprecated on 2026-09-30' to fi
WARNING: Setting default language of 'deprecated on 2026-09-30' to fi
WARNING: Setting default language of 'deprecated on 2026-09-30' to fi
WARNING: Setting default language of 'deprecated on 2026-10-02' to fi
WARNING: Setting default language of 'deprecated on 2026-09-30' to fi
WARNING: Setting default language of 'deprecated on 2026-09-30' to fi
WARNING: Setting default language of 'deprecated on 2026-09-30' to fi
WARNING: Setting default language of 'deprecated on 2026-09-30' to fi
WARNING: Setting default language of 'deprecated on 2026-09-30' to fi
WARNING: Setting default language of 'deprecated on 2026-09-30' to fi
WARNING: Setting default language of 'deprecated on 2026-09-30' to fi
WARNING: Setting default language of 'deprecated on 2026-09-30' to fi
WARNING: Setting default language of 'deprecated on 2026-09-30' to fi
WARNING: Setting default language of 'deprecated on 2026-09-30' to fi
WARNING: Setting default language of 'deprecated on 2026-09-30' to fi
WARNING: Setting default language of 'deprecated on 2026-09-30' to fi
WARNING: Setting default language of 'deprecated on 2026-09-30' to fi
WARNING: Setting default language of 'deprecated on 2026-09-30' to fi
WARNING: Setting default language of 'deprecated on 2026-09-30' to fi
WARNING: Setting default language of 'deprecated on 2026-09-30' to fi
WARNING: Setting default language of 'deprecated on 2026-09-30' to fi
WARNING: Setting default language of 'deprecated on 2026-09-30' to fi
WARNING: Setting default language of 'deprecated on 2026-09-30' to fi
WARNING: Setting default language of 'deprecated on 2026-09-30' to fi
WARNING: Setting default language of 'deprecated on 2026-09-30' to fi
WARNING: Setting default language of 'deprecated on 2026-09-30' to fi
WARNING: Setting default language of 'deprecated on 2026-09-30' to fi
WARNING: Setting default language of 'deprecated on 2026-09-30' to fi
WARNING: Setting default language of 'deprecated on 2026-09-30' to fi
WARNING: Setting default language of 'deprecated on 2026-09-30' to fi
WARNING: Setting default language of 'deprecated on 2026-09-30' to fi
WARNING: Setting default language of 'deprecated on 2026-09-30' to fi
WARNING: Setting default language of 'deprecated on 2026-09-30' to fi
WARNING: Setting default language of 'deprecated on 2026-09-30' to fi
WARNING: Setting default language of 'deprecated on 2026-09-30' to fi
WARNING: Setting default language of 'deprecated on 2026-09-30' to fi
WARNING: Setting default language of 'deprecated on 2026-09-30' to fi
WARNING: Setting default language of 'deprecated on 2026-09-30' to fi
WARNING: Setting default language of 'deprecated on 2026-09-30' to fi
WARNING: Setting default language of 'deprecated on 2026-09-30' to fi
WARNING: Setting default language of 'deprecated on 2026-09-30' to fi
WARNING: Setting default language of 'deprecated on 2026-09-30' to fi
WARNING: Setting default language of 'deprecated on 2026-09-30' to fi
WARNING: Setting default language of 'deprecated on 2026-09-30' to fi
WARNING: Setting default language of 'deprecated on 2026-09-30' to fi
WARNING: Setting default language of 'deprecated on 2026-09-30' to fi
WARNING: Setting default language of 'deprecated on 2026-09-30' to fi
WARNING: Setting default language of 'deprecated on 2026-09-30' to fi
WARNING: Setting default language of 'deprecated on 2026-09-30' to fi
WARNING: Setting default language of 'deprecated on 2026-09-30' to fi
WARNING: Setting default language of 'deprecated on 2026-09-30' to fi
WARNING: Setting default language of 'deprecated on 2026-09-30' to fi
WARNING: Setting default language of 'deprecated on 2026-09-30' to fi
WARNING: Setting default language of 'deprecated on 2026-09-30' to fi
WARNING: Setting default language of 'deprecated on 2026-09-30' to fi
WARNING: Setting default language of 'deprecated on 2026-09-30' to fi
WARNING: Setting default language of 'deprecated on 2026-09-30' to fi
WARNING: Setting default language of 'deprecated on 2026-09-30' to fi
WARNING: Setting default language of 'deprecated on 2026-09-30' to fi
WARNING: Setting default language of 'deprecated on 2026-09-30' to fi
WARNING: Setting default language of 'deprecated on 2026-09-30' to fi
WARNING: Setting default language of 'deprecated on 2026-09-30' to fi
WARNING: Setting default language of 'deprecated on 2026-09-30' to fi
WARNING: Setting default language of 'deprecated on 2026-09-30' to fi
WARNING: Setting default language of 'deprecated on 2026-09-30' to fi
WARNING: Setting default language of 'deprecated on 2026-09-30' to fi
WARNING: Setting default language of 'deprecated on 2026-09-30' to fi
WARNING: Setting default language of 'deprecated on 2026-09-30' to fi
WARNING: Setting default language of 'deprecated on 2026-09-30' to fi
WARNING: Setting default language of 'deprecated on 2026-09-30' to fi
WARNING: Setting default language of 'deprecated on 2026-09-30' to fi
WARNING: Setting default language of 'deprecated on 2026-09-30' to fi
WARNING: Setting default language of 'deprecated on 2026-09-30' to fi
WARNING: Setting default language of 'deprecated on 2026-09-30' to fi
WARNING: Setting default language of 'deprecated on 2026-09-30' to fi
WARNING: Setting default language of 'deprecated on 2026-09-30' to fi
WARNING: Setting default language of 'deprecated on 2026-09-30' to fi
WARNING: Setting default language of 'deprecated on 2026-09-30' to fi
WARNING: Setting default language of 'deprecated on 2026-09-30' to fi
WARNING: Setting default language of 'deprecated on 2026-09-30' to fi
WARNING: Setting default language of 'deprecated on 2026-09-30' to fi
WARNING: Setting default language of 'deprecated on 2026-09-30' to fi
WARNING: Setting default language of 'deprecated on 2026-09-30' to fi
WARNING: Setting default language of 'deprecated on 2026-09-30' to fi
WARNING: Setting default language of 'deprecated on 2026-09-30' to fi
WARNING: Setting default language of 'deprecated on 2026-09-30' to fi
WARNING: Setting default language of 'deprecated on 2026-09-30' to fi
WARNING: Setting default language of 'deprecated on 2026-09-30' to fi
WARNING: Setting default language of 'deprecated on 2026-09-30' to fi
WARNING: Setting default language of 'deprecated on 2026-09-30' to fi
WARNING: Setting default language of 'deprecated on 2026-09-30' to fi
WARNING: Setting default language of 'deprecated on 2026-09-30' to fi
WARNING: Setting default language of 'deprecated on 2026-09-30' to fi
WARNING: Setting default language of 'deprecated on 2026-09-30' to fi
WARNING: Setting default language of 'deprecated on 2026-09-30' to fi
WARNING: Setting default language of 'deprecated on 2026-09-30' to fi
WARNING: Setting default language of 'deprecated on 2026-09-30' to fi
WARNING: Setting default language of 'deprecated on 2026-09-30' to fi
WARNING: Setting default language of 'deprecated on 2026-09-30' to fi
WARNING: Setting default language of 'deprecated on 2026-09-30' to fi
WARNING: Setting default language of 'deprecated on 2026-09-30' to fi
WARNING: Setting default language of 'deprecated on 2026-09-30' to fi
WARNING: Setting default language of 'deprecated on 2026-09-30' to fi
WARNING: Setting default language of 'deprecated on 2026-09-30' to fi
WARNING: Setting default language of 'deprecated on 2026-09-30' to fi
WARNING: Setting default language of 'deprecated on 2026-09-30' to fi
WARNING: Setting default language of 'deprecated on 2026-09-30' to fi
WARNING: Setting default language of 'deprecated on 2026-09-30' to fi
WARNING: Setting default language of 'deprecated on 2026-09-30' to fi
WARNING: Setting default language of 'deprecated on 2026-09-30' to fi
WARNING: Setting default language of 'deprecated on 2026-09-30' to fi
WARNING: Setting default language of 'deprecated on 2026-09-30' to fi
WARNING: Setting default language of 'deprecated on 2026-09-30' to fi
WARNING: Setting default language of 'deprecated on 2026-09-30' to fi
WARNING: Setting default language of 'deprecated on 2026-09-30' to fi
WARNING: Setting default language of 'deprecated on 2026-09-30' to fi
WARNING: Setting default language of 'deprecated on 2026-09-30' to fi
WARNING: Setting default language of 'deprecated on 2026-09-30' to fi
WARNING: Setting default language of 'deprecated on 2026-09-30' to fi
WARNING: Setting default language of 'deprecated on 2026-09-30' to fi
WARNING: Setting default language of 'deprecated on 2026-09-30' to fi
WARNING: Setting default language of 'deprecated on 2026-09-30' to fi
WARNING: Setting default language of 'deprecated on 17.01.2018' to fi
WARNING: Setting default language of 'deprecated on 26.05.2016' to fi
WARNING: Setting default language of 'deprecated on 08.08.2018' to fi
WARNING: Setting default language of 'deprecated on 09.06.2014' to fi
WARNING: Setting default language of 'deprecated on 2019-05-14' to fi
WARNING: Setting default language of 'deprecated on 03.10.2018' to fi
WARNING: Setting default language of 'deprecated on 10.12.2015' to fi
WARNING: Setting default language of 'deprecated on 10.12.2015' to fi
WARNING: Setting default language of 'deprecated on 2019-05-16' to fi
WARNING: Setting default language of 'deprecated on 10.12.2015' to fi
WARNING: Setting default language of 'deprecated on 10.12.2015' to fi
WARNING: Setting default language of 'deprecated on 2018-12-14' to fi
WARNING: Setting default language of 'deprecated on 2019-05-21' to fi
WARNING: Setting default language of 'deprecated on 10.12.2015' to fi
WARNING: Setting default language of 'deprecated on 10.12.2015' to fi
WARNING: Setting default language of 'deprecated on 08.08.2018' to fi
WARNING: Setting default language of 'deprecated on 26.05.2016' to fi
WARNING: Setting default language of 'deprecated on 20.12.2016' to fi
WARNING: Setting default language of 'deprecated on 20.12.2016' to fi
WARNING: Setting default language of 'deprecated on 10.12.2015' to fi
WARNING: Setting default language of 'deprecated on 2020-02-22' to fi
WARNING: Setting default language of 'deprecated on 2020-02-22' to fi
WARNING: Setting default language of 'deprecated on 2024-01-23' to fi
WARNING: Setting default language of 'deprecated on 10.12.2015' to fi
WARNING: Setting default language of 'deprecated on 2019-05-15' to fi
WARNING: Setting default language of 'deprecated on 10.12.2015' to fi
WARNING: Setting default language of 'deprecated on 26.05.2016' to fi
WARNING: Setting default language of 'deprecated on 2022-11-08' to fi
WARNING: Setting default language of 'deprecated on 10.12.2015' to fi
WARNING: Setting default language of 'deprecated on 24.09.2014' to fi
WARNING: Setting default language of 'deprecated on 18.02.2014' to fi
WARNING: Setting default language of 'deprecated on 24.09.2014' to fi
WARNING: Setting default language of 'deprecated on 10.12.2015' to fi
WARNING: Setting default language of 'deprecated on 05.09.2011' to fi
WARNING: Setting default language of 'deprecated on 24.09.2014' to fi
WARNING: Setting default language of 'deprecated on 10.12.2015' to fi
WARNING: Setting default language of 'deprecated on 18.02.2014' to fi
WARNING: Setting default language of 'deprecated on 2019-02-26' to fi
WARNING: Setting default language of 'deprecated on 2019-02-26' to fi
WARNING: Setting default language of 'deprecated on 2022-01-26' to fi
WARNING: Setting default language of 'deprecated on 2019-04-10' to fi
WARNING: Setting default language of 'deprecated on 10.12.2015' to fi
WARNING: Setting default language of 'deprecated on 24.09.2014' to fi
WARNING: Setting default language of 'deprecated on 2019-05-21' to fi
WARNING: Setting default language of 'deprecated on 26.05.2016' to fi
WARNING: Setting default language of 'deprecated on 10.12.2015' to fi
WARNING: Setting default language of 'deprecated on 2019-05-14' to fi
WARNING: Setting default language of 'deprecated on 2024-08-20' to fi
WARNING: Setting default language of 'deprecated on 10.12.2015' to fi
WARNING: Setting default language of 'deprecated on 10.04.2014' to fi
WARNING: Setting default language of 'deprecated on 10.04.2014' to fi
WARNING: Setting default language of 'deprecated on 2021-06-25' to fi
WARNING: Setting default language of 'deprecated on 24.09.2014' to fi
WARNING: Setting default language of 'deprecated on 24.09.2014' to fi
WARNING: Setting default language of 'deprecated on 26.05.2016' to fi
WARNING: Setting default language of 'deprecated on 2022-04-22' to fi
WARNING: Setting default language of 'deprecated on 10.04.2014' to fi
WARNING: Setting default language of 'deprecated on 30.01.2018' to fi
WARNING: Setting default language of 'deprecated on 2022-02-05' to fi
WARNING: Setting default language of 'deprecated on 26.05.2016' to fi
WARNING: Setting default language of 'deprecated on 05.09.2011' to fi
WARNING: Setting default language of 'deprecated on 26.05.2016' to fi
WARNING: Setting default language of 'deprecated on 2022-06-22' to fi
WARNING: Setting default language of 'deprecated on 10.12.2015' to fi
WARNING: Setting default language of 'deprecated on 17.01.2018' to fi
WARNING: Setting default language of 'deprecated on 10.12.2015' to fi
WARNING: Setting default language of 'deprecated on 2020-09-02' to fi
WARNING: Setting default language of 'deprecated on 24.09.2014' to fi
WARNING: Setting default language of 'deprecated on 2025-05-10' to fi
WARNING: Setting default language of 'deprecated on 10.12.2015' to fi
WARNING: Setting default language of 'deprecated on 2019-05-17' to fi
WARNING: Setting default language of 'deprecated on 26.05.2016' to fi
WARNING: Setting default language of 'deprecated on 10.12.2015' to fi
WARNING: Setting default language of 'deprecated on 2021-11-04' to fi
WARNING: Setting default language of 'deprecated on 2021-11-04' to fi
WARNING: Setting default language of 'deprecated on 2021-06-25' to fi
WARNING: Setting default language of 'deprecated on 10.12.2015' to fi
WARNING: Setting default language of 'deprecated on 26.05.2016' to fi
WARNING: Setting default language of 'deprecated on 10.12.2015' to fi
WARNING: Setting default language of 'deprecated on 10.11.2016' to fi
WARNING: Setting default language of 'deprecated on 24.09.2014' to fi
WARNING: Setting default language of 'deprecated on 24.09.2014' to fi
WARNING: Setting default language of 'deprecated on 24.09.2014' to fi
WARNING: Setting default language of 'deprecated on 26.05.2016' to fi
WARNING: Setting default language of 'deprecated on 10.04.2014' to fi
WARNING: Setting default language of 'deprecated on 2025-12-15' to fi
WARNING: Setting default language of 'deprecated on 26.05.2016' to fi
WARNING: Setting default language of 'deprecated on 26.05.2016' to fi
WARNING: Setting default language of 'deprecated on 2023-09-27' to fi
WARNING: Setting default language of 'deprecated on 10.04.2014' to fi
WARNING: Setting default language of 'deprecated on 18.02.2014' to fi
WARNING: Setting default language of 'deprecated on 05.09.2011' to fi
WARNING: Setting default language of 'deprecated on 24.09.2014' to fi
WARNING: Setting default language of 'deprecated on 18.02.2014' to fi
WARNING: Setting default language of 'deprecated on 24.09.2014' to fi
WARNING: Setting default language of 'deprecated on 26.05.2016' to fi
WARNING: Setting default language of 'deprecated on 2025-04-09' to fi
WARNING: Setting default language of 'deprecated on 08.08.2018' to fi
WARNING: Setting default language of 'deprecated on 2019-05-21' to fi
WARNING: Setting default language of 'deprecated on 2020-06-23' to fi
WARNING: Setting default language of 'deprecated on 10.12.2015' to fi
WARNING: Setting default language of 'deprecated on 26.05.2016' to fi
WARNING: Setting default language of 'deprecated on 10.12.2015' to fi
WARNING: Setting default language of 'deprecated on 2019-05-21' to fi
WARNING: Setting default language of 'deprecated on 2020-02-22' to fi
WARNING: Setting default language of 'deprecated on 26.05.2016' to fi
WARNING: Setting default language of 'deprecated on 21.02.2012' to fi
WARNING: Setting default language of 'deprecated on 2024-01-17' to fi
WARNING: Setting default language of 'deprecated on 24.09.2014' to fi
WARNING: Setting default language of 'deprecated on 10.12.2015' to fi
WARNING: Setting default language of 'deprecated on 2019-02-15' to fi
WARNING: Setting default language of 'deprecated on 2026-01-21' to fi
WARNING: Setting default language of 'deprecated on 24.09.2014' to fi
WARNING: Setting default language of 'deprecated on 21.02.2012' to fi
WARNING: Setting default language of 'deprecated on 2025-12-15' to fi
WARNING: Setting default language of 'deprecated on 2024-01-17' to fi
WARNING: Setting default language of 'deprecated on 24.09.2014' to fi
WARNING: Setting default language of 'deprecated on 24.09.2014' to fi
WARNING: Setting default language of 'deprecated on 26.05.2016' to fi
WARNING: Setting default language of 'deprecated on 09.06.2014' to fi
WARNING: Setting default language of 'deprecated on 05.09.2016' to fi
WARNING: Setting default language of 'deprecated on 18.02.2014' to fi
WARNING: Setting default language of 'deprecated on 05.09.2016' to fi
WARNING: Setting default language of 'deprecated on 2019-05-15' to fi
WARNING: Setting default language of 'deprecated on 2019-03-08' to fi
WARNING: Setting default language of 'deprecated on 2021-01-19' to fi
WARNING: Setting default language of 'deprecated on 26.05.2016' to fi
WARNING: Setting default language of 'deprecated on 18.02.2014' to fi
WARNING: Setting default language of 'deprecated on 21.02.2012' to fi
WARNING: Setting default language of 'deprecated on 2023-06-01' to fi
WARNING: Setting default language of 'deprecated on 24.09.2014' to fi
WARNING: Setting default language of 'deprecated on 2023-09-27' to fi
WARNING: Setting default language of 'deprecated on 10.12.2015' to fi
WARNING: Setting default language of 'deprecated on 26.05.2016' to fi
WARNING: Setting default language of 'deprecated on 2019-01-03' to fi
WARNING: Setting default language of 'deprecated on 05.10.2018' to fi
WARNING: Setting default language of 'deprecated on 10.12.2015' to fi
WARNING: Setting default language of 'deprecated on 26.05.2016' to fi
WARNING: Setting default language of 'deprecated on 24.09.2014' to fi
WARNING: Setting default language of 'deprecated on 2020-05-15' to fi
WARNING: Setting default language of 'deprecated on 2019-05-15' to fi
WARNING: Setting default language of 'deprecated on 24.09.2014' to fi
WARNING: Setting default language of 'deprecated on 24.09.2014' to fi
WARNING: Setting default language of 'deprecated on 24.09.2014' to fi
WARNING: Setting default language of 'deprecated on 26.05.2016' to fi
WARNING: Setting default language of 'deprecated on 10.04.2014' to fi
WARNING: Setting default language of 'deprecated on 10.12.2015' to fi
WARNING: Setting default language of 'deprecated on 10.12.2015' to fi
WARNING: Setting default language of 'deprecated on 13.03.2018' to fi
WARNING: Setting default language of 'deprecated on 24.09.2014' to fi
WARNING: Setting default language of 'deprecated on 2019-03-08' to fi
WARNING: Setting default language of 'deprecated on 26.05.2016' to fi
WARNING: Setting default language of 'deprecated on 26.05.2016' to fi
WARNING: Setting default language of 'deprecated on 26.05.2016' to fi
WARNING: Setting default language of 'deprecated on 2019-02-15' to fi
WARNING: Setting default language of 'deprecated on 09.06.2014' to fi
WARNING: Setting default language of 'deprecated on 26.05.2016' to fi
WARNING: Setting default language of 'deprecated on 2025-05-09' to fi
WARNING: Setting default language of 'deprecated on 2019-05-15' to fi
WARNING: Setting default language of 'deprecated on 09.02.2018' to fi
WARNING: Setting default language of 'deprecated on 26.05.2016' to fi
WARNING: Setting default language of 'deprecated on 24.09.2014' to fi
WARNING: Setting default language of 'deprecated on 24.09.2014' to fi
WARNING: Setting default language of 'deprecated on 2026-04-21' to fi
WARNING: Setting default language of 'deprecated on 13.04.2017' to fi
WARNING: Setting default language of 'deprecated on 2024-04-05' to fi
WARNING: Setting default language of 'deprecated on 10.12.2015' to fi
WARNING: Setting default language of 'deprecated on 05.01.2018' to fi
WARNING: Setting default language of 'deprecated on 24.09.2014' to fi
WARNING: Setting default language of 'deprecated on 26.05.2016' to fi
WARNING: Setting default language of 'deprecated on 24.09.2014' to fi
WARNING: Setting default language of 'deprecated on 2019-05-17' to fi
WARNING: Setting default language of 'deprecated on 10.12.2015' to fi
WARNING: Setting default language of 'deprecated on 10.12.2015' to fi
WARNING: Setting default language of 'deprecated on 03.07.2012' to fi
WARNING: Setting default language of 'deprecated on 2019-02-15' to fi
WARNING: Setting default language of 'deprecated on 24.09.2014' to fi
WARNING: Setting default language of 'deprecated on 2025-12-15' to fi
WARNING: Setting default language of 'deprecated on 2021-06-08' to fi
WARNING: Setting default language of 'deprecated on 17.01.2018' to fi
WARNING: Setting default language of 'deprecated on 2021-06-25' to fi
WARNING: Setting default language of 'deprecated on 09.06.2014' to fi
WARNING: Setting default language of 'deprecated on 24.09.2014' to fi
WARNING: Setting default language of 'deprecated on 2019-11-14' to fi
WARNING: Setting default language of 'deprecated on 10.12.2015' to fi
WARNING: Setting default language of 'deprecated on 10.12.2015' to fi
WARNING: Setting default language of 'deprecated on 26.05.2016' to fi
WARNING: Setting default language of 'deprecated on 18.02.2014' to fi
WARNING: Setting default language of 'deprecated on 05.09.2016' to fi
WARNING: Setting default language of 'deprecated on 2019-05-15' to fi
WARNING: Setting default language of 'deprecated on 13.03.2018' to fi
WARNING: Setting default language of 'deprecated on 26.05.2016' to fi
WARNING: Setting default language of 'deprecated on 05.10.2018' to fi
WARNING: Setting default language of 'deprecated on 2022-01-26' to fi
WARNING: Setting default language of 'deprecated on 17.01.2018' to fi
WARNING: Setting default language of 'deprecated on 10.12.2015' to fi
WARNING: Setting default language of 'deprecated on 03.10.2018' to fi
WARNING: Setting default language of 'deprecated on 2019-04-10' to fi
WARNING: Setting default language of 'deprecated on 2019-02-19' to fi
WARNING: Setting default language of 'deprecated on 24.09.2014' to fi
WARNING: Setting default language of 'deprecated on 2025-05-09' to fi
WARNING: Setting default language of 'deprecated on 10.12.2015' to fi
WARNING: Setting default language of 'deprecated on 17.04.2018' to fi
WARNING: Setting default language of 'deprecated on 2024-11-06' to fi
WARNING: Setting default language of 'deprecated on 26.05.2016' to fi
WARNING: Setting default language of 'deprecated on 09.06.2014' to fi
WARNING: Setting default language of 'deprecated on 20.12.2016' to fi
WARNING: Setting default language of 'deprecated on 10.12.2015' to fi
WARNING: Setting default language of 'deprecated on 2024-08-20' to fi
WARNING: Setting default language of 'deprecated on 09.06.2014' to fi
WARNING: Setting default language of 'deprecated on 10.12.2015' to fi
WARNING: Setting default language of 'deprecated on 21.02.2012' to fi
WARNING: Setting default language of 'deprecated on 24.09.2014' to fi
WARNING: Setting default language of 'deprecated on 26.05.2016' to fi
WARNING: Setting default language of 'deprecated on 2025-04-09' to fi
WARNING: Setting default language of 'deprecated on 05.09.2011' to fi
WARNING: Setting default language of 'deprecated on 24.09.2014' to fi
WARNING: Setting default language of 'deprecated on 24.09.2014' to fi
WARNING: Setting default language of 'deprecated on 09.06.2014' to fi
WARNING: Setting default language of 'deprecated on 02.10.2018' to fi
WARNING: Setting default language of 'deprecated on 24.09.2014' to fi
WARNING: Setting default language of 'deprecated on 24.09.2014' to fi
WARNING: Setting default language of 'deprecated on 2021-05-29' to fi
WARNING: Setting default language of 'deprecated on 10.04.2014' to fi
WARNING: Setting default language of 'deprecated on 15.09.2017' to fi
WARNING: Setting default language of 'deprecated on 05.09.2011' to fi
WARNING: Setting default language of 'deprecated on 24.09.2014' to fi
WARNING: Setting default language of 'deprecated on 2022-11-08' to fi
WARNING: Setting default language of 'deprecated on 17.01.2018' to fi
WARNING: Setting default language of 'deprecated on 09.06.2014' to fi
WARNING: Setting default language of 'deprecated on 10.12.2015' to fi
WARNING: Setting default language of 'deprecated on 18.02.2014' to fi
WARNING: Setting default language of 'deprecated on 24.09.2014' to fi
WARNING: Setting default language of 'deprecated on 09.06.2014' to fi
WARNING: Setting default language of 'deprecated on 10.12.2015' to fi
WARNING: Setting default language of 'deprecated on 24.09.2014' to fi
WARNING: Setting default language of 'deprecated on 10.12.2015' to fi
WARNING: Setting default language of 'deprecated on 10.12.2015' to fi
WARNING: Setting default language of 'deprecated on 10.12.2015' to fi
WARNING: Setting default language of 'deprecated on 21.02.2012' to fi
WARNING: Setting default language of 'deprecated on 05.01.2018' to fi
WARNING: Setting default language of 'deprecated on 05.01.2018' to fi
WARNING: Setting default language of 'deprecated on 09.06.2014' to fi
WARNING: Setting default language of 'deprecated on 24.09.2014' to fi
WARNING: Setting default language of 'deprecated on 24.09.2014' to fi
WARNING: Setting default language of 'deprecated on 19.09.2017' to fi
WARNING: Setting default language of 'deprecated on 09.06.2014' to fi
WARNING: Setting default language of 'deprecated on 26.05.2016' to fi
WARNING: Setting default language of 'deprecated on 10.11.2016' to fi
WARNING: Setting default language of 'deprecated on 26.05.2016' to fi
WARNING: Setting default language of 'deprecated on 11.01.2018' to fi
WARNING: Setting default language of 'deprecated on 24.09.2014' to fi
WARNING: Setting default language of 'deprecated on 2024-11-06' to fi
WARNING: Setting default language of 'deprecated on 2025-05-10' to fi
WARNING: Setting default language of 'deprecated on 09.06.2014' to fi
WARNING: Setting default language of 'deprecated on 24.09.2014' to fi
WARNING: Setting default language of 'deprecated on 2021-05-29' to fi
WARNING: Setting default language of 'deprecated on 24.09.2014' to fi
WARNING: Setting default language of 'deprecated on 2021-05-29' to fi
WARNING: Setting default language of 'deprecated on 24.09.2014' to fi
WARNING: Setting default language of 'deprecated on 2023-02-18' to fi
WARNING: Setting default language of 'deprecated on 2022-04-22' to fi
WARNING: Setting default language of 'deprecated on 10.12.2015' to fi
WARNING: Setting default language of 'deprecated on 24.09.2014' to fi
WARNING: Setting default language of 'deprecated on 24.09.2014' to fi
WARNING: Setting default language of 'deprecated on 26.05.2016' to fi
WARNING: Setting default language of 'deprecated on 08.08.2018' to fi
WARNING: Setting default language of 'deprecated on 08.08.2018' to fi
WARNING: Setting default language of 'deprecated on 08.08.2018' to fi
WARNING: Setting default language of 'deprecated on 08.08.2018' to fi
WARNING: Setting default language of 'deprecated on 26.05.2016' to fi
WARNING: Setting default language of 'deprecated on 08.08.2018' to fi
WARNING: Setting default language of 'deprecated on 11.04.2017' to fi
WARNING: Setting default language of 'deprecated on 19.09.2017' to fi
WARNING: Setting default language of 'deprecated on 05.09.2011' to fi
WARNING: Setting default language of 'deprecated on 2019-05-15' to fi
WARNING: Setting default language of 'deprecated on 07.02.2017' to fi
WARNING: Setting default language of 'deprecated on 26.05.2016' to fi
WARNING: Setting default language of 'deprecated on 10.12.2015' to fi
WARNING: Setting default language of 'deprecated on 2019-06-10' to fi
WARNING: Setting default language of 'deprecated on 08.08.2018' to fi
WARNING: Setting default language of 'deprecated on 26.05.2016' to fi
WARNING: Setting default language of 'deprecated on 08.08.2018' to fi
WARNING: Setting default language of 'deprecated on 26.05.2016' to fi
WARNING: Setting default language of 'deprecated on 10.12.2015' to fi
WARNING: Setting default language of 'deprecated on 08.08.2018' to fi
WARNING: Setting default language of 'deprecated on 10.12.2015' to fi
WARNING: Setting default language of 'deprecated on 24.09.2014' to fi
WARNING: Setting default language of 'deprecated on 21.02.2012' to fi
WARNING: Setting default language of 'deprecated on 20.12.2016' to fi
WARNING: Setting default language of 'deprecated on 2020-12-01' to fi
WARNING: Setting default language of 'deprecated on 17.01.2018' to fi
WARNING: Setting default language of 'deprecated on 24.09.2014' to fi
WARNING: Setting default language of 'deprecated on 2019-05-11' to fi
WARNING: Setting default language of 'deprecated on 24.09.2014' to fi
WARNING: Setting default language of 'deprecated on 2019-02-26' to fi
WARNING: Setting default language of 'deprecated on 24.09.2014' to fi
WARNING: Setting default language of 'deprecated on 10.12.2015' to fi
WARNING: Setting default language of 'deprecated on 26.05.2016' to fi
WARNING: Setting default language of 'deprecated on 2018-12-19' to fi
WARNING: Setting default language of 'deprecated on 10.12.2015' to fi
WARNING: Setting default language of 'deprecated on 10.12.2015' to fi
WARNING: Setting default language of 'deprecated on 10.12.2015' to fi
WARNING: Setting default language of 'deprecated on 2021-11-05' to fi
WARNING: Setting default language of 'deprecated on 08.08.2018' to fi
WARNING: Setting default language of 'deprecated on 18.12.2013' to fi
WARNING: Setting default language of 'deprecated on 26.05.2016' to fi
WARNING: Setting default language of 'deprecated on 26.05.2016' to fi
WARNING: Setting default language of 'deprecated on 10.12.2015' to fi
WARNING: Setting default language of 'deprecated on 2019-05-21' to fi
WARNING: Setting default language of 'deprecated on 10.12.2015' to fi
WARNING: Setting default language of 'deprecated on 24.09.2014' to fi
WARNING: Setting default language of 'deprecated on 2019-02-22' to fi
WARNING: Setting default language of 'deprecated on 10.04.2014' to fi
WARNING: Setting default language of 'deprecated on 24.09.2014' to fi
WARNING: Setting default language of 'deprecated on 2023-02-18' to fi
WARNING: Setting default language of 'deprecated on 19.09.2017' to fi
WARNING: Setting default language of 'deprecated on 24.09.2014' to fi
WARNING: Setting default language of 'deprecated on 2022-02-05' to fi
WARNING: Setting default language of 'deprecated on 26.05.2016' to fi
WARNING: Setting default language of 'deprecated on 2023-06-01' to fi
WARNING: Setting default language of 'deprecated on 10.12.2015' to fi
WARNING: Setting default language of 'deprecated on 09.06.2014' to fi
WARNING: Setting default language of 'deprecated on 09.06.2014' to fi
WARNING: Setting default language of 'deprecated on 26.05.2016' to fi
WARNING: Setting default language of 'deprecated on 26.05.2016' to fi
WARNING: Setting default language of 'deprecated on 24.09.2014' to fi
WARNING: Setting default language of 'deprecated on 17.01.2018' to fi
WARNING: Setting default language of 'deprecated on 2026-04-21' to fi
WARNING: Setting default language of 'deprecated on 2025-12-15' to fi
WARNING: Setting default language of 'deprecated on 24.09.2014' to fi
WARNING: Setting default language of 'deprecated on 26.05.2016' to fi
WARNING: Setting default language of 'deprecated on 18.02.2014' to fi
WARNING: Setting default language of 'deprecated on 2025-04-09' to fi
WARNING: Setting default language of 'deprecated on 10.04.2014' to fi
WARNING: Setting default language of 'deprecated on 19.09.2017' to fi
WARNING: Setting default language of 'deprecated on 24.09.2014' to fi
WARNING: Setting default language of 'deprecated on 10.12.2015' to fi
WARNING: Setting default language of 'deprecated on 2020-06-23' to fi
WARNING: Setting default language of 'deprecated on 2023-06-01' to fi
WARNING: Setting default language of 'deprecated on 2018-12-18' to fi
WARNING: Setting default language of 'deprecated on 17.01.2018' to fi
WARNING: Setting default language of 'deprecated on 2023-09-27' to fi
WARNING: Setting default language of 'deprecated on 21.02.2012' to fi
WARNING: Setting default language of 'deprecated on 26.05.2016' to fi
WARNING: Setting default language of 'deprecated on 09.06.2014' to fi
WARNING: Setting default language of 'deprecated on 10.12.2015' to fi
WARNING: Setting default language of 'deprecated on 21.02.2012' to fi
WARNING: Setting default language of 'deprecated on 10.12.2015' to fi
WARNING: Setting default language of 'deprecated on 2019-02-15' to fi
WARNING: Setting default language of 'deprecated on 13.09.2016' to fi
WARNING: Setting default language of 'deprecated on 26.05.2016' to fi
WARNING: Setting default language of 'deprecated on 24.09.2014' to fi
WARNING: Setting default language of 'deprecated on 2024-01-23' to fi
WARNING: Setting default language of 'deprecated on 10.11.2016' to fi
WARNING: Setting default language of 'deprecated on 2019-05-15' to fi
WARNING: Setting default language of 'deprecated on 26.05.2016' to fi
WARNING: Setting default language of 'deprecated on 2020-11-21' to fi
WARNING: Setting default language of 'deprecated on 09.06.2014' to fi
WARNING: Setting default language of 'deprecated on 26.05.2016' to fi
WARNING: Setting default language of 'deprecated on 24.02.2017' to fi
WARNING: Setting default language of 'deprecated on 26.05.2016' to fi
WARNING: Setting default language of 'deprecated on 2021-02-24' to fi
WARNING: Setting default language of 'deprecated on 2019-02-19' to fi
WARNING: Setting default language of 'deprecated on 17.01.2018' to fi
WARNING: Setting default language of 'deprecated on 24.09.2014' to fi
WARNING: Setting default language of 'deprecated on 18.02.2014' to fi
WARNING: Setting default language of 'deprecated on 10.12.2015' to fi
WARNING: Setting default language of 'deprecated on 26.05.2016' to fi
WARNING: Setting default language of 'deprecated on 26.05.2016' to fi
WARNING: Setting default language of 'deprecated on 24.09.2014' to fi
WARNING: Setting default language of 'deprecated on 26.05.2016' to fi
WARNING: Setting default language of 'deprecated on 10.04.2014' to fi
WARNING: Setting default language of 'deprecated on 24.09.2014' to fi
WARNING: Setting default language of 'deprecated on 26.05.2016' to fi
WARNING: Setting default language of 'deprecated on 13.03.2018' to fi
WARNING: Setting default language of 'deprecated on 24.09.2014' to fi
WARNING: Setting default language of 'deprecated on 24.09.2014' to fi
WARNING: Setting default language of 'deprecated on 10.04.2014' to fi
WARNING: Setting default language of 'deprecated on 24.09.2014' to fi
WARNING: Setting default language of 'deprecated on 18.02.2014' to fi
WARNING: Setting default language of 'deprecated on 02.10.2018' to fi
WARNING: Setting default language of 'deprecated on 26.05.2016' to fi
WARNING: Setting default language of 'deprecated on 24.09.2014' to fi
WARNING: Setting default language of 'deprecated on 05.09.2016' to fi
WARNING: Setting default language of 'deprecated on 2021-11-06' to fi
WARNING: Setting default language of 'deprecated on 2019-05-16' to fi
WARNING: Setting default language of 'deprecated on 2019-02-19' to fi
WARNING: Setting default language of 'deprecated on 2024-06-18' to fi
WARNING: Setting default language of 'deprecated on 18.02.2014' to fi
WARNING: Setting default language of 'deprecated on 2020-09-08' to fi
WARNING: Setting default language of 'deprecated on 21.02.2012' to fi
WARNING: Setting default language of 'deprecated on 10.12.2015' to fi
WARNING: Setting default language of 'deprecated on 24.09.2014' to fi
WARNING: Setting default language of 'deprecated on 2021-11-06' to fi
WARNING: Setting default language of 'deprecated on 24.09.2014' to fi
WARNING: Setting default language of 'deprecated on 10.12.2015' to fi
WARNING: Setting default language of 'deprecated on 2019-02-22' to fi
WARNING: Setting default language of 'deprecated on 24.09.2014' to fi
WARNING: Setting default language of 'deprecated on 2019-02-26' to fi
WARNING: Setting default language of 'deprecated on 10.12.2015' to fi
WARNING: Setting default language of 'deprecated on 05.10.2018' to fi
WARNING: Setting default language of 'deprecated on 06.09.2018' to fi
WARNING: Setting default language of 'deprecated on 09.06.2014' to fi
WARNING: Setting default language of 'deprecated on 09.06.2014' to fi
WARNING: Setting default language of 'deprecated on 12.04.2017' to fi
WARNING: Setting default language of 'deprecated on 24.09.2014' to fi
WARNING: Setting default language of 'deprecated on 18.02.2014' to fi
WARNING: Setting default language of 'deprecated on 26.05.2016' to fi
WARNING: Setting default language of 'deprecated on 10.04.2014' to fi
WARNING: Setting default language of 'deprecated on 2024-01-17' to fi
WARNING: Setting default language of 'deprecated on 2024-01-17' to fi
WARNING: Setting default language of 'deprecated on 24.09.2014' to fi
WARNING: Setting default language of 'deprecated on 17.01.2018' to fi
WARNING: Setting default language of 'deprecated on 24.09.2014' to fi
WARNING: Setting default language of 'deprecated on 2024-01-17' to fi
WARNING: Setting default language of 'deprecated on 2024-01-17' to fi
WARNING: Setting default language of 'deprecated on 24.09.2014' to fi
WARNING: Setting default language of 'deprecated on 10.12.2015' to fi
WARNING: Setting default language of 'deprecated on 26.05.2016' to fi
WARNING: Setting default language of 'deprecated on 18.02.2014' to fi
WARNING: Setting default language of 'deprecated on 10.12.2015' to fi
WARNING: Setting default language of 'deprecated on 10.11.2016' to fi
WARNING: Setting default language of 'deprecated on 2019-05-14' to fi
WARNING: Setting default language of 'deprecated on 2019-05-21' to fi
WARNING: Setting default language of 'deprecated on 24.09.2014' to fi
WARNING: Setting default language of 'deprecated on 05.10.2018' to fi
WARNING: Setting default language of 'deprecated on 24.09.2014' to fi
WARNING: Setting default language of 'deprecated on 26.05.2016' to fi
WARNING: Setting default language of 'deprecated on 10.04.2014' to fi
WARNING: Setting default language of 'deprecated on 18.02.2014' to fi
WARNING: Setting default language of 'deprecated on 09.06.2014' to fi
WARNING: Setting default language of 'deprecated on 10.04.2014' to fi
WARNING: Setting default language of 'deprecated on 10.12.2015' to fi
WARNING: Setting default language of 'deprecated on 26.05.2016' to fi
WARNING: Setting default language of 'deprecated on 26.05.2016' to fi
WARNING: Setting default language of 'deprecated on 2022-04-22' to fi
WARNING: Setting default language of 'deprecated on 24.09.2014' to fi
WARNING: Setting default language of 'deprecated on 24.09.2014' to fi
WARNING: Setting default language of 'deprecated on 2022-02-05' to fi
WARNING: Setting default language of 'deprecated on 24.09.2014' to fi
WARNING: Setting default language of 'deprecated on 10.12.2015' to fi
WARNING: Setting default language of 'deprecated on 24.09.2014' to fi
WARNING: Setting default language of 'deprecated on 2026-04-21' to fi
WARNING: Setting default language of 'deprecated on 10.12.2015' to fi
WARNING: Setting default language of 'deprecated on 21.02.2012' to fi
WARNING: Setting default language of 'deprecated on 24.09.2014' to fi
WARNING: Setting default language of 'deprecated on 10.12.2015' to fi
WARNING: Setting default language of 'deprecated on 26.05.2016' to fi
WARNING: Setting default language of 'deprecated on 12.12.2011' to fi
WARNING: Setting default language of 'deprecated on 10.12.2015' to fi
WARNING: Setting default language of 'deprecated on 09.06.2014' to fi
WARNING: Setting default language of 'deprecated on 24.09.2014' to fi
WARNING: Setting default language of 'deprecated on 10.12.2015' to fi
WARNING: Setting default language of 'deprecated on 10.12.2015' to fi
WARNING: Setting default language of 'deprecated on 09.06.2014' to fi
WARNING: Setting default language of 'deprecated on 2024-01-17' to fi
WARNING: Setting default language of 'deprecated on 26.05.2016' to fi
WARNING: Setting default language of 'deprecated on 26.05.2016' to fi
WARNING: Setting default language of 'deprecated on 2019-02-12' to fi
WARNING: Setting default language of 'deprecated on 24.09.2014' to fi
WARNING: Setting default language of 'deprecated on 10.12.2015' to fi
WARNING: Setting default language of 'deprecated on 26.05.2016' to fi
WARNING: Setting default language of 'deprecated on 24.09.2014' to fi
WARNING: Setting default language of 'deprecated on 2022-06-22' to fi
WARNING: Setting default language of 'deprecated on 26.05.2016' to fi
WARNING: Setting default language of 'deprecated on 24.09.2014' to fi
WARNING: Setting default language of 'deprecated on 10.12.2015' to fi
WARNING: Setting default language of 'deprecated on 2022-04-08' to fi
WARNING: Setting default language of 'deprecated on 26.05.2016' to fi
WARNING: Setting default language of 'deprecated on 10.12.2015' to fi
WARNING: Setting default language of 'deprecated on 10.12.2015' to fi
WARNING: Setting default language of 'deprecated on 24.09.2014' to fi
WARNING: Setting default language of 'deprecated on 26.05.2016' to fi
WARNING: Setting default language of 'deprecated on 26.05.2016' to fi
WARNING: Setting default language of 'deprecated on 26.05.2016' to fi
WARNING: Setting default language of 'deprecated on 05.09.2011' to fi
WARNING: Setting default language of 'deprecated on 2026-04-24' to fi
WARNING: Setting default language of 'deprecated on 26.05.2016' to fi
WARNING: Setting default language of 'deprecated on 10.12.2015' to fi
WARNING: Setting default language of 'deprecated on 2022-06-22' to fi
WARNING: Setting default language of 'deprecated on 24.09.2014' to fi
WARNING: Setting default language of 'deprecated on 10.12.2015' to fi
WARNING: Setting default language of 'deprecated on 2021-11-06' to fi
WARNING: Setting default language of 'deprecated on 10.12.2015' to fi
WARNING: Setting default language of 'deprecated on 24.09.2014' to fi
WARNING: Setting default language of 'deprecated on 26.05.2016' to fi
WARNING: Setting default language of 'deprecated on 21.02.2012' to fi
WARNING: Setting default language of 'deprecated on 10.12.2015' to fi
WARNING: Setting default language of 'deprecated on 05.09.2011' to fi
WARNING: Setting default language of 'deprecated on 26.05.2016' to fi
WARNING: Setting default language of 'deprecated on 2023-02-18' to fi
WARNING: Setting default language of 'deprecated on 2022-04-22' to fi
WARNING: Setting default language of 'deprecated on 2024-03-14' to fi
WARNING: Setting default language of 'deprecated on 08.08.2018' to fi
WARNING: Setting default language of 'deprecated on 26.05.2016' to fi
WARNING: Setting default language of 'deprecated on 2024-11-07' to fi
WARNING: Setting default language of 'deprecated on 24.09.2014' to fi
WARNING: Setting default language of 'deprecated on 10.12.2015' to fi
WARNING: Setting default language of 'deprecated on 2020-01-30' to fi
WARNING: Setting default language of 'deprecated on 12.12.2011' to fi
WARNING: Setting default language of 'deprecated on 2019-05-15' to fi
WARNING: Setting default language of 'deprecated on 24.09.2014' to fi
WARNING: Setting default language of 'deprecated on 24.09.2014' to fi
WARNING: Setting default language of 'deprecated on 10.04.2014' to fi
WARNING: Setting default language of 'deprecated on 2018-12-19' to fi
WARNING: Setting default language of 'deprecated on 26.05.2016' to fi
WARNING: Setting default language of 'deprecated on 12.05.2017' to fi
WARNING: Setting default language of 'deprecated on 09.10.2018' to fi
WARNING: Setting default language of 'deprecated on 26.05.2016' to fi
WARNING: Setting default language of 'deprecated on 24.09.2014' to fi
WARNING: Setting default language of 'deprecated on 24.09.2014' to fi
WARNING: Setting default language of 'deprecated on 24.09.2014' to fi
WARNING: Setting default language of 'deprecated on 2019-05-21' to fi
WARNING: Setting default language of 'deprecated on 2024-03-14' to fi
WARNING: Setting default language of 'deprecated on 10.12.2015' to fi
WARNING: Setting default language of 'deprecated on 26.05.2016' to fi
WARNING: Setting default language of 'deprecated on 2025-12-15' to fi
WARNING: Setting default language of 'deprecated on 2026-04-21' to fi
WARNING: Setting default language of 'deprecated on 24.09.2014' to fi
WARNING: Setting default language of 'deprecated on 21.02.2012' to fi
WARNING: Setting default language of 'deprecated on 26.05.2016' to fi
WARNING: Setting default language of 'deprecated on 2022-03-16' to fi
WARNING: Setting default language of 'deprecated on 24.09.2014' to fi
WARNING: Setting default language of 'deprecated on 2023-05-26' to fi
WARNING: Setting default language of 'deprecated on 08.08.2018' to fi
WARNING: Setting default language of 'deprecated on 2020-09-08' to fi
WARNING: Setting default language of 'deprecated on 11.01.2018' to fi
WARNING: Setting default language of 'deprecated on 2025-04-09' to fi
WARNING: Setting default language of 'deprecated on 26.05.2016' to fi
WARNING: Setting default language of 'deprecated on 24.09.2014' to fi
WARNING: Setting default language of 'deprecated on 05.09.2011' to fi
WARNING: Setting default language of 'deprecated on 2024-03-14' to fi
WARNING: Setting default language of 'deprecated on 24.09.2014' to fi
WARNING: Setting default language of 'deprecated on 19.09.2017' to fi
WARNING: Setting default language of 'deprecated on 2023-03-22' to fi
WARNING: Setting default language of 'deprecated on 26.05.2016' to fi
WARNING: Setting default language of 'deprecated on 2024-03-14' to fi
WARNING: Setting default language of 'deprecated on 09.06.2014' to fi
WARNING: Setting default language of 'deprecated on 10.12.2015' to fi
WARNING: Setting default language of 'deprecated on 21.02.2012' to fi
WARNING: Setting default language of 'deprecated on 08.08.2018' to fi
WARNING: Setting default language of 'deprecated on 24.09.2014' to fi
WARNING: Setting default language of 'deprecated on 24.09.2014' to fi
WARNING: Setting default language of 'deprecated on 2025-03-28' to fi
WARNING: Setting default language of 'deprecated on 2024-03-14' to fi
WARNING: Setting default language of 'deprecated on 26.05.2016' to fi
WARNING: Setting default language of 'deprecated on 05.10.2018' to fi
WARNING: Setting default language of 'deprecated on 2019-02-21' to fi
WARNING: Setting default language of 'deprecated on 10.12.2015' to fi
WARNING: Setting default language of 'deprecated on 26.05.2016' to fi
WARNING: Setting default language of 'deprecated on 24.09.2014' to fi
WARNING: Setting default language of 'deprecated on 21.02.2012' to fi
WARNING: Setting default language of 'deprecated on 24.09.2014' to fi
WARNING: Setting default language of 'deprecated on 17.10.2018' to fi
WARNING: Setting default language of 'deprecated on 2024-03-14' to fi
WARNING: Setting default language of 'deprecated on 26.05.2016' to fi
WARNING: Setting default language of 'deprecated on 24.09.2014' to fi
WARNING: Setting default language of 'deprecated on 26.05.2016' to fi
WARNING: Setting default language of 'deprecated on 2021-08-11' to fi
WARNING: Setting default language of 'deprecated on 18.02.2014' to fi
WARNING: Setting default language of 'deprecated on 26.05.2016' to fi
WARNING: Setting default language of 'deprecated on 2024-11-06' to fi
WARNING: Setting default language of 'deprecated on 09.06.2014' to fi
WARNING: Setting default language of 'deprecated on 10.12.2015' to fi
WARNING: Setting default language of 'deprecated on 05.09.2011' to fi
WARNING: Setting default language of 'deprecated on 10.04.2014' to fi
WARNING: Setting default language of 'deprecated on 18.02.2014' to fi
WARNING: Setting default language of 'deprecated on 26.05.2016' to fi
WARNING: Setting default language of 'deprecated on 2019-02-26' to fi
WARNING: Setting default language of 'deprecated on 10.12.2015' to fi
WARNING: Setting default language of 'deprecated on 2024-03-14' to fi
WARNING: Setting default language of 'deprecated on 10.12.2015' to fi
WARNING: Setting default language of 'deprecated on 2022-04-22' to fi
WARNING: Setting default language of 'deprecated on 2019-02-19' to fi
WARNING: Setting default language of 'deprecated on 13.03.2018' to fi
WARNING: Setting default language of 'deprecated on 24.09.2014' to fi
WARNING: Setting default language of 'deprecated on 26.05.2016' to fi
WARNING: Setting default language of 'deprecated on 2024-04-05' to fi
WARNING: Setting default language of 'deprecated on 18.12.2013' to fi
WARNING: Setting default language of 'deprecated on 10.12.2015' to fi
WARNING: Setting default language of 'deprecated on 19.09.2017' to fi
WARNING: Setting default language of 'deprecated on 26.05.2016' to fi
WARNING: Setting default language of 'deprecated on 2025-03-28' to fi
WARNING: Setting default language of 'deprecated on 21.02.2012' to fi
WARNING: Setting default language of 'deprecated on 08.08.2018' to fi
WARNING: Setting default language of 'deprecated on 09.06.2014' to fi
WARNING: Setting default language of 'deprecated on 10.04.2014' to fi
WARNING: Setting default language of 'deprecated on 24.09.2014' to fi
WARNING: Setting default language of 'deprecated on 17.01.2018' to fi
WARNING: Setting default language of 'deprecated on 26.05.2016' to fi
WARNING: Setting default language of 'deprecated on 10.12.2015' to fi
WARNING: Setting default language of 'deprecated on 2019-02-26' to fi
WARNING: Setting default language of 'deprecated on 2019-05-15' to fi
WARNING: Setting default language of 'deprecated on 18.02.2014' to fi
WARNING: Setting default language of 'deprecated on 26.05.2016' to fi
WARNING: Setting default language of 'deprecated on 2025-05-10' to fi
WARNING: Setting default language of 'deprecated on 10.12.2015' to fi
WARNING: Setting default language of 'deprecated on 2023-09-08' to fi
WARNING: Setting default language of 'deprecated on 2024-01-23' to fi
WARNING: Setting default language of 'deprecated on 2024-01-23' to fi
WARNING: Setting default language of 'deprecated on 2019-02-19' to fi
WARNING: Setting default language of 'deprecated on 24.09.2014' to fi
WARNING: Setting default language of 'deprecated on 26.05.2016' to fi
WARNING: Setting default language of 'deprecated on 24.09.2014' to fi
WARNING: Setting default language of 'deprecated on 24.09.2014' to fi
WARNING: Setting default language of 'deprecated on 10.12.2015' to fi
WARNING: Setting default language of 'deprecated on 21.02.2012' to fi
WARNING: Setting default language of 'deprecated on 10.12.2015' to fi
WARNING: Setting default language of 'deprecated on 24.09.2014' to fi
WARNING: Setting default language of 'deprecated on 26.05.2016' to fi
WARNING: Setting default language of 'deprecated on 26.05.2016' to fi
WARNING: Setting default language of 'deprecated on 24.09.2014' to fi
WARNING: Setting default language of 'deprecated on 26.05.2016' to fi
WARNING: Setting default language of 'deprecated on 2023-05-26' to fi
WARNING: Setting default language of 'deprecated on 24.09.2014' to fi
WARNING: Setting default language of 'deprecated on 24.09.2014' to fi
WARNING: Setting default language of 'deprecated on 26.05.2016' to fi
WARNING: Setting default language of 'deprecated on 26.05.2016' to fi
WARNING: Setting default language of 'deprecated on 2024-03-14' to fi
WARNING: Setting default language of 'deprecated on 2023-10-24' to fi
WARNING: Setting default language of 'deprecated on 24.09.2014' to fi
WARNING: Setting default language of 'deprecated on 05.09.2011' to fi
WARNING: Setting default language of 'deprecated on 26.05.2016' to fi
WARNING: Setting default language of 'deprecated on 2024-05-16' to fi
WARNING: Setting default language of 'deprecated on 2022-05-06' to fi
WARNING: Setting default language of 'deprecated on 2018-12-20' to fi
WARNING: Setting default language of 'deprecated on 2020-03-26' to fi
WARNING: Setting default language of 'deprecated on 24.09.2014' to fi
WARNING: Setting default language of 'deprecated on 2024-03-14' to fi
WARNING: Setting default language of 'deprecated on 2024-08-23' to fi
WARNING: Setting default language of 'deprecated on 24.09.2014' to fi
WARNING: Setting default language of 'deprecated on 21.02.2012' to fi
WARNING: Setting default language of 'deprecated on 26.05.2016' to fi
WARNING: Setting default language of 'deprecated on 09.06.2014' to fi
WARNING: Setting default language of 'deprecated on 2026-04-21' to fi
WARNING: Setting default language of 'deprecated on 2021-05-29' to fi
WARNING: Setting default language of 'deprecated on 26.05.2016' to fi
WARNING: Setting default language of 'deprecated on 24.09.2014' to fi
WARNING: Setting default language of 'deprecated on 24.09.2014' to fi
WARNING: Setting default language of 'deprecated on 26.05.2016' to fi
WARNING: Setting default language of 'deprecated on 09.06.2014' to fi
WARNING: Setting default language of 'deprecated on 2019-01-03' to fi
WARNING: Setting default language of 'deprecated on 26.05.2016' to fi
WARNING: Setting default language of 'deprecated on 26.05.2016' to fi
WARNING: Setting default language of 'deprecated on 2022-04-22' to fi
WARNING: Setting default language of 'deprecated on 09.10.2018' to fi
WARNING: Setting default language of 'deprecated on 2023-02-18' to fi
WARNING: Setting default language of 'deprecated on 26.05.2016' to fi
WARNING: Setting default language of 'deprecated on 2020-12-01' to fi
WARNING: Setting default language of 'deprecated on 10.12.2015' to fi
WARNING: Setting default language of 'deprecated on 26.05.2016' to fi
WARNING: Setting default language of 'deprecated on 2026-04-21' to fi
WARNING: Setting default language of 'deprecated on 2020-07-02' to fi
WARNING: Setting default language of 'deprecated on 15.09.2017' to fi
WARNING: Setting default language of 'deprecated on 10.04.2014' to fi
WARNING: Setting default language of 'deprecated on 09.06.2014' to fi
WARNING: Setting default language of 'deprecated on 26.05.2016' to fi
WARNING: Setting default language of 'deprecated on 24.09.2014' to fi
WARNING: Setting default language of 'deprecated on 18.02.2014' to fi
WARNING: Setting default language of 'deprecated on 24.09.2014' to fi
WARNING: Setting default language of 'deprecated on 10.12.2015' to fi
WARNING: Setting default language of 'deprecated on 26.05.2016' to fi
WARNING: Setting default language of 'deprecated on 24.09.2014' to fi
WARNING: Setting default language of 'deprecated on 21.02.2012' to fi
WARNING: Setting default language of 'deprecated on 2019-02-15' to fi
WARNING: Setting default language of 'deprecated on 10.12.2015' to fi
WARNING: Setting default language of 'deprecated on 26.05.2016' to fi
WARNING: Setting default language of 'deprecated on 18.02.2014' to fi
WARNING: Setting default language of 'deprecated on 26.05.2016' to fi
WARNING: Setting default language of 'deprecated on 24.09.2014' to fi
WARNING: Setting default language of 'deprecated on 24.09.2014' to fi
WARNING: Setting default language of 'deprecated on 26.05.2016' to fi
WARNING: Setting default language of 'deprecated on 24.09.2014' to fi
WARNING: Setting default language of 'deprecated on 2021-06-25' to fi
WARNING: Setting default language of 'deprecated on 2019-02-21' to fi
WARNING: Setting default language of 'deprecated on 26.05.2016' to fi
WARNING: Setting default language of 'deprecated on 18.02.2014' to fi
WARNING: Setting default language of 'deprecated on 10.04.2014' to fi
WARNING: Setting default language of 'deprecated on 26.05.2016' to fi
WARNING: Setting default language of 'deprecated on 24.09.2014' to fi
WARNING: Setting default language of 'deprecated on 2025-01-24' to fi
WARNING: Setting default language of 'deprecated on 21.02.2012' to fi
WARNING: Setting default language of 'deprecated on 2019-02-26' to fi
WARNING: Setting default language of 'deprecated on 08.08.2018' to fi
WARNING: Setting default language of 'deprecated on 2025-12-15' to fi
WARNING: Setting default language of 'deprecated on 24.09.2014' to fi
WARNING: Setting default language of 'deprecated on 26.05.2016' to fi
WARNING: Setting default language of 'deprecated on 26.05.2016' to fi
WARNING: Setting default language of 'deprecated on 18.02.2014' to fi
WARNING: Setting default language of 'deprecated on 2020-03-26' to fi
WARNING: Setting default language of 'deprecated on 2022-04-22' to fi
WARNING: Setting default language of 'deprecated on 24.09.2014' to fi
WARNING: Setting default language of 'deprecated on 2024-01-17' to fi
WARNING: Setting default language of 'deprecated on 2024-04-05' to fi
WARNING: Setting default language of 'deprecated on 24.09.2014' to fi
WARNING: Setting default language of 'deprecated on 2024-01-17' to fi
WARNING: Setting default language of 'deprecated on 26.05.2016' to fi
WARNING: Setting default language of 'deprecated on 10.12.2015' to fi
WARNING: Setting default language of 'deprecated on 26.05.2016' to fi
WARNING: Setting default language of 'deprecated on 10.04.2014' to fi
WARNING: Setting default language of 'deprecated on 2019-02-19' to fi
WARNING: Setting default language of 'deprecated on 24.09.2014' to fi
WARNING: Setting default language of 'deprecated on 05.01.2018' to fi
WARNING: Setting default language of 'deprecated on 24.09.2014' to fi
WARNING: Setting default language of 'deprecated on 10.12.2015' to fi
WARNING: Setting default language of 'deprecated on 2019-05-14' to fi
WARNING: Setting default language of 'deprecated on 05.09.2011' to fi
WARNING: Setting default language of 'deprecated on 02.10.2018' to fi
WARNING: Setting default language of 'deprecated on 2019-02-15' to fi
WARNING: Setting default language of 'deprecated on 10.12.2015' to fi
WARNING: Setting default language of 'deprecated on 10.12.2015' to fi
WARNING: Setting default language of 'deprecated on 09.06.2014' to fi
WARNING: Setting default language of 'deprecated on 2019-06-25' to fi
WARNING: Setting default language of 'deprecated on 24.09.2014' to fi
WARNING: Setting default language of 'deprecated on 2024-03-14' to fi
WARNING: Setting default language of 'deprecated on 10.04.2014' to fi
WARNING: Setting default language of 'deprecated on 17.01.2018' to fi
WARNING: Setting default language of 'deprecated on 10.12.2015' to fi
WARNING: Setting default language of 'deprecated on 12.12.2011' to fi
WARNING: Setting default language of 'deprecated on 24.09.2014' to fi
WARNING: Setting default language of 'deprecated on 12.12.2011' to fi
WARNING: Setting default language of 'deprecated on 10.04.2014' to fi
WARNING: Setting default language of 'deprecated on 2025-12-15' to fi
WARNING: Setting default language of 'deprecated on 09.06.2014' to fi
WARNING: Setting default language of 'deprecated on 24.09.2014' to fi
WARNING: Setting default language of 'deprecated on 24.09.2014' to fi
WARNING: Setting default language of 'deprecated on 10.12.2015' to fi
WARNING: Setting default language of 'deprecated on 10.04.2014' to fi
WARNING: Setting default language of 'deprecated on 26.05.2016' to fi
WARNING: Setting default language of 'deprecated on 2025-12-15' to fi
WARNING: Setting default language of 'deprecated on 09.06.2014' to fi
WARNING: Setting default language of 'deprecated on 2023-09-27' to fi
WARNING: Setting default language of 'deprecated on 10.04.2014' to fi
WARNING: Setting default language of 'deprecated on 10.04.2014' to fi
WARNING: Setting default language of 'deprecated on 2021-02-24' to fi
WARNING: Setting default language of 'deprecated on 26.05.2016' to fi
WARNING: Setting default language of 'deprecated on 18.02.2014' to fi
WARNING: Setting default language of 'deprecated on 2019-05-15' to fi
WARNING: Setting default language of 'deprecated on 09.06.2014' to fi
WARNING: Setting default language of 'deprecated on 10.12.2015' to fi
WARNING: Setting default language of 'deprecated on 17.01.2018' to fi
WARNING: Setting default language of 'deprecated on 2019-02-22' to fi
WARNING: Setting default language of 'deprecated on 2019-06-25' to fi
WARNING: Setting default language of 'deprecated on 10.12.2015' to fi
WARNING: Setting default language of 'deprecated on 10.12.2015' to fi
WARNING: Setting default language of 'deprecated on 09.06.2014' to fi
WARNING: Setting default language of 'deprecated on 26.05.2016' to fi
WARNING: Setting default language of 'deprecated on 2023-02-18' to fi
WARNING: Setting default language of 'deprecated on 2026-01-16' to fi
WARNING: Setting default language of 'deprecated on 10.04.2014' to fi
WARNING: Setting default language of 'deprecated on 2023-02-18' to fi
WARNING: Setting default language of 'deprecated on 09.06.2014' to fi
WARNING: Setting default language of 'deprecated on 26.05.2016' to fi
WARNING: Setting default language of 'deprecated on 2019-02-15' to fi
WARNING: Setting default language of 'deprecated on 26.05.2016' to fi
WARNING: Setting default language of 'deprecated on 05.09.2011' to fi
WARNING: Setting default language of 'deprecated on 10.12.2015' to fi
WARNING: Setting default language of 'deprecated on 10.12.2015' to fi
WARNING: Setting default language of 'deprecated on 2026-04-21' to fi
WARNING: Setting default language of 'deprecated on 26.05.2016' to fi
WARNING: Setting default language of 'deprecated on 10.12.2015' to fi
WARNING: Setting default language of 'deprecated on 10.04.2014' to fi
WARNING: Setting default language of 'deprecated on 10.12.2015' to fi
WARNING: Setting default language of 'deprecated on 24.09.2014' to fi
WARNING: Setting default language of 'deprecated on 10.12.2015' to fi
WARNING: Setting default language of 'deprecated on 26.05.2016' to fi
WARNING: Setting default language of 'deprecated on 04.10.2018' to fi
WARNING: Setting default language of 'deprecated on 24.09.2014' to fi
WARNING: Setting default language of 'deprecated on 10.12.2015' to fi
WARNING: Setting default language of 'deprecated on 26.05.2016' to fi
WARNING: Setting default language of 'deprecated on 26.05.2016' to fi
WARNING: Setting default language of 'deprecated on 24.09.2014' to fi
WARNING: Setting default language of 'deprecated on 2021-02-25' to fi
WARNING: Setting default language of 'deprecated on 10.12.2015' to fi
WARNING: Setting default language of 'deprecated on 2019-02-26' to fi
WARNING: Setting default language of 'deprecated on 10.12.2015' to fi
WARNING: Setting default language of 'deprecated on 10.12.2015' to fi
WARNING: Setting default language of 'deprecated on 10.04.2014' to fi
WARNING: Setting default language of 'deprecated on 18.02.2014' to fi
WARNING: Setting default language of 'deprecated on 02.10.2018' to fi
WARNING: Setting default language of 'deprecated on 2022-01-06' to fi
WARNING: Setting default language of 'deprecated on 24.09.2014' to fi
WARNING: Setting default language of 'deprecated on 05.09.2011' to fi
WARNING: Setting default language of 'deprecated on 24.09.2014' to fi
WARNING: Setting default language of 'deprecated on 21.02.2012' to fi
WARNING: Setting default language of 'deprecated on 24.09.2014' to fi
WARNING: Setting default language of 'deprecated on 09.06.2014' to fi
WARNING: Setting default language of 'deprecated on 24.09.2014' to fi
WARNING: Setting default language of 'deprecated on 09.10.2018' to fi
WARNING: Setting default language of 'deprecated on 10.12.2015' to fi
WARNING: Setting default language of 'deprecated on 10.12.2015' to fi
WARNING: Setting default language of 'deprecated on 10.12.2015' to fi
WARNING: Setting default language of 'deprecated on 10.12.2015' to fi
WARNING: Setting default language of 'deprecated on 09.06.2014' to fi
WARNING: Setting default language of 'deprecated on 10.04.2014' to fi
WARNING: Setting default language of 'deprecated on 2025-05-10' to fi
WARNING: Setting default language of 'deprecated on 12.12.2011' to fi
WARNING: Setting default language of 'deprecated on 24.09.2014' to fi
WARNING: Setting default language of 'deprecated on 13.03.2018' to fi
WARNING: Setting default language of 'deprecated on 2023-10-24' to fi
WARNING: Setting default language of 'deprecated on 2023-10-24' to fi
WARNING: Setting default language of 'deprecated on 05.09.2011' to fi
WARNING: Setting default language of 'deprecated on 03.07.2012' to fi
WARNING: Setting default language of 'deprecated on 24.09.2014' to fi
WARNING: Setting default language of 'deprecated on 10.12.2015' to fi
WARNING: Setting default language of 'deprecated on 10.04.2014' to fi
WARNING: Setting default language of 'deprecated on 10.12.2015' to fi
WARNING: Setting default language of 'deprecated on 2023-09-27' to fi
WARNING: Setting default language of 'deprecated on 26.05.2016' to fi
WARNING: Setting default language of 'deprecated on 10.12.2015' to fi
WARNING: Setting default language of 'deprecated on 24.09.2014' to fi
WARNING: Setting default language of 'deprecated on 05.09.2011' to fi
WARNING: Setting default language of 'deprecated on 24.09.2014' to fi
WARNING: Setting default language of 'deprecated on 10.04.2014' to fi
WARNING: Setting default language of 'deprecated on 05.09.2011' to fi
WARNING: Setting default language of 'deprecated on 10.04.2014' to fi
WARNING: Setting default language of 'deprecated on 21.02.2012' to fi
WARNING: Setting default language of 'deprecated on 10.04.2014' to fi
WARNING: Setting default language of 'deprecated on 05.09.2011' to fi
WARNING: Setting default language of 'deprecated on 21.02.2012' to fi
WARNING: Setting default language of 'deprecated on 18.02.2014' to fi
WARNING: Setting default language of 'deprecated on 24.09.2014' to fi
WARNING: Setting default language of 'deprecated on 2023-02-18' to fi
WARNING: Setting default language of 'deprecated on 26.05.2016' to fi
WARNING: Setting default language of 'deprecated on 23.02.2018' to fi
WARNING: Setting default language of 'deprecated on 10.12.2015' to fi
WARNING: Setting default language of 'deprecated on 10.04.2014' to fi
WARNING: Setting default language of 'deprecated on 10.12.2015' to fi
WARNING: Setting default language of 'deprecated on 26.05.2016' to fi
WARNING: Setting default language of 'deprecated on 09.10.2018' to fi
WARNING: Setting default language of 'deprecated on 24.09.2014' to fi
WARNING: Setting default language of 'deprecated on 2022-11-08' to fi
WARNING: Setting default language of 'deprecated on 24.09.2014' to fi
WARNING: Setting default language of 'deprecated on 24.09.2014' to fi
WARNING: Setting default language of 'deprecated on 2019-05-15' to fi
WARNING: Setting default language of 'deprecated on 10.12.2015' to fi
WARNING: Setting default language of 'deprecated on 10.12.2015' to fi
WARNING: Setting default language of 'deprecated on 18.02.2014' to fi
WARNING: Setting default language of 'deprecated on 09.06.2014' to fi
WARNING: Setting default language of 'deprecated on 24.09.2014' to fi
WARNING: Setting default language of 'deprecated on 24.09.2014' to fi
WARNING: Setting default language of 'deprecated on 10.04.2014' to fi
WARNING: Setting default language of 'deprecated on 2019-02-19' to fi
WARNING: Setting default language of 'deprecated on 10.04.2014' to fi
WARNING: Setting default language of 'deprecated on 26.05.2016' to fi
WARNING: Setting default language of 'deprecated on 2021-06-08' to fi
WARNING: Setting default language of 'deprecated on 10.04.2014' to fi
WARNING: Setting default language of 'deprecated on 26.05.2016' to fi
WARNING: Setting default language of 'deprecated on 10.04.2014' to fi
WARNING: Setting default language of 'deprecated on 2020-05-15' to fi
WARNING: Setting default language of 'deprecated on 2025-01-24' to fi
WARNING: Setting default language of 'deprecated on 18.02.2014' to fi
WARNING: Setting default language of 'deprecated on 2023-03-22' to fi
WARNING: Setting default language of 'deprecated on 10.04.2014' to fi
WARNING: Setting default language of 'deprecated on 24.09.2014' to fi
WARNING: Setting default language of 'deprecated on 26.05.2016' to fi
WARNING: Setting default language of 'deprecated on 21.02.2012' to fi
WARNING: Setting default language of 'deprecated on 24.09.2014' to fi
WARNING: Setting default language of 'deprecated on 21.02.2012' to fi
WARNING: Setting default language of 'deprecated on 10.04.2014' to fi
WARNING: Setting default language of 'deprecated on 24.09.2014' to fi
WARNING: Setting default language of 'deprecated on 26.05.2016' to fi
WARNING: Setting default language of 'deprecated on 10.12.2015' to fi
WARNING: Setting default language of 'deprecated on 24.09.2014' to fi
WARNING: Setting default language of 'deprecated on 09.06.2014' to fi
WARNING: Setting default language of 'deprecated on 10.12.2015' to fi
WARNING: Setting default language of 'deprecated on 09.06.2014' to fi
WARNING: Setting default language of 'deprecated on 2019-05-15' to fi
WARNING: Setting default language of 'deprecated on 10.12.2015' to fi
WARNING: Setting default language of 'deprecated on 09.10.2018' to fi
WARNING: Setting default language of 'deprecated on 2023-03-22' to fi
WARNING: Setting default language of 'deprecated on 21.02.2012' to fi
WARNING: Setting default language of 'deprecated on 26.05.2016' to fi
WARNING: Setting default language of 'deprecated on 24.09.2014' to fi
WARNING: Setting default language of 'deprecated on 08.08.2018' to fi
WARNING: Setting default language of 'deprecated on 18.02.2014' to fi
WARNING: Setting default language of 'deprecated on 10.04.2014' to fi
WARNING: Setting default language of 'deprecated on 10.04.2014' to fi
WARNING: Setting default language of 'deprecated on 2019-02-22' to fi
WARNING: Setting default language of 'deprecated on 10.04.2014' to fi
WARNING: Setting default language of 'deprecated on 26.05.2016' to fi
WARNING: Setting default language of 'deprecated on 24.09.2014' to fi
WARNING: Setting default language of 'deprecated on 30.01.2018' to fi
WARNING: Setting default language of 'deprecated on 17.01.2018' to fi
WARNING: Setting default language of 'deprecated on 26.05.2016' to fi
WARNING: Setting default language of 'deprecated on 08.08.2018' to fi
WARNING: Setting default language of 'deprecated on 10.04.2014' to fi
WARNING: Setting default language of 'deprecated on 24.09.2014' to fi
WARNING: Setting default language of 'deprecated on 2026-01-21' to fi
WARNING: Setting default language of 'deprecated on 20.12.2016' to fi
WARNING: Setting default language of 'deprecated on 2023-10-24' to fi
WARNING: Setting default language of 'deprecated on 26.05.2016' to fi
WARNING: Setting default language of 'deprecated on 10.12.2015' to fi
WARNING: Setting default language of 'deprecated on 24.09.2014' to fi
WARNING: Setting default language of 'deprecated on 03.07.2012' to fi
WARNING: Setting default language of 'deprecated on 24.09.2014' to fi
WARNING: Setting default language of 'deprecated on 24.09.2014' to fi
WARNING: Setting default language of 'deprecated on 2020-02-22' to fi
WARNING: Setting default language of 'deprecated on 18.02.2014' to fi
WARNING: Setting default language of 'deprecated on 24.09.2014' to fi
WARNING: Setting default language of 'deprecated on 2022-10-11' to fi
WARNING: Setting default language of 'deprecated on 10.04.2014' to fi
WARNING: Setting default language of 'deprecated on 16.02.2018' to fi
WARNING: Setting default language of 'deprecated on 06.06.2017' to fi
WARNING: Setting default language of 'deprecated on 2019-05-10' to fi
WARNING: Setting default language of 'deprecated on 10.04.2014' to fi
WARNING: Setting default language of 'deprecated on 2019-02-22' to fi
WARNING: Setting default language of 'deprecated on 10.12.2015' to fi
WARNING: Setting default language of 'deprecated on 12.12.2011' to fi
WARNING: Setting default language of 'deprecated on 24.09.2014' to fi
WARNING: Setting default language of 'deprecated on 2020-09-08' to fi
WARNING: Setting default language of 'deprecated on 26.05.2016' to fi
WARNING: Setting default language of 'deprecated on 10.12.2015' to fi
WARNING: Setting default language of 'deprecated on 10.04.2014' to fi
WARNING: Setting default language of 'deprecated on 09.06.2014' to fi
WARNING: Setting default language of 'deprecated on 24.09.2014' to fi
WARNING: Setting default language of 'deprecated on 24.09.2014' to fi
WARNING: Setting default language of 'deprecated on 10.12.2015' to fi
WARNING: Setting default language of 'deprecated on 2024-08-23' to fi
WARNING: Setting default language of 'deprecated on 2019-02-22' to fi
WARNING: Setting default language of 'deprecated on 2022-04-22' to fi
WARNING: Setting default language of 'deprecated on 09.06.2014' to fi
WARNING: Setting default language of 'deprecated on 2024-06-18' to fi
WARNING: Setting default language of 'deprecated on 2024-08-23' to fi
WARNING: Setting default language of 'deprecated on 08.08.2018' to fi
WARNING: Setting default language of 'deprecated on 24.09.2014' to fi
WARNING: Setting default language of 'deprecated on 26.05.2016' to fi
WARNING: Setting default language of 'deprecated on 2022-02-05' to fi
WARNING: Setting default language of 'deprecated on 10.04.2014' to fi
WARNING: Setting default language of 'deprecated on 2024-08-20' to fi
WARNING: Setting default language of 'deprecated on 10.04.2014' to fi
WARNING: Setting default language of 'deprecated on 2024-08-23' to fi
WARNING: Setting default language of 'deprecated on 05.09.2011' to fi
WARNING: Setting default language of 'deprecated on 05.10.2018' to fi
WARNING: Setting default language of 'deprecated on 12.12.2011' to fi
WARNING: Setting default language of 'deprecated on 10.12.2015' to fi
WARNING: Setting default language of 'deprecated on 26.05.2016' to fi
WARNING: Setting default language of 'deprecated on 24.09.2014' to fi
WARNING: Setting default language of 'deprecated on 26.05.2016' to fi
WARNING: Setting default language of 'deprecated on 10.04.2014' to fi
WARNING: Setting default language of 'deprecated on 10.12.2015' to fi
WARNING: Setting default language of 'deprecated on 2019-02-22' to fi
WARNING: Setting default language of 'deprecated on 2019-02-22' to fi
WARNING: Setting default language of 'deprecated on 10.12.2015' to fi
WARNING: Setting default language of 'deprecated on 10.12.2015' to fi
WARNING: Setting default language of 'deprecated on 12.12.2011' to fi
WARNING: Setting default language of 'deprecated on 24.09.2014' to fi
WARNING: Setting default language of 'deprecated on 24.09.2014' to fi
WARNING: Setting default language of 'deprecated on 2020-09-08' to fi
WARNING: Setting default language of 'deprecated on 24.09.2014' to fi
WARNING: Setting default language of 'deprecated on 21.02.2012' to fi
WARNING: Setting default language of 'deprecated on 2018-12-19' to fi
WARNING: Setting default language of 'deprecated on 10.12.2015' to fi
WARNING: Setting default language of 'deprecated on 24.09.2014' to fi
WARNING: Setting default language of 'deprecated on 10.12.2015' to fi
WARNING: Setting default language of 'deprecated on 10.12.2015' to fi
WARNING: Setting default language of 'deprecated on 24.09.2014' to fi
WARNING: Setting default language of 'deprecated on 10.12.2015' to fi
WARNING: Setting default language of 'deprecated on 26.05.2016' to fi
WARNING: Setting default language of 'deprecated on 24.09.2014' to fi
WARNING: Setting default language of 'deprecated on 24.09.2014' to fi
WARNING: Setting default language of 'deprecated on 26.05.2016' to fi
WARNING: Setting default language of 'deprecated on 26.05.2016' to fi
WARNING: Setting default language of 'deprecated on 24.09.2014' to fi
WARNING: Setting default language of 'deprecated on 26.05.2016' to fi
WARNING: Setting default language of 'deprecated on 24.09.2014' to fi
WARNING: Setting default language of 'deprecated on 26.05.2016' to fi
WARNING: Setting default language of 'deprecated on 24.09.2014' to fi
WARNING: Setting default language of 'deprecated on 24.09.2014' to fi
WARNING: Setting default language of 'deprecated on 10.12.2015' to fi
WARNING: Setting default language of 'deprecated on 24.09.2014' to fi
WARNING: Setting default language of 'deprecated on 26.05.2016' to fi
WARNING: Setting default language of 'deprecated on 12.12.2011' to fi
WARNING: Setting default language of 'deprecated on 18.12.2013' to fi
WARNING: Setting default language of 'deprecated on 18.02.2014' to fi
WARNING: Setting default language of 'deprecated on 24.09.2014' to fi
WARNING: Setting default language of 'deprecated on 26.05.2016' to fi
WARNING: Setting default language of 'deprecated on 24.09.2014' to fi
WARNING: Setting default language of 'deprecated on 26.05.2016' to fi
WARNING: Setting default language of 'deprecated on 24.09.2014' to fi
WARNING: Setting default language of 'deprecated on 24.09.2014' to fi
WARNING: Setting default language of 'deprecated on 24.09.2014' to fi
WARNING: Setting default language of 'deprecated on 09.06.2014' to fi
WARNING: Setting default language of 'deprecated on 24.09.2014' to fi
WARNING: Setting default language of 'deprecated on 18.02.2014' to fi
WARNING: Setting default language of 'deprecated on 24.09.2014' to fi
WARNING: Setting default language of 'deprecated on 24.09.2014' to fi
WARNING: Setting default language of 'deprecated on 10.12.2015' to fi
WARNING: Setting default language of 'deprecated on 09.06.2014' to fi
WARNING: Setting default language of 'deprecated on 26.05.2016' to fi
WARNING: Setting default language of 'deprecated on 10.12.2015' to fi
WARNING: Setting default language of 'deprecated on 09.06.2014' to fi
WARNING: Setting default language of 'deprecated on 26.05.2016' to fi
WARNING: Setting default language of 'deprecated on 24.09.2014' to fi
WARNING: Setting default language of 'deprecated on 26.05.2016' to fi
WARNING: Setting default language of 'deprecated on 26.05.2016' to fi
WARNING: Setting default language of 'deprecated on 09.06.2014' to fi
WARNING: Setting default language of 'deprecated on 24.09.2014' to fi
WARNING: Setting default language of 'deprecated on 09.06.2014' to fi
WARNING: Setting default language of 'deprecated on 26.05.2016' to fi
WARNING: Setting default language of 'deprecated on 26.05.2016' to fi
WARNING: Setting default language of 'deprecated on 2022-05-06' to fi
WARNING: Setting default language of 'deprecated on 26.05.2016' to fi
WARNING: Setting default language of 'deprecated on 2019-02-15' to fi
WARNING: Setting default language of 'deprecated on 17.01.2018' to fi
WARNING: Setting default language of 'deprecated on 2024-05-08' to fi
WARNING: Setting default language of 'deprecated on 2024-05-08' to fi
WARNING: Setting default language of 'deprecated on 2021-05-27' to fi
WARNING: Setting default language of 'deprecated on 2020-07-02' to fi
WARNING: Setting default language of 'deprecated on 2020-06-23' to fi
WARNING: Setting default language of 'deprecated on 2019-02-15' to fi
WARNING: Setting default language of 'deprecated on 2025-06-27' to fi
WARNING: Setting default language of 'deprecated on 10.12.2015' to fi
WARNING: Setting default language of 'deprecated on 31.10.2017' to fi
WARNING: Setting default language of 'deprecated on 20.12.2016' to fi
WARNING: Setting default language of 'deprecated on 2022-06-22' to fi
WARNING: Setting default language of 'deprecated on 2022-01-26' to fi
WARNING: Setting default language of 'deprecated on 2019-02-26' to fi
WARNING: Setting default language of 'deprecated on 2020-02-22' to fi
WARNING: Setting default language of 'deprecated on 2022-02-05' to fi
WARNING: Setting default language of 'deprecated on 17.10.2018' to fi
WARNING: Setting default language of 'deprecated on 2022-02-05' to fi
WARNING: Setting default language of 'deprecated on 2019-05-15' to fi
WARNING: Setting default language of 'deprecated on 12.08.2017' to fi
WARNING: Setting default language of 'deprecated on 17.01.2018' to fi
WARNING: Setting default language of 'deprecated on 26.05.2016' to fi
WARNING: Setting default language of 'deprecated on 26.05.2016' to fi
WARNING: Setting default language of 'deprecated on 26.05.2016' to fi
WARNING: Setting default language of 'deprecated on 26.05.2016' to fi
WARNING: Setting default language of 'deprecated on 2020-09-08' to fi
WARNING: Setting default language of 'deprecated on 08.08.2018' to fi
WARNING: Setting default language of 'deprecated on 26.05.2016' to fi
WARNING: Setting default language of 'deprecated on 10.12.2015' to fi
WARNING: Setting default language of 'deprecated on 13.09.2016' to fi
WARNING: Setting default language of 'deprecated on 13.09.2016' to fi
WARNING: Setting default language of 'deprecated on 24.09.2014' to fi
WARNING: Setting default language of 'deprecated on 10.11.2016' to fi
WARNING: Setting default language of 'deprecated on 24.09.2014' to fi
WARNING: Setting default language of 'deprecated on 24.09.2014' to fi
WARNING: Setting default language of 'deprecated on 24.09.2014' to fi
WARNING: Setting default language of 'deprecated on 13.09.2016' to fi
WARNING: Setting default language of 'deprecated on 13.09.2016' to fi
WARNING: Setting default language of 'deprecated on 10.12.2015' to fi
WARNING: Setting default language of 'deprecated on 13.09.2016' to fi
WARNING: Setting default language of 'deprecated on 24.09.2014' to fi
WARNING: Setting default language of 'deprecated on 24.09.2014' to fi
WARNING: Setting default language of 'deprecated on 10.12.2015' to fi
WARNING: Setting default language of 'deprecated on 24.09.2014' to fi
WARNING: Setting default language of 'deprecated on 24.09.2014' to fi
WARNING: Setting default language of 'deprecated on 10.12.2015' to fi
WARNING: Setting default language of 'deprecated on 09.06.2014' to fi
WARNING: Setting default language of 'deprecated on 10.12.2015' to fi
WARNING: Setting default language of 'deprecated on 24.09.2014' to fi
WARNING: Setting default language of 'deprecated on 18.02.2014' to fi
WARNING: Setting default language of 'deprecated on 24.09.2014' to fi
WARNING: Setting default language of 'deprecated on 2020-06-23' to fi
WARNING: Setting default language of 'deprecated on 26.05.2016' to fi
WARNING: Setting default language of 'deprecated on 2020-02-11' to fi
WARNING: Setting default language of 'deprecated on 05.09.2016' to fi
WARNING: Setting default language of 'deprecated on 2019-02-15' to fi
WARNING: Setting default language of 'deprecated on 09.10.2018' to fi
WARNING: Setting default language of 'deprecated on 2019-05-14' to fi
WARNING: Setting default language of 'deprecated on 10.12.2015' to fi
WARNING: Setting default language of 'deprecated on 2019-02-22' to fi
WARNING: Setting default language of 'deprecated on 24.09.2014' to fi
WARNING: Setting default language of 'deprecated on 18.02.2014' to fi
WARNING: Setting default language of 'deprecated on 20.12.2016' to fi
WARNING: Setting default language of 'deprecated on 17.01.2018' to fi
WARNING: Setting default language of 'deprecated on 26.05.2016' to fi
WARNING: Setting default language of 'deprecated on 24.09.2014' to fi
WARNING: Setting default language of 'deprecated on 2019-02-20' to fi
WARNING: Setting default language of 'deprecated on 10.12.2015' to fi
WARNING: Setting default language of 'deprecated on 2023-03-22' to fi
WARNING: Setting default language of 'deprecated on 08.08.2018' to fi
WARNING: Setting default language of 'deprecated on 24.09.2014' to fi
WARNING: Setting default language of 'deprecated on 13.03.2018' to fi
WARNING: Setting default language of 'deprecated on 2020-07-02' to fi
WARNING: Setting default language of 'deprecated on 2025-05-09' to fi
WARNING: Setting default language of 'deprecated on 10.12.2015' to fi
WARNING: Setting default language of 'deprecated on 26.05.2016' to fi
WARNING: Setting default language of 'deprecated on 2019-02-27' to fi
WARNING: Setting default language of 'deprecated on 10.12.2015' to fi
WARNING: Setting default language of 'deprecated on 24.09.2014' to fi
WARNING: Setting default language of 'deprecated on 03.07.2012' to fi
WARNING: Setting default language of 'deprecated on 2022-02-05' to fi
WARNING: Setting default language of 'deprecated on 20.12.2016' to fi
WARNING: Setting default language of 'deprecated on 24.09.2014' to fi
WARNING: Setting default language of 'deprecated on 2025-12-15' to fi
WARNING: Setting default language of 'deprecated on 2019-02-19' to fi
WARNING: Setting default language of 'deprecated on 2020-02-11' to fi
WARNING: Setting default language of 'deprecated on 26.05.2016' to fi
WARNING: Setting default language of 'deprecated on 24.09.2014' to fi
WARNING: Setting default language of 'deprecated on 2019-02-26' to fi
WARNING: Setting default language of 'deprecated on 2024-01-23' to fi
WARNING: Setting default language of 'deprecated on 10.12.2015' to fi
WARNING: Setting default language of 'deprecated on 2024-06-18' to fi
WARNING: Setting default language of 'deprecated on 2019-05-14' to fi
WARNING: Setting default language of 'deprecated on 2026-01-21' to fi
WARNING: Setting default language of 'deprecated on 26.05.2016' to fi
WARNING: Setting default language of 'deprecated on 24.09.2014' to fi
WARNING: Setting default language of 'deprecated on 26.05.2016' to fi
WARNING: Setting default language of 'deprecated on 2019-05-15' to fi
WARNING: Setting default language of 'deprecated on 26.05.2016' to fi
WARNING: Setting default language of 'deprecated on 10.12.2015' to fi
WARNING: Setting default language of 'deprecated on 26.05.2016' to fi
WARNING: Setting default language of 'deprecated on 10.12.2015' to fi
WARNING: Setting default language of 'deprecated on 2024-08-23' to fi
WARNING: Setting default language of 'deprecated on 2021-02-24' to fi
WARNING: Setting default language of 'deprecated on 2026-01-21' to fi
WARNING: Setting default language of 'deprecated on 26.05.2016' to fi
WARNING: Setting default language of 'deprecated on 26.05.2016' to fi
WARNING: Setting default language of 'deprecated on 24.09.2014' to fi
WARNING: Setting default language of 'deprecated on 26.05.2016' to fi
WARNING: Setting default language of 'deprecated on 26.05.2016' to fi
WARNING: Setting default language of 'deprecated on 10.12.2015' to fi
WARNING: Setting default language of 'deprecated on 10.12.2015' to fi
WARNING: Setting default language of 'deprecated on 26.05.2016' to fi
WARNING: Setting default language of 'deprecated on 2022-02-05' to fi
WARNING: Setting default language of 'deprecated on 24.09.2014' to fi
WARNING: Setting default language of 'deprecated on 2020-02-22' to fi
WARNING: Setting default language of 'deprecated on 2026-04-24' to fi
WARNING: Setting default language of 'deprecated on 10.04.2014' to fi
WARNING: Setting default language of 'deprecated on 24.09.2014' to fi
WARNING: Setting default language of 'deprecated on 2026-01-10' to fi
WARNING: Setting default language of 'deprecated on 09.06.2014' to fi
WARNING: Setting default language of 'deprecated on 2023-05-18' to fi
WARNING: Setting default language of 'deprecated on 24.09.2014' to fi
WARNING: Setting default language of 'deprecated on 20.12.2016' to fi
WARNING: Setting default language of 'deprecated on 18.02.2014' to fi
WARNING: Setting default language of 'deprecated on 24.09.2014' to fi
WARNING: Setting default language of 'deprecated on 10.12.2015' to fi
WARNING: Setting default language of 'deprecated on 20.12.2016' to fi
WARNING: Setting default language of 'deprecated on 03.10.2018' to fi
WARNING: Setting default language of 'deprecated on 24.09.2014' to fi
WARNING: Setting default language of 'deprecated on 26.05.2016' to fi
WARNING: Setting default language of 'deprecated on 2022-04-08' to fi
WARNING: Setting default language of 'deprecated on 10.12.2015' to fi
WARNING: Setting default language of 'deprecated on 26.05.2016' to fi
WARNING: Setting default language of 'deprecated on 10.12.2015' to fi
WARNING: Setting default language of 'deprecated on 18.02.2014' to fi
WARNING: Setting default language of 'deprecated on 2021-05-29' to fi
WARNING: Setting default language of 'deprecated on 10.12.2015' to fi
WARNING: Setting default language of 'deprecated on 2024-03-19' to fi
WARNING: Setting default language of 'deprecated on 2025-12-15' to fi
WARNING: Setting default language of 'deprecated on 2025-12-15' to fi
WARNING: Setting default language of 'deprecated on 2019-06-25' to fi
WARNING: Setting default language of 'deprecated on 18.02.2014' to fi
WARNING: Setting default language of 'deprecated on 08.08.2018' to fi
WARNING: Setting default language of 'deprecated on 21.02.2012' to fi
WARNING: Setting default language of 'deprecated on 24.09.2014' to fi
WARNING: Setting default language of 'deprecated on 13.03.2018' to fi
WARNING: Setting default language of 'deprecated on 2018-12-18' to fi
WARNING: Setting default language of 'deprecated on 10.04.2014' to fi
WARNING: Setting default language of 'deprecated on 2024-11-06' to fi
WARNING: Setting default language of 'deprecated on 10.12.2015' to fi
WARNING: Setting default language of 'deprecated on 2022-01-26' to fi
WARNING: Setting default language of 'deprecated on 08.08.2018' to fi
WARNING: Setting default language of 'deprecated on 2020-05-15' to fi
WARNING: Setting default language of 'deprecated on 2019-02-06' to fi
WARNING: Setting default language of 'deprecated on 2023-05-03' to fi
WARNING: Setting default language of 'deprecated on 2022-11-08' to fi
WARNING: Setting default language of 'deprecated on 09.06.2014' to fi
WARNING: Setting default language of 'deprecated on 20.12.2016' to fi
WARNING: Setting default language of 'deprecated on 09.06.2014' to fi
WARNING: Setting default language of 'deprecated on 2022-06-22' to fi
WARNING: Setting default language of 'deprecated on 15.11.2016' to fi
WARNING: Setting default language of 'deprecated on 15.11.2016' to fi
WARNING: Setting default language of 'deprecated on 15.11.2016' to fi
WARNING: Setting default language of 'deprecated on 2024-05-08' to fi
WARNING: Setting default language of 'deprecated on 2019-02-26' to fi
WARNING: Setting default language of 'deprecated on 10.12.2015' to fi
WARNING: Setting default language of 'deprecated on 26.05.2016' to fi
WARNING: Setting default language of 'deprecated on 2019-05-15' to fi
WARNING: Setting default language of 'deprecated on 16.02.2018' to fi
WARNING: Setting default language of 'deprecated on 24.09.2014' to fi
WARNING: Setting default language of 'deprecated on 26.05.2016' to fi
WARNING: Setting default language of 'deprecated on 26.05.2016' to fi
WARNING: Setting default language of 'deprecated on 26.05.2016' to fi
WARNING: Setting default language of 'deprecated on 26.05.2016' to fi
WARNING: Setting default language of 'deprecated on 05.09.2016' to fi
WARNING: Setting default language of 'deprecated on 13.03.2018' to fi
WARNING: Setting default language of 'deprecated on 12.05.2017' to fi
WARNING: Setting default language of 'deprecated on 05.09.2011' to fi
WARNING: Setting default language of 'deprecated on 07.02.2017' to fi
WARNING: Setting default language of 'deprecated on 2019-02-19' to fi
WARNING: Setting default language of 'deprecated on 2026-01-10' to fi
WARNING: Setting default language of 'deprecated on 10.12.2015' to fi
WARNING: Setting default language of 'deprecated on 2019-04-10' to fi
WARNING: Setting default language of 'deprecated on 2023-10-24' to fi
WARNING: Setting default language of 'deprecated on 2019-05-21' to fi
WARNING: Setting default language of 'deprecated on 2024-08-20' to fi
WARNING: Setting default language of 'deprecated on 07.02.2017' to fi
WARNING: Setting default language of 'deprecated on 2019-05-14' to fi
WARNING: Setting default language of 'deprecated on 2019-02-08' to fi
WARNING: Setting default language of 'deprecated on 23.02.2017' to fi
WARNING: Setting default language of 'deprecated on 20.12.2016' to fi
WARNING: Setting default language of 'deprecated on 24.09.2014' to fi
WARNING: Setting default language of 'deprecated on 2019-02-19' to fi
WARNING: Setting default language of 'deprecated on 24.09.2014' to fi
WARNING: Setting default language of 'deprecated on 03.10.2018' to fi
WARNING: Setting default language of 'deprecated on 05.10.2018' to fi
WARNING: Setting default language of 'deprecated on 13.03.2018' to fi
WARNING: Setting default language of 'deprecated on 10.12.2015' to fi
WARNING: Setting default language of 'deprecated on 2019-05-21' to fi
WARNING: Setting default language of 'deprecated on 2019-05-15' to fi
WARNING: Setting default language of 'deprecated on 19.09.2017' to fi
WARNING: Setting default language of 'deprecated on 2021-06-05' to fi
WARNING: Setting default language of 'deprecated on 23.08.2018' to fi
WARNING: Setting default language of 'deprecated on 2018-12-19' to fi
WARNING: Setting default language of 'deprecated on 24.09.2014' to fi
WARNING: Setting default language of 'deprecated on 26.05.2016' to fi
WARNING: Setting default language of 'deprecated on 2019-02-21' to fi
WARNING: Setting default language of 'deprecated on 2026-04-21' to fi
WARNING: Setting default language of 'deprecated on 11.10.2016' to fi
WARNING: Setting default language of 'deprecated on 2024-11-06' to fi
WARNING: Setting default language of 'deprecated on 12.12.2011' to fi
WARNING: Setting default language of 'deprecated on 24.09.2014' to fi
WARNING: Setting default language of 'deprecated on 10.12.2015' to fi
WARNING: Setting default language of 'deprecated on 2025-04-09' to fi
WARNING: Setting default language of 'deprecated on 24.09.2014' to fi
WARNING: Setting default language of 'deprecated on 2018-12-18' to fi
WARNING: Setting default language of 'deprecated on 24.09.2014' to fi
WARNING: Setting default language of 'deprecated on 2026-04-21' to fi
WARNING: Setting default language of 'deprecated on 2021-06-01' to fi
WARNING: Setting default language of 'deprecated on 26.05.2016' to fi
WARNING: Setting default language of 'deprecated on 2020-05-15' to fi
WARNING: Setting default language of 'deprecated on 10.12.2015' to fi
WARNING: Setting default language of 'deprecated on 26.05.2016' to fi
WARNING: Setting default language of 'deprecated on 08.08.2018' to fi
WARNING: Setting default language of 'deprecated on 24.09.2014' to fi
WARNING: Setting default language of 'deprecated on 09.10.2018' to fi
WARNING: Setting default language of 'deprecated on 18.02.2014' to fi
WARNING: Setting default language of 'deprecated on 10.12.2015' to fi
WARNING: Setting default language of 'deprecated on 10.12.2015' to fi
WARNING: Setting default language of 'deprecated on 24.09.2014' to fi
WARNING: Setting default language of 'deprecated on 24.09.2014' to fi
WARNING: Setting default language of 'deprecated on 26.05.2016' to fi
WARNING: Setting default language of 'deprecated on 2019-05-15' to fi
WARNING: Setting default language of 'deprecated on 24.09.2014' to fi
WARNING: Setting default language of 'deprecated on 05.09.2016' to fi
WARNING: Setting default language of 'deprecated on 12.12.2011' to fi
WARNING: Setting default language of 'deprecated on 2024-01-23' to fi
WARNING: Setting default language of 'deprecated on 24.09.2014' to fi
WARNING: Setting default language of 'deprecated on 10.12.2015' to fi
WARNING: Setting default language of 'deprecated on 21.02.2012' to fi
WARNING: Setting default language of 'deprecated on 26.05.2016' to fi
WARNING: Setting default language of 'deprecated on 26.05.2016' to fi
WARNING: Setting default language of 'deprecated on 2018-12-20' to fi
WARNING: Setting default language of 'deprecated on 2022-02-05' to fi
WARNING: Setting default language of 'deprecated on 10.12.2015' to fi
WARNING: Setting default language of 'deprecated on 2019-02-20' to fi
WARNING: Setting default language of 'deprecated on 24.09.2014' to fi
WARNING: Setting default language of 'deprecated on 05.09.2016' to fi
WARNING: Setting default language of 'deprecated on 10.12.2015' to fi
WARNING: Setting default language of 'deprecated on 05.09.2016' to fi
WARNING: Setting default language of 'deprecated on 26.05.2016' to fi
WARNING: Setting default language of 'deprecated on 26.05.2016' to fi
WARNING: Setting default language of 'deprecated on 2020-10-01' to fi
WARNING: Setting default language of 'deprecated on 21.02.2012' to fi
WARNING: Setting default language of 'deprecated on 05.09.2016' to fi
WARNING: Setting default language of 'deprecated on 2021-11-06' to fi
WARNING: Setting default language of 'deprecated on 10.11.2016' to fi
WARNING: Setting default language of 'deprecated on 26.05.2016' to fi
WARNING: Setting default language of 'deprecated on 26.05.2016' to fi
WARNING: Setting default language of 'deprecated on 10.12.2015' to fi
WARNING: Setting default language of 'deprecated on 2024-11-06' to fi
WARNING: Setting default language of 'deprecated on 2019-05-21' to fi
WARNING: Setting default language of 'deprecated on 10.12.2015' to fi
WARNING: Setting default language of 'deprecated on 2022-03-15' to fi
WARNING: Setting default language of 'deprecated on 2019-02-08' to fi
WARNING: Setting default language of 'deprecated on 10.12.2015' to fi
WARNING: Setting default language of 'deprecated on 2019-05-17' to fi
WARNING: Setting default language of 'deprecated on 10.12.2015' to fi
WARNING: Setting default language of 'deprecated on 2024-10-22' to fi
WARNING: Setting default language of 'deprecated on 2024-10-22' to fi
WARNING: Setting default language of 'deprecated on 24.09.2014' to fi
WARNING: Setting default language of 'deprecated on 2020-09-12' to fi
WARNING: Setting default language of 'deprecated on 2020-02-18' to fi
WARNING: Setting default language of 'deprecated on 2019-05-15' to fi
WARNING: Setting default language of 'deprecated on 21.04.2018' to fi
WARNING: Setting default language of 'deprecated on 24.09.2014' to fi
WARNING: Setting default language of 'deprecated on 2021-02-24' to fi
WARNING: Setting default language of 'deprecated on 2019-05-21' to fi
WARNING: Setting default language of 'deprecated on 2022-10-11' to fi
WARNING: Setting default language of 'deprecated on 2021-10-21' to fi
WARNING: Setting default language of 'deprecated on 2021-10-21' to fi
WARNING: Setting default language of 'deprecated on 2023-05-03' to fi
WARNING: Setting default language of 'deprecated on 2023-05-03' to fi
WARNING: Setting default language of 'deprecated on 2019-05-16' to fi
WARNING: Setting default language of 'deprecated on 2026-01-21' to fi
WARNING: Setting default language of 'deprecated on 2022-04-08' to fi
WARNING: Setting default language of 'deprecated on 24.09.2014' to fi
WARNING: Setting default language of 'deprecated on 2022-06-22' to fi
WARNING: Setting default language of 'deprecated on 2024-05-08' to fi
WARNING: Setting default language of 'deprecated on 05.09.2011' to fi
WARNING: Setting default language of 'deprecated on 2019-05-15' to fi
WARNING: Setting default language of 'deprecated on 2025-12-15' to fi
WARNING: Setting default language of 'deprecated on 2019-02-08' to fi
WARNING: Setting default language of 'deprecated on 20.12.2016' to fi
WARNING: Setting default language of 'deprecated on 2020-02-22' to fi
WARNING: Setting default language of 'deprecated on 2025-03-28' to fi
WARNING: Setting default language of 'deprecated on 24.09.2014' to fi
WARNING: Setting default language of 'deprecated on 26.05.2016' to fi
WARNING: Setting default language of 'deprecated on 12.12.2011' to fi
WARNING: Setting default language of 'deprecated on 26.05.2016' to fi
WARNING: Setting default language of 'deprecated on 24.09.2014' to fi
WARNING: Setting default language of 'deprecated on 2025-04-09' to fi
WARNING: Setting default language of 'deprecated on 12.12.2011' to fi
WARNING: Setting default language of 'deprecated on 2019-02-26' to fi
WARNING: Setting default language of 'deprecated on 2024-05-08' to fi
WARNING: Setting default language of 'deprecated on 2021-11-06' to fi
WARNING: Setting default language of 'deprecated on 2019-05-21' to fi
WARNING: Setting default language of 'deprecated on 2019-11-14' to fi
WARNING: Setting default language of 'deprecated on 09.06.2014' to fi
WARNING: Setting default language of 'deprecated on 2018-12-20' to fi
WARNING: Setting default language of 'deprecated on 21.02.2012' to fi
WARNING: Setting default language of 'deprecated on 2018-12-20' to fi
WARNING: Setting default language of 'deprecated on 05.10.2018' to fi
WARNING: Setting default language of 'deprecated on 2025-12-15' to fi
WARNING: Setting default language of 'deprecated on 2026-04-21' to fi
WARNING: Setting default language of 'deprecated on 2026-04-21' to fi
WARNING: Setting default language of 'deprecated on 24.09.2014' to fi
WARNING: Setting default language of 'deprecated on 2020-03-26' to fi
WARNING: Setting default language of 'deprecated on 2024-01-23' to fi
WARNING: Setting default language of 'deprecated on 10.04.2014' to fi
WARNING: Setting default language of 'deprecated on 19.09.2017' to fi
WARNING: Setting default language of 'deprecated on 24.09.2014' to fi
WARNING: Setting default language of 'deprecated on 18.02.2014' to fi
WARNING: Setting default language of 'deprecated on 24.09.2014' to fi
WARNING: Setting default language of 'deprecated on 2025-05-10' to fi
WARNING: Setting default language of 'deprecated on 10.12.2015' to fi
WARNING: Setting default language of 'deprecated on 2019-02-27' to fi
WARNING: Setting default language of 'deprecated on 2019-04-10' to fi
WARNING: Setting default language of 'deprecated on 18.02.2014' to fi
WARNING: Setting default language of 'deprecated on 24.09.2014' to fi
WARNING: Setting default language of 'deprecated on 24.09.2014' to fi
WARNING: Setting default language of 'deprecated on 18.02.2014' to fi
WARNING: Setting default language of 'deprecated on 05.09.2016' to fi
WARNING: Setting default language of 'deprecated on 24.09.2014' to fi
WARNING: Setting default language of 'deprecated on 2020-02-22' to fi
WARNING: Setting default language of 'deprecated on 2021-02-20' to fi
WARNING: Setting default language of 'deprecated on 2019-02-26' to fi
WARNING: Setting default language of 'deprecated on 2022-05-06' to fi
WARNING: Setting default language of 'deprecated on 24.09.2014' to fi
WARNING: Setting default language of 'deprecated on 10.12.2015' to fi
WARNING: Setting default language of 'deprecated on 2024-04-05' to fi
WARNING: Setting default language of 'deprecated on 10.12.2015' to fi
WARNING: Setting default language of 'deprecated on 05.10.2018' to fi
WARNING: Setting default language of 'deprecated on 2019-02-15' to fi
WARNING: Setting default language of 'deprecated on 26.05.2016' to fi
WARNING: Setting default language of 'deprecated on 2019-05-15' to fi
WARNING: Setting default language of 'deprecated on 26.05.2016' to fi
WARNING: Setting default language of 'deprecated on 24.09.2014' to fi
WARNING: Setting default language of 'deprecated on 10.04.2014' to fi
WARNING: Setting default language of 'deprecated on 17.01.2018' to fi
WARNING: Setting default language of 'deprecated on 2018-12-19' to fi
WARNING: Setting default language of 'deprecated on 2019-01-03' to fi
WARNING: Setting default language of 'deprecated on 2020-04-30' to fi
WARNING: Setting default language of 'deprecated on 26.05.2016' to fi
WARNING: Setting default language of 'deprecated on 2022-02-05' to fi
WARNING: Setting default language of 'deprecated on 10.04.2014' to fi
WARNING: Setting default language of 'deprecated on 2019-11-14' to fi
WARNING: Setting default language of 'deprecated on 03.07.2012' to fi
WARNING: Setting default language of 'deprecated on 12.12.2011' to fi
WARNING: Setting default language of 'deprecated on 2019-01-03' to fi
WARNING: Setting default language of 'deprecated on 2019-03-05' to fi
WARNING: Setting default language of 'deprecated on 2019-05-21' to fi
WARNING: Setting default language of 'deprecated on 24.09.2014' to fi
WARNING: Setting default language of 'deprecated on 2019-05-15' to fi
WARNING: Setting default language of 'deprecated on 26.05.2016' to fi
WARNING: Setting default language of 'deprecated on 10.12.2015' to fi
WARNING: Setting default language of 'deprecated on 08.08.2018' to fi
WARNING: Setting default language of 'deprecated on 2022-04-22' to fi
WARNING: Setting default language of 'deprecated on 2022-11-08' to fi
WARNING: Setting default language of 'deprecated on 23.02.2018' to fi
WARNING: Setting default language of 'deprecated on 18.02.2014' to fi
WARNING: Setting default language of 'deprecated on 10.12.2015' to fi
WARNING: Setting default language of 'deprecated on 2025-01-24' to fi
WARNING: Setting default language of 'deprecated on 10.04.2014' to fi
WARNING: Setting default language of 'deprecated on 24.09.2014' to fi
WARNING: Setting default language of 'deprecated on 24.09.2014' to fi
WARNING: Setting default language of 'deprecated on 10.12.2015' to fi
WARNING: Setting default language of 'deprecated on 26.05.2016' to fi
WARNING: Setting default language of 'deprecated on 10.12.2015' to fi
WARNING: Setting default language of 'deprecated on 24.09.2014' to fi
WARNING: Setting default language of 'deprecated on 24.09.2014' to fi
WARNING: Setting default language of 'deprecated on 24.09.2014' to fi
WARNING: Setting default language of 'deprecated on 26.05.2016' to fi
WARNING: Setting default language of 'deprecated on 26.05.2016' to fi
WARNING: Setting default language of 'deprecated on 2019-02-14' to fi
WARNING: Setting default language of 'deprecated on 10.12.2015' to fi
WARNING: Setting default language of 'deprecated on 24.09.2014' to fi
WARNING: Setting default language of 'deprecated on 10.12.2015' to fi
WARNING: Setting default language of 'deprecated on 05.09.2011' to fi
WARNING: Setting default language of 'deprecated on 2024-01-27' to fi
WARNING: Setting default language of 'deprecated on 2020-06-23' to fi
WARNING: Setting default language of 'deprecated on 24.09.2014' to fi
WARNING: Setting default language of 'deprecated on 2024-11-06' to fi
WARNING: Setting default language of 'deprecated on 2022-01-06' to fi
WARNING: Setting default language of 'deprecated on 08.08.2018' to fi
WARNING: Setting default language of 'deprecated on 09.06.2014' to fi
WARNING: Setting default language of 'deprecated on 12.12.2011' to fi
WARNING: Setting default language of 'deprecated on 2021-05-29' to fi
WARNING: Setting default language of 'deprecated on 09.06.2014' to fi
WARNING: Setting default language of 'deprecated on 2025-06-27' to fi
WARNING: Setting default language of 'deprecated on 05.09.2016' to fi
WARNING: Setting default language of 'deprecated on 2021-12-29' to fi
WARNING: Setting default language of 'deprecated on 08.08.2018' to fi
WARNING: Setting default language of 'deprecated on 2022-02-05' to fi
WARNING: Setting default language of 'deprecated on 05.09.2016' to fi
WARNING: Setting default language of 'deprecated on 08.08.2018' to fi
WARNING: Setting default language of 'deprecated on 13.03.2018' to fi
WARNING: Setting default language of 'deprecated on 2019-05-21' to fi
WARNING: Setting default language of 'deprecated on 05.09.2016' to fi
WARNING: Setting default language of 'deprecated on 2018-12-19' to fi
WARNING: Setting default language of 'deprecated on 26.05.2016' to fi
WARNING: Setting default language of 'deprecated on 10.12.2015' to fi
WARNING: Setting default language of 'deprecated on 2018-12-18' to fi
WARNING: Setting default language of 'deprecated on 18.02.2014' to fi
WARNING: Setting default language of 'deprecated on 20.12.2016' to fi
WARNING: Setting default language of 'deprecated on 2022-06-22' to fi
WARNING: Setting default language of 'deprecated on 19.09.2017' to fi
WARNING: Setting default language of 'deprecated on 26.05.2016' to fi
WARNING: Setting default language of 'Används endast i historiska sammanhang. I övriga fall används begreppet <a href='http://www.yso.fi/onto/yso/p282'>daghem</a>.' to fi
WARNING: Setting default language of 'Käytetään vain historiallisessa yhteydessä, muissa tapauksissa käytä käsitettä <a href='http://www.yso.fi/onto/yso/p282'>päiväkodit</a>.' to fi
WARNING: Setting default language of 'Only used in historical contexts. For contemporary use, see <a href='http://www.yso.fi/onto/yso/p282'>day care centres</a>.' to fi
WARNING: Setting default language of 'deprecated on 2020-06-23' to fi
WARNING: Setting default language of 'deprecated on 24.09.2014' to fi
WARNING: Setting default language of 'deprecated on 24.09.2014' to fi
WARNING: Setting default language of 'deprecated on 2019-05-21' to fi
WARNING: Setting default language of 'deprecated on 26.05.2016' to fi
WARNING: Setting default language of 'deprecated on 07.04.2017' to fi
WARNING: Setting default language of 'deprecated on 2024-01-23' to fi
WARNING: Setting default language of 'deprecated on 24.09.2014' to fi
WARNING: Setting default language of 'deprecated on 2018-12-18' to fi
WARNING: Setting default language of 'deprecated on 10.12.2015' to fi
WARNING: Setting default language of 'deprecated on 24.09.2014' to fi
WARNING: Setting default language of 'deprecated on 24.09.2014' to fi
WARNING: Setting default language of 'deprecated on 2020-07-02' to fi
WARNING: Setting default language of 'deprecated on 2020-04-30' to fi
WARNING: Setting default language of 'deprecated on 2025-12-15' to fi
WARNING: Setting default language of 'deprecated on 26.05.2016' to fi
WARNING: Setting default language of 'deprecated on 10.04.2014' to fi
WARNING: Setting default language of 'deprecated on 18.02.2014' to fi
WARNING: Setting default language of 'deprecated on 05.09.2016' to fi
WARNING: Setting default language of 'deprecated on 2019-05-15' to fi
WARNING: Setting default language of 'deprecated on 2019-02-20' to fi
WARNING: Setting default language of 'deprecated on 2020-02-11' to fi
WARNING: Setting default language of 'deprecated on 2020-01-25' to fi
WARNING: Setting default language of 'deprecated on 10.12.2015' to fi
WARNING: Setting default language of 'deprecated on 10.12.2015' to fi
WARNING: Setting default language of 'deprecated on 2023-01-20' to fi
WARNING: Setting default language of 'deprecated on 2024-01-23' to fi
WARNING: Setting default language of 'deprecated on 24.09.2014' to fi
WARNING: Setting default language of 'deprecated on 24.09.2014' to fi
WARNING: Setting default language of 'deprecated on 2019-02-19' to fi
WARNING: Setting default language of 'deprecated on 10.12.2015' to fi
WARNING: Setting default language of 'deprecated on 05.09.2016' to fi
WARNING: Setting default language of 'deprecated on 2019-05-14' to fi
WARNING: Setting default language of 'deprecated on 05.09.2016' to fi
WARNING: Setting default language of 'deprecated on 24.09.2014' to fi
WARNING: Setting default language of 'deprecated on 2024-06-18' to fi
WARNING: Setting default language of 'deprecated on 24.09.2014' to fi
WARNING: Setting default language of 'deprecated on 10.04.2014' to fi
WARNING: Setting default language of 'deprecated on 10.12.2015' to fi
WARNING: Setting default language of 'deprecated on 10.12.2015' to fi
WARNING: Setting default language of 'deprecated on 26.05.2016' to fi
WARNING: Setting default language of 'deprecated on 20.09.2016' to fi
WARNING: Setting default language of 'deprecated on 03.07.2012' to fi
WARNING: Setting default language of 'deprecated on 24.09.2014' to fi
WARNING: Setting default language of 'deprecated on 09.06.2014' to fi
WARNING: Setting default language of 'deprecated on 10.12.2015' to fi
WARNING: Setting default language of 'deprecated on 10.12.2015' to fi
WARNING: Setting default language of 'deprecated on 20.12.2016' to fi
WARNING: Setting default language of 'deprecated on 10.12.2015' to fi
WARNING: Setting default language of 'deprecated on 2026-04-21' to fi
WARNING: Setting default language of 'deprecated on 10.12.2015' to fi
WARNING: Setting default language of 'deprecated on 18.02.2014' to fi
WARNING: Setting default language of 'deprecated on 05.10.2018' to fi
WARNING: Setting default language of 'deprecated on 2019-05-15' to fi
WARNING: Setting default language of 'deprecated on 2020-04-30' to fi
WARNING: Setting default language of 'deprecated on 09.06.2014' to fi
WARNING: Setting default language of 'deprecated on 24.09.2014' to fi
WARNING: Setting default language of 'deprecated on 2019-02-19' to fi
WARNING: Setting default language of 'deprecated on 24.09.2014' to fi
WARNING: Setting default language of 'deprecated on 24.09.2014' to fi
WARNING: Setting default language of 'deprecated on 24.09.2014' to fi
WARNING: Setting default language of 'deprecated on 2019-05-15' to fi
WARNING: Setting default language of 'deprecated on 2019-05-15' to fi
WARNING: Setting default language of 'deprecated on 24.09.2014' to fi
WARNING: Setting default language of 'deprecated on 09.06.2014' to fi
WARNING: Setting default language of 'deprecated on 2019-03-08' to fi
WARNING: Setting default language of 'deprecated on 10.12.2015' to fi
WARNING: Setting default language of 'deprecated on 10.12.2015' to fi
WARNING: Setting default language of 'deprecated on 2019-02-19' to fi
WARNING: Setting default language of 'deprecated on 21.02.2012' to fi
WARNING: Setting default language of 'deprecated on 30.01.2018' to fi
WARNING: Setting default language of 'deprecated on 2025-05-10' to fi
WARNING: Setting default language of 'deprecated on 2019-03-05' to fi
WARNING: Setting default language of 'deprecated on 2018-12-18' to fi
WARNING: Setting default language of 'deprecated on 2023-06-01' to fi
WARNING: Setting default language of 'deprecated on 18.02.2014' to fi
WARNING: Setting default language of 'deprecated on 09.06.2014' to fi
WARNING: Setting default language of 'deprecated on 26.05.2016' to fi
WARNING: Setting default language of 'deprecated on 10.04.2014' to fi
WARNING: Setting default language of 'deprecated on 26.05.2016' to fi
WARNING: Setting default language of 'deprecated on 24.09.2014' to fi
WARNING: Setting default language of 'deprecated on 19.09.2017' to fi
WARNING: Setting default language of 'deprecated on 23.08.2018' to fi
WARNING: Setting default language of 'deprecated on 2026-04-21' to fi
WARNING: Setting default language of 'deprecated on 24.09.2014' to fi
WARNING: Setting default language of 'deprecated on 08.08.2018' to fi
WARNING: Setting default language of 'deprecated on 08.08.2018' to fi
WARNING: Setting default language of 'deprecated on 10.04.2014' to fi
WARNING: Setting default language of 'deprecated on 09.06.2014' to fi
WARNING: Setting default language of 'deprecated on 18.02.2014' to fi
WARNING: Setting default language of 'deprecated on 16.01.2018' to fi
WARNING: Setting default language of 'deprecated on 26.05.2016' to fi
WARNING: Setting default language of 'deprecated on 09.10.2018' to fi
WARNING: Setting default language of 'deprecated on 10.12.2015' to fi
WARNING: Setting default language of 'deprecated on 24.09.2014' to fi
WARNING: Setting default language of 'deprecated on 24.09.2014' to fi
WARNING: Setting default language of 'deprecated on 2025-06-27' to fi
WARNING: Setting default language of 'deprecated on 02.10.2018' to fi
WARNING: Setting default language of 'deprecated on 26.05.2016' to fi
WARNING: Setting default language of 'deprecated on 09.06.2014' to fi
WARNING: Setting default language of 'deprecated on 09.06.2014' to fi
WARNING: Setting default language of 'deprecated on 10.04.2014' to fi
WARNING: Setting default language of 'deprecated on 24.09.2014' to fi
WARNING: Setting default language of 'deprecated on 21.02.2012' to fi
WARNING: Setting default language of 'deprecated on 2024-08-20' to fi
WARNING: Setting default language of 'deprecated on 10.12.2015' to fi
WARNING: Setting default language of 'deprecated on 10.04.2014' to fi
WARNING: Setting default language of 'deprecated on 10.04.2014' to fi
WARNING: Setting default language of 'deprecated on 21.02.2012' to fi
WARNING: Setting default language of 'deprecated on 21.02.2012' to fi
WARNING: Setting default language of 'deprecated on 2018-12-19' to fi
WARNING: Setting default language of 'deprecated on 13.03.2018' to fi
WARNING: Setting default language of 'deprecated on 2026-04-24' to fi
WARNING: Setting default language of 'Används endast i samband med arbetsplats-, myndighets- och företagsdemokrati. I övriga sammanhang används begreppet <a href='http://www.yso.fi/onto/yso/p6334'>samarbete</a>.' to fi
WARNING: Setting default language of 'Käsitettä käytetään vain työpaikka-, virasto- ja yritysdemokratian yhteydessä; muulloin käytä termiä <a href='http://www.yso.fi/onto/yso/p6334'>yhteistyö</a>.' to fi
WARNING: Setting default language of 'Only used when referring to industrial or office democracy. Otherwise, use <a href='http://www.yso.fi/onto/yso/p6334'>cooperation (general)</a>.' to fi
WARNING: Setting default language of 'deprecated on 2020-09-08' to fi
WARNING: Setting default language of 'deprecated on 05.10.2018' to fi
WARNING: Setting default language of 'deprecated on 2022-02-05' to fi
WARNING: Setting default language of 'deprecated on 10.12.2015' to fi
WARNING: Setting default language of 'deprecated on 2026-04-21' to fi
WARNING: Setting default language of 'deprecated on 26.05.2016' to fi
WARNING: Setting default language of 'deprecated on 05.09.2011' to fi
WARNING: Setting default language of 'deprecated on 10.12.2015' to fi
WARNING: Setting default language of 'deprecated on 10.12.2015' to fi
WARNING: Setting default language of 'deprecated on 2020-02-26' to fi
WARNING: Setting default language of 'deprecated on 09.06.2014' to fi
WARNING: Setting default language of 'deprecated on 09.06.2014' to fi
WARNING: Setting default language of 'deprecated on 10.12.2015' to fi
WARNING: Setting default language of 'deprecated on 2019-05-16' to fi
WARNING: Setting default language of 'deprecated on 24.09.2014' to fi
WARNING: Setting default language of 'deprecated on 24.09.2014' to fi
WARNING: Setting default language of 'deprecated on 05.10.2018' to fi
WARNING: Setting default language of 'deprecated on 2019-02-12' to fi
WARNING: Setting default language of 'deprecated on 24.09.2014' to fi
WARNING: Setting default language of 'deprecated on 24.09.2014' to fi
WARNING: Setting default language of 'deprecated on 24.09.2014' to fi
WARNING: Setting default language of 'Inom psykologi används begreppet <a href='http://www.yso.fi/onto/yso/p4251'>koncentrationsförmåga</a>.' to fi
WARNING: Setting default language of 'Psykologian yhteydessä käytä käsitettä <a href='http://www.yso.fi/onto/yso/p4251'>keskittymiskyky</a>.' to fi
WARNING: Setting default language of 'deprecated on 2022-02-05' to fi
WARNING: Setting default language of 'deprecated on 2022-04-22' to fi
WARNING: Setting default language of 'deprecated on 2022-05-06' to fi
WARNING: Setting default language of 'deprecated on 30.01.2018' to fi
WARNING: Setting default language of 'deprecated on 05.09.2011' to fi
WARNING: Setting default language of 'deprecated on 24.09.2014' to fi
WARNING: Setting default language of 'deprecated on 10.12.2015' to fi
WARNING: Setting default language of 'deprecated on 2025-12-15' to fi
WARNING: Setting default language of 'deprecated on 05.09.2011' to fi
WARNING: Setting default language of 'deprecated on 24.09.2014' to fi
WARNING: Setting default language of 'deprecated on 2020-07-02' to fi
WARNING: Setting default language of 'deprecated on 09.06.2014' to fi
WARNING: Setting default language of 'deprecated on 2022-05-06' to fi
WARNING: Setting default language of 'deprecated on 05.09.2011' to fi
WARNING: Setting default language of 'deprecated on 24.09.2014' to fi
WARNING: Setting default language of 'deprecated on 2019-05-21' to fi
WARNING: Setting default language of 'deprecated on 2019-05-14' to fi
WARNING: Setting default language of 'deprecated on 04.04.2018' to fi
WARNING: Setting default language of 'deprecated on 26.05.2016' to fi
WARNING: Setting default language of 'deprecated on 2019-02-19' to fi
WARNING: Setting default language of 'deprecated on 24.09.2014' to fi
WARNING: Setting default language of 'deprecated on 10.12.2015' to fi
WARNING: Setting default language of 'deprecated on 19.09.2017' to fi
WARNING: Setting default language of 'deprecated on 2025-03-28' to fi
WARNING: Setting default language of 'deprecated on 13.03.2018' to fi
WARNING: Setting default language of 'deprecated on 26.05.2016' to fi
WARNING: Setting default language of 'deprecated on 09.06.2014' to fi
WARNING: Setting default language of 'deprecated on 24.09.2014' to fi
WARNING: Setting default language of 'deprecated on 2024-11-06' to fi
WARNING: Setting default language of 'deprecated on 2024-11-06' to fi
WARNING: Setting default language of 'deprecated on 24.09.2014' to fi
WARNING: Setting default language of 'deprecated on 09.06.2014' to fi
WARNING: Setting default language of 'deprecated on 05.10.2018' to fi
WARNING: Setting default language of 'deprecated on 24.09.2014' to fi
WARNING: Setting default language of 'deprecated on 24.09.2014' to fi
WARNING: Setting default language of 'deprecated on 2019-11-14' to fi
WARNING: Setting default language of 'deprecated on 18.12.2013' to fi
WARNING: Setting default language of 'deprecated on 24.09.2014' to fi
WARNING: Setting default language of 'deprecated on 24.09.2014' to fi
WARNING: Setting default language of 'deprecated on 13.03.2018' to fi
WARNING: Setting default language of 'deprecated on 26.05.2016' to fi
WARNING: Setting default language of 'deprecated on 20.12.2016' to fi
WARNING: Setting default language of 'deprecated on 17.10.2018' to fi
WARNING: Setting default language of 'deprecated on 24.09.2014' to fi
WARNING: Setting default language of 'deprecated on 10.12.2015' to fi
WARNING: Setting default language of 'deprecated on 17.01.2018' to fi
WARNING: Setting default language of 'deprecated on 2026-04-24' to fi
WARNING: Setting default language of 'deprecated on 24.09.2014' to fi
WARNING: Setting default language of 'deprecated on 18.02.2014' to fi
WARNING: Setting default language of 'deprecated on 2019-05-21' to fi
WARNING: Setting default language of 'deprecated on 10.04.2014' to fi
WARNING: Setting default language of 'deprecated on 2020-12-01' to fi
WARNING: Setting default language of 'deprecated on 10.12.2015' to fi
WARNING: Setting default language of 'deprecated on 21.02.2012' to fi
WARNING: Setting default language of 'deprecated on 10.12.2015' to fi
WARNING: Setting default language of 'deprecated on 08.08.2018' to fi
WARNING: Setting default language of 'deprecated on 24.09.2014' to fi
WARNING: Setting default language of 'deprecated on 2019-05-21' to fi
WARNING: Setting default language of 'deprecated on 04.10.2018' to fi
WARNING: Setting default language of 'deprecated on 11.04.2018' to fi
WARNING: Setting default language of 'deprecated on 05.09.2016' to fi
WARNING: Setting default language of 'deprecated on 10.12.2015' to fi
WARNING: Setting default language of 'deprecated on 2024-01-27' to fi
WARNING: Setting default language of 'deprecated on 24.09.2014' to fi
WARNING: Setting default language of 'deprecated on 2020-05-15' to fi
WARNING: Setting default language of 'deprecated on 10.12.2015' to fi
WARNING: Setting default language of 'deprecated on 2019-02-15' to fi
WARNING: Setting default language of 'deprecated on 2019-02-15' to fi
WARNING: Setting default language of 'deprecated on 24.09.2014' to fi
WARNING: Setting default language of 'deprecated on 05.10.2018' to fi
WARNING: Setting default language of 'deprecated on 19.09.2017' to fi
WARNING: Setting default language of 'deprecated on 24.09.2014' to fi
WARNING: Setting default language of 'deprecated on 10.12.2015' to fi
WARNING: Setting default language of 'deprecated on 2026-04-21' to fi
WARNING: Setting default language of 'deprecated on 05.10.2018' to fi
WARNING: Setting default language of 'deprecated on 2019-02-15' to fi
WARNING: Setting default language of 'deprecated on 05.09.2016' to fi
WARNING: Setting default language of 'deprecated on 21.02.2012' to fi
WARNING: Setting default language of 'deprecated on 26.05.2016' to fi
WARNING: Setting default language of 'deprecated on 2024-11-06' to fi
WARNING: Setting default language of 'deprecated on 18.02.2014' to fi
WARNING: Setting default language of 'deprecated on 12.12.2011' to fi
WARNING: Setting default language of 'deprecated on 2022-04-08' to fi
WARNING: Setting default language of 'deprecated on 10.12.2015' to fi
WARNING: Setting default language of 'deprecated on 24.09.2014' to fi
WARNING: Setting default language of 'deprecated on 2024-01-17' to fi
WARNING: Setting default language of 'deprecated on 10.12.2015' to fi
WARNING: Setting default language of 'deprecated on 24.09.2014' to fi
WARNING: Setting default language of 'deprecated on 05.09.2011' to fi
WARNING: Setting default language of 'deprecated on 24.09.2014' to fi
WARNING: Setting default language of 'deprecated on 09.06.2014' to fi
WARNING: Setting default language of 'deprecated on 30.01.2018' to fi
WARNING: Setting default language of 'deprecated on 19.09.2017' to fi
WARNING: Setting default language of 'deprecated on 11.01.2018' to fi
WARNING: Setting default language of 'deprecated on 05.09.2011' to fi
WARNING: Setting default language of 'deprecated on 2025-05-10' to fi
WARNING: Setting default language of 'deprecated on 26.05.2016' to fi
WARNING: Setting default language of 'deprecated on 2019-05-15' to fi
WARNING: Setting default language of 'deprecated on 2020-11-21' to fi
WARNING: Setting default language of 'deprecated on 2022-04-22' to fi
WARNING: Setting default language of 'deprecated on 26.05.2016' to fi
WARNING: Setting default language of 'deprecated on 18.12.2013' to fi
WARNING: Setting default language of 'deprecated on 24.09.2014' to fi
WARNING: Setting default language of 'deprecated on 2020-09-08' to fi
WARNING: Setting default language of 'deprecated on 24.09.2014' to fi
WARNING: Setting default language of 'deprecated on 18.12.2013' to fi
WARNING: Setting default language of 'deprecated on 24.09.2014' to fi
WARNING: Setting default language of 'deprecated on 2018-12-19' to fi
WARNING: Setting default language of 'deprecated on 10.12.2015' to fi
WARNING: Setting default language of 'deprecated on 10.04.2014' to fi
WARNING: Setting default language of 'deprecated on 10.12.2015' to fi
WARNING: Setting default language of 'deprecated on 2021-06-25' to fi
WARNING: Setting default language of 'deprecated on 24.09.2014' to fi
WARNING: Setting default language of 'deprecated on 2019-05-15' to fi
WARNING: Setting default language of 'deprecated on 2022-04-09' to fi
WARNING: Setting default language of 'deprecated on 2022-04-08' to fi
WARNING: Setting default language of 'deprecated on 24.09.2014' to fi
WARNING: Setting default language of 'deprecated on 12.12.2011' to fi
WARNING: Setting default language of 'deprecated on 2020-02-22' to fi
WARNING: Setting default language of 'deprecated on 10.12.2015' to fi
WARNING: Setting default language of 'deprecated on 24.09.2014' to fi
WARNING: Setting default language of 'deprecated on 24.09.2014' to fi
WARNING: Setting default language of 'deprecated on 24.09.2014' to fi
WARNING: Setting default language of 'deprecated on 24.09.2014' to fi
WARNING: Setting default language of 'deprecated on 10.12.2015' to fi
WARNING: Setting default language of 'deprecated on 2025-04-09' to fi
WARNING: Setting default language of 'deprecated on 26.05.2016' to fi
WARNING: Setting default language of 'deprecated on 09.06.2014' to fi
WARNING: Setting default language of 'deprecated on 2024-01-17' to fi
WARNING: Setting default language of 'deprecated on 2024-06-18' to fi
WARNING: Setting default language of 'deprecated on 24.09.2014' to fi
WARNING: Setting default language of 'deprecated on 2019-05-15' to fi
WARNING: Setting default language of 'deprecated on 2019-05-15' to fi
WARNING: Setting default language of 'deprecated on 2025-04-09' to fi
WARNING: Setting default language of 'deprecated on 03.07.2012' to fi
WARNING: Setting default language of 'deprecated on 26.05.2016' to fi
WARNING: Setting default language of 'deprecated on 2026-04-21' to fi
WARNING: Setting default language of 'deprecated on 24.09.2014' to fi
WARNING: Setting default language of 'deprecated on 10.12.2015' to fi
WARNING: Setting default language of 'deprecated on 2020-09-30' to fi
WARNING: Setting default language of 'deprecated on 2024-01-17' to fi
WARNING: Setting default language of 'deprecated on 08.08.2018' to fi
WARNING: Setting default language of 'deprecated on 24.09.2014' to fi
WARNING: Setting default language of 'deprecated on 24.09.2014' to fi
WARNING: Setting default language of 'deprecated on 10.04.2014' to fi
WARNING: Setting default language of 'deprecated on 10.12.2015' to fi
WARNING: Setting default language of 'deprecated on 2025-05-10' to fi
WARNING: Setting default language of 'deprecated on 10.12.2015' to fi
WARNING: Setting default language of 'deprecated on 2019-02-21' to fi
WARNING: Setting default language of 'deprecated on 2024-01-17' to fi
WARNING: Setting default language of 'deprecated on 24.09.2014' to fi
WARNING: Setting default language of 'deprecated on 12.12.2011' to fi
WARNING: Setting default language of 'deprecated on 24.09.2014' to fi
WARNING: Setting default language of 'deprecated on 2019-05-15' to fi
WARNING: Setting default language of 'deprecated on 2019-02-15' to fi
WARNING: Setting default language of 'deprecated on 03.10.2018' to fi
WARNING: Setting default language of 'deprecated on 24.09.2014' to fi
WARNING: Setting default language of 'deprecated on 10.12.2015' to fi
WARNING: Setting default language of 'deprecated on 10.12.2015' to fi
WARNING: Setting default language of 'deprecated on 24.09.2014' to fi
WARNING: Setting default language of 'deprecated on 10.12.2015' to fi
WARNING: Setting default language of 'deprecated on 10.12.2015' to fi
WARNING: Setting default language of 'deprecated on 24.09.2014' to fi
WARNING: Setting default language of 'deprecated on 24.09.2014' to fi
WARNING: Setting default language of 'deprecated on 18.02.2014' to fi
WARNING: Setting default language of 'deprecated on 2019-05-15' to fi
WARNING: Setting default language of 'deprecated on 10.12.2015' to fi
WARNING: Setting default language of 'deprecated on 24.09.2014' to fi
WARNING: Setting default language of 'deprecated on 10.12.2015' to fi
WARNING: Setting default language of 'deprecated on 24.09.2014' to fi
WARNING: Setting default language of 'deprecated on 24.09.2014' to fi
WARNING: Setting default language of 'deprecated on 2019-05-21' to fi
WARNING: Setting default language of 'deprecated on 2024-01-23' to fi
WARNING: Setting default language of 'deprecated on 24.09.2014' to fi
WARNING: Setting default language of 'deprecated on 04.10.2018' to fi
WARNING: Setting default language of 'deprecated on 10.12.2015' to fi
WARNING: Setting default language of 'deprecated on 24.09.2014' to fi
WARNING: Setting default language of 'deprecated on 2018-12-20' to fi
WARNING: Setting default language of 'deprecated on 18.02.2014' to fi
WARNING: Setting default language of 'deprecated on 2020-09-03' to fi
WARNING: Setting default language of 'deprecated on 24.09.2014' to fi
WARNING: Setting default language of 'deprecated on 19.09.2017' to fi
WARNING: Setting default language of 'deprecated on 24.09.2014' to fi
WARNING: Setting default language of 'deprecated on 09.10.2018' to fi
WARNING: Setting default language of 'deprecated on 20.12.2016' to fi
WARNING: Setting default language of 'deprecated on 24.09.2014' to fi
WARNING: Setting default language of 'deprecated on 18.02.2014' to fi
WARNING: Setting default language of 'deprecated on 21.02.2012' to fi
WARNING: Setting default language of 'deprecated on 2019-05-21' to fi
WARNING: Setting default language of 'deprecated on 18.02.2014' to fi
WARNING: Setting default language of 'deprecated on 05.09.2011' to fi
WARNING: Setting default language of 'deprecated on 10.12.2015' to fi
WARNING: Setting default language of 'deprecated on 2020-06-23' to fi
WARNING: Setting default language of 'deprecated on 26.05.2016' to fi
WARNING: Setting default language of 'deprecated on 2022-06-22' to fi
WARNING: Setting default language of 'deprecated on 26.05.2016' to fi
WARNING: Setting default language of 'deprecated on 05.09.2011' to fi
WARNING: Setting default language of 'deprecated on 24.09.2014' to fi
WARNING: Setting default language of 'deprecated on 2022-09-30' to fi
WARNING: Setting default language of 'deprecated on 24.09.2014' to fi
WARNING: Setting default language of 'deprecated on 05.09.2016' to fi
WARNING: Setting default language of 'deprecated on 24.09.2014' to fi
WARNING: Stripping whitespace from label of http://www.yso.fi/onto/yso/p40912: 'Psykoanalytisk inriktning från och med 1940-talet, som betonar egot i personlighetens funktion. '
WARNING: Stripping whitespace from label of http://www.yso.fi/onto/yso/p823: 'Med fetma avses hos vuxna vanligen ett viktindex på minst 30. '
WARNING: Setting default language of '2021-04-13: replacedBy vaihdettu osoittamaan Kantoon' to fi
WARNING: Setting default language of 'Tuomas hoitaa. poista määritelmä ja lähde vanhalta käsitteeltä.' to fi
WARNING: Setting default language of 'tupla. Tuomas hoitaa' to fi
WARNING: Setting default language of '2021-04-13:  korvaava käsite ominaisuus vaihdettu osoittamaan Kantoon' to fi
WARNING: Setting default language of '2021-04-13: korvaava käsite muutettu osoittamaan Kantoon' to fi
WARNING: Setting default language of '2021-04-13: korvaavat käsitteet vaihdettu osoittamaan Kantoon' to fi
WARNING: Setting default language of 'Source' to fi
WARNING: Setting default language of 'http://purl.org/dc/elements/1.1/source' to fi
WARNING: Setting default language of 'allsoSource' to fi
WARNING: Setting default language of 'old preferred label' to fi
WARNING: Setting default language of 'partOf' to fi
WARNING: Setting default language of 'singular alternate label' to fi
WARNING: Setting default language of 'singular preferred label' to fi
WARNING: Setting default language of 'ysaSource' to fi
WARNING: Setting default language of 'ysoSource' to fi
WARNING: Setting default language of 'definedConcept' to fi
WARNING: Setting default language of 'new broader' to fi
WARNING: Setting default language of 'new definition' to fi
WARNING: Setting default language of 'new thematic group' to fi
WARNING: Setting default language of 'new note' to fi
WARNING: Setting default language of 'new pref label' to fi
WARNING: Setting default language of 'new related' to fi
WARNING: Setting default language of 'new source' to fi
WARNING: Setting default language of 'new successor' to fi
WARNING: Setting default language of 'removed alt label' to fi
WARNING: Setting default language of 'removed broader' to fi
WARNING: Setting default language of 'removed definition' to fi
WARNING: Setting default language of 'removed thematic group' to fi
WARNING: Setting default language of 'removed note' to fi
WARNING: Setting default language of 'removed pref label' to fi
WARNING: Setting default language of 'removed related' to fi
WARNING: Setting default language of 'removed source' to fi
WARNING: Removing concept relation broadMatch -> http://www.yso.fi/onto/yso/p10083 from collection http://www.yso.fi/onto/tero/p10070
WARNING: Removing concept relation broadMatch -> http://www.yso.fi/onto/yso/p13512 from collection http://www.yso.fi/onto/tero/p10093
WARNING: Removing concept relation broadMatch -> http://www.yso.fi/onto/yso/p2023 from collection http://www.yso.fi/onto/tero/p10297
WARNING: Removing concept relation broadMatch -> http://www.yso.fi/onto/yso/p2512 from collection http://www.yso.fi/onto/tero/p10412
WARNING: Removing concept relation broadMatch -> http://www.yso.fi/onto/yso/p3234 from collection http://www.yso.fi/onto/tero/p11020
WARNING: Removing concept relation broadMatch -> http://www.yso.fi/onto/yso/p1755 from collection http://www.yso.fi/onto/tero/p11047
WARNING: Removing concept relation exactMatch -> http://www.yso.fi/onto/yso/p11277 from collection http://www.yso.fi/onto/tero/p11277
WARNING: Removing concept relation broadMatch -> http://www.yso.fi/onto/tero/p6580 from collection http://www.yso.fi/onto/tero/p11589
WARNING: Removing concept relation broadMatch -> http://www.yso.fi/onto/yso/p13207 from collection http://www.yso.fi/onto/tero/p11863
WARNING: Removing concept relation broadMatch -> http://www.yso.fi/onto/yso/p14567 from collection http://www.yso.fi/onto/tero/p1189
WARNING: Removing concept relation broadMatch -> http://www.yso.fi/onto/yso/p3128 from collection http://www.yso.fi/onto/tero/p11971
WARNING: Removing concept relation broadMatch -> http://www.yso.fi/onto/yso/p5454 from collection http://www.yso.fi/onto/tero/p12455
WARNING: Removing concept relation broadMatch -> http://www.yso.fi/onto/yso/p1810 from collection http://www.yso.fi/onto/tero/p12504
WARNING: Removing concept relation broadMatch -> http://www.yso.fi/onto/yso/p1755 from collection http://www.yso.fi/onto/tero/p12567
WARNING: Removing concept relation broadMatch -> http://www.yso.fi/onto/yso/p11406 from collection http://www.yso.fi/onto/tero/p12602
WARNING: Removing concept relation broadMatch -> http://www.yso.fi/onto/yso/p2023 from collection http://www.yso.fi/onto/tero/p12761
WARNING: Removing concept relation broadMatch -> http://www.yso.fi/onto/yso/p3128 from collection http://www.yso.fi/onto/tero/p12832
WARNING: Removing concept relation broadMatch -> http://www.yso.fi/onto/yso/p1482 from collection http://www.yso.fi/onto/tero/p1303
WARNING: Removing concept relation broadMatch -> http://www.yso.fi/onto/yso/p1161 from collection http://www.yso.fi/onto/tero/p13045
WARNING: Removing concept relation broadMatch -> http://www.yso.fi/onto/yso/p11406 from collection http://www.yso.fi/onto/tero/p13231
WARNING: Removing concept relation broadMatch -> http://www.yso.fi/onto/yso/p970 from collection http://www.yso.fi/onto/tero/p13233
WARNING: Removing concept relation broadMatch -> http://www.yso.fi/onto/tero/p6851 from collection http://www.yso.fi/onto/tero/p13309
WARNING: Removing concept relation broadMatch -> http://www.yso.fi/onto/yso/p556 from collection http://www.yso.fi/onto/tero/p1354
WARNING: Removing concept relation broadMatch -> http://www.yso.fi/onto/yso/p2023 from collection http://www.yso.fi/onto/tero/p13629
WARNING: Removing concept relation broadMatch -> http://www.yso.fi/onto/tero/p962 from collection http://www.yso.fi/onto/tero/p13663
WARNING: Removing concept relation broadMatch -> http://www.yso.fi/onto/yso/p1377 from collection http://www.yso.fi/onto/tero/p13706
WARNING: Removing concept relation exactMatch -> http://www.yso.fi/onto/yso/p1376 from collection http://www.yso.fi/onto/tero/p1376
WARNING: Removing concept relation broadMatch -> http://www.yso.fi/onto/yso/p13207 from collection http://www.yso.fi/onto/tero/p13917
WARNING: Removing concept relation broadMatch -> http://www.yso.fi/onto/yso/p3917 from collection http://www.yso.fi/onto/tero/p1417
WARNING: Removing concept relation broadMatch -> http://www.yso.fi/onto/yso/p5454 from collection http://www.yso.fi/onto/tero/p14251
WARNING: Removing concept relation broadMatch -> http://www.yso.fi/onto/yso/p84 from collection http://www.yso.fi/onto/tero/p1429
WARNING: Removing concept relation exactMatch -> http://www.yso.fi/onto/yso/p1448 from collection http://www.yso.fi/onto/tero/p1448
WARNING: Removing concept relation broadMatch -> http://www.yso.fi/onto/yso/p13512 from collection http://www.yso.fi/onto/tero/p14823
WARNING: Removing concept relation broadMatch -> http://www.yso.fi/onto/yso/p3128 from collection http://www.yso.fi/onto/tero/p14954
WARNING: Removing concept relation broadMatch -> http://www.yso.fi/onto/tero/p6580 from collection http://www.yso.fi/onto/tero/p15039
WARNING: Removing concept relation broadMatch -> http://www.yso.fi/onto/yso/p2023 from collection http://www.yso.fi/onto/tero/p1526
WARNING: Removing concept relation exactMatch -> http://www.yso.fi/onto/yso/p1619 from collection http://www.yso.fi/onto/tero/p1619
WARNING: Removing concept relation broadMatch -> http://www.yso.fi/onto/yso/p2023 from collection http://www.yso.fi/onto/tero/p16357
WARNING: Removing concept relation broadMatch -> http://www.yso.fi/onto/yso/p5454 from collection http://www.yso.fi/onto/tero/p16368
WARNING: Removing concept relation broadMatch -> http://www.yso.fi/onto/yso/p7413 from collection http://www.yso.fi/onto/tero/p16701
WARNING: Removing concept relation exactMatch -> http://www.yso.fi/onto/yso/p1708 from collection http://www.yso.fi/onto/tero/p1708
WARNING: Removing concept relation broadMatch -> http://www.yso.fi/onto/yso/p6062 from collection http://www.yso.fi/onto/tero/p1735
WARNING: Removing concept relation broadMatch -> http://www.yso.fi/onto/tero/p6580 from collection http://www.yso.fi/onto/tero/p17687
WARNING: Removing concept relation broadMatch -> http://www.yso.fi/onto/yso/p12265 from collection http://www.yso.fi/onto/tero/p17941
WARNING: Removing concept relation broadMatch -> http://www.yso.fi/onto/yso/p12265 from collection http://www.yso.fi/onto/tero/p1893
WARNING: Removing concept relation exactMatch -> http://www.yso.fi/onto/yso/p191 from collection http://www.yso.fi/onto/tero/p191
WARNING: Removing concept relation broadMatch -> http://www.yso.fi/onto/yso/p1808 from collection http://www.yso.fi/onto/tero/p20796
WARNING: Removing concept relation broadMatch -> http://www.yso.fi/onto/yso/p90 from collection http://www.yso.fi/onto/tero/p20864
WARNING: Removing concept relation broadMatch -> http://www.yso.fi/onto/yso/p2023 from collection http://www.yso.fi/onto/tero/p20902
WARNING: Removing concept relation broadMatch -> http://www.yso.fi/onto/yso/p1808 from collection http://www.yso.fi/onto/tero/p21118
WARNING: Removing concept relation broadMatch -> http://www.yso.fi/onto/yso/p1808 from collection http://www.yso.fi/onto/tero/p21340
WARNING: Removing concept relation broadMatch -> http://www.yso.fi/onto/yso/p8113 from collection http://www.yso.fi/onto/tero/p21563
WARNING: Removing concept relation broadMatch -> http://www.yso.fi/onto/yso/p90 from collection http://www.yso.fi/onto/tero/p21573
WARNING: Removing concept relation exactMatch -> http://www.yso.fi/onto/yso/p22471 from collection http://www.yso.fi/onto/tero/p22471
WARNING: Removing concept relation broadMatch -> http://www.yso.fi/onto/yso/p2334 from collection http://www.yso.fi/onto/tero/p2333
WARNING: Removing concept relation broadMatch -> http://www.yso.fi/onto/yso/p90 from collection http://www.yso.fi/onto/tero/p23592
WARNING: Removing concept relation broadMatch -> http://www.yso.fi/onto/yso/p3949 from collection http://www.yso.fi/onto/tero/p24652
WARNING: Removing concept relation broadMatch -> http://www.yso.fi/onto/yso/p2023 from collection http://www.yso.fi/onto/tero/p24662
WARNING: Removing concept relation broadMatch -> http://www.yso.fi/onto/yso/p3949 from collection http://www.yso.fi/onto/tero/p24664
WARNING: Removing concept relation exactMatch -> http://www.yso.fi/onto/yso/p24745 from collection http://www.yso.fi/onto/tero/p24745
WARNING: Removing concept relation exactMatch -> http://www.yso.fi/onto/yso/p24835 from collection http://www.yso.fi/onto/tero/p24835
WARNING: Removing concept relation broadMatch -> http://www.yso.fi/onto/yso/p3128 from collection http://www.yso.fi/onto/tero/p24901
WARNING: Removing concept relation exactMatch -> http://www.yso.fi/onto/yso/p25007 from collection http://www.yso.fi/onto/tero/p25007
WARNING: Removing concept relation exactMatch -> http://www.yso.fi/onto/yso/p25085 from collection http://www.yso.fi/onto/tero/p25085
WARNING: Removing concept relation exactMatch -> http://www.yso.fi/onto/yso/p25280 from collection http://www.yso.fi/onto/tero/p25280
WARNING: Removing concept relation exactMatch -> http://www.yso.fi/onto/yso/p2652 from collection http://www.yso.fi/onto/tero/p2652
WARNING: Removing concept relation exactMatch -> http://www.yso.fi/onto/yso/p2677 from collection http://www.yso.fi/onto/tero/p2677
WARNING: Removing concept relation exactMatch -> http://www.yso.fi/onto/yso/p2729 from collection http://www.yso.fi/onto/tero/p2729
WARNING: Removing concept relation broadMatch -> http://www.yso.fi/onto/yso/p1161 from collection http://www.yso.fi/onto/tero/p2817
WARNING: Removing concept relation exactMatch -> http://www.yso.fi/onto/yso/p2860 from collection http://www.yso.fi/onto/tero/p2860
WARNING: Removing concept relation broadMatch -> http://www.yso.fi/onto/yso/p3594 from collection http://www.yso.fi/onto/tero/p2934
WARNING: Removing concept relation broadMatch -> http://www.yso.fi/onto/yso/p1979 from collection http://www.yso.fi/onto/tero/p2991
WARNING: Removing concept relation broadMatch -> http://www.yso.fi/onto/yso/p3917 from collection http://www.yso.fi/onto/tero/p3035
WARNING: Removing concept relation broadMatch -> http://www.yso.fi/onto/tero/p6851 from collection http://www.yso.fi/onto/tero/p3132
WARNING: Removing concept relation broadMatch -> http://www.yso.fi/onto/yso/p3234 from collection http://www.yso.fi/onto/tero/p3235
WARNING: Removing concept relation broadMatch -> http://www.yso.fi/onto/yso/p2023 from collection http://www.yso.fi/onto/tero/p3374
WARNING: Removing concept relation broadMatch -> http://www.yso.fi/onto/yso/p1755 from collection http://www.yso.fi/onto/tero/p3420
WARNING: Removing concept relation broadMatch -> http://www.yso.fi/onto/yso/p1755 from collection http://www.yso.fi/onto/tero/p3427
WARNING: Removing concept relation exactMatch -> http://www.yso.fi/onto/yso/p3442 from collection http://www.yso.fi/onto/tero/p3442
WARNING: Removing concept relation exactMatch -> http://www.yso.fi/onto/yso/p3458 from collection http://www.yso.fi/onto/tero/p3458
WARNING: Removing concept relation broadMatch -> http://www.yso.fi/onto/yso/p5454 from collection http://www.yso.fi/onto/tero/p3488
WARNING: Removing concept relation broadMatch -> http://www.yso.fi/onto/yso/p4775 from collection http://www.yso.fi/onto/tero/p3493
WARNING: Removing concept relation broadMatch -> http://www.yso.fi/onto/yso/p3594 from collection http://www.yso.fi/onto/tero/p3593
WARNING: Removing concept relation exactMatch -> http://www.yso.fi/onto/yso/p3595 from collection http://www.yso.fi/onto/tero/p3595
WARNING: Removing concept relation broadMatch -> http://www.yso.fi/onto/yso/p13512 from collection http://www.yso.fi/onto/tero/p3680
WARNING: Removing concept relation broadMatch -> http://www.yso.fi/onto/yso/p556 from collection http://www.yso.fi/onto/tero/p3749
WARNING: Removing concept relation broadMatch -> http://www.yso.fi/onto/yso/p3594 from collection http://www.yso.fi/onto/tero/p3969
WARNING: Removing concept relation broadMatch -> http://www.yso.fi/onto/yso/p2023 from collection http://www.yso.fi/onto/tero/p4010
WARNING: Removing concept relation broadMatch -> http://www.yso.fi/onto/tero/p6580 from collection http://www.yso.fi/onto/tero/p4087
WARNING: Removing concept relation broadMatch -> http://www.yso.fi/onto/yso/p14567 from collection http://www.yso.fi/onto/tero/p4255
WARNING: Removing concept relation exactMatch -> http://www.yso.fi/onto/yso/p4296 from collection http://www.yso.fi/onto/tero/p4296
WARNING: Removing concept relation broadMatch -> http://www.yso.fi/onto/yso/p3594 from collection http://www.yso.fi/onto/tero/p4304
WARNING: Removing concept relation broadMatch -> http://www.yso.fi/onto/yso/p1755 from collection http://www.yso.fi/onto/tero/p439
WARNING: Removing concept relation exactMatch -> http://www.yso.fi/onto/yso/p4439 from collection http://www.yso.fi/onto/tero/p4439
WARNING: Removing concept relation broadMatch -> http://www.yso.fi/onto/yso/p11406 from collection http://www.yso.fi/onto/tero/p4864
WARNING: Removing concept relation exactMatch -> http://www.yso.fi/onto/yso/p493 from collection http://www.yso.fi/onto/tero/p493
WARNING: Removing concept relation broadMatch -> http://www.yso.fi/onto/yso/p1736 from collection http://www.yso.fi/onto/tero/p5261
WARNING: Removing concept relation broadMatch -> http://www.yso.fi/onto/yso/p8113 from collection http://www.yso.fi/onto/tero/p5399
WARNING: Removing concept relation broadMatch -> http://www.yso.fi/onto/yso/p1482 from collection http://www.yso.fi/onto/tero/p5417
WARNING: Removing concept relation broadMatch -> http://www.yso.fi/onto/yso/p5454 from collection http://www.yso.fi/onto/tero/p5453
WARNING: Removing concept relation exactMatch -> http://www.yso.fi/onto/yso/p547 from collection http://www.yso.fi/onto/tero/p547
WARNING: Removing concept relation exactMatch -> http://www.yso.fi/onto/yso/p5505 from collection http://www.yso.fi/onto/tero/p5505
WARNING: Removing concept relation broadMatch -> http://www.yso.fi/onto/yso/p5454 from collection http://www.yso.fi/onto/tero/p5579
WARNING: Removing concept relation exactMatch -> http://www.yso.fi/onto/yso/p56 from collection http://www.yso.fi/onto/tero/p56
WARNING: Removing concept relation broadMatch -> http://www.yso.fi/onto/yso/p556 from collection http://www.yso.fi/onto/tero/p5652
WARNING: Removing concept relation broadMatch -> http://www.yso.fi/onto/yso/p8884 from collection http://www.yso.fi/onto/tero/p572
WARNING: Removing concept relation broadMatch -> http://www.yso.fi/onto/yso/p3917 from collection http://www.yso.fi/onto/tero/p5746
WARNING: Removing concept relation broadMatch -> http://www.yso.fi/onto/yso/p1755 from collection http://www.yso.fi/onto/tero/p5754
WARNING: Removing concept relation exactMatch -> http://www.yso.fi/onto/yso/p5863 from collection http://www.yso.fi/onto/tero/p5863
WARNING: Removing concept relation broadMatch -> http://www.yso.fi/onto/yso/p3917 from collection http://www.yso.fi/onto/tero/p5989
WARNING: Removing concept relation exactMatch -> http://www.yso.fi/onto/yso/p6064 from collection http://www.yso.fi/onto/tero/p6064
WARNING: Removing concept relation exactMatch -> http://www.yso.fi/onto/yso/p6080 from collection http://www.yso.fi/onto/tero/p6080
WARNING: Removing concept relation exactMatch -> http://www.yso.fi/onto/yso/p6116 from collection http://www.yso.fi/onto/tero/p6116
WARNING: Removing concept relation broadMatch -> http://www.yso.fi/onto/yso/p1310 from collection http://www.yso.fi/onto/tero/p6169
WARNING: Removing concept relation exactMatch -> http://www.yso.fi/onto/yso/p6338 from collection http://www.yso.fi/onto/tero/p6338
WARNING: Removing concept relation broadMatch -> http://www.yso.fi/onto/yso/p1979 from collection http://www.yso.fi/onto/tero/p6367
WARNING: Removing concept relation exactMatch -> http://www.yso.fi/onto/yso/p6386 from collection http://www.yso.fi/onto/tero/p6386
WARNING: Removing concept relation broadMatch -> http://www.yso.fi/onto/yso/p2512 from collection http://www.yso.fi/onto/tero/p6401
WARNING: Removing concept relation exactMatch -> http://www.yso.fi/onto/yso/p6558 from collection http://www.yso.fi/onto/tero/p6558
WARNING: Removing concept relation broadMatch -> http://www.yso.fi/onto/yso/p970 from collection http://www.yso.fi/onto/tero/p6572
WARNING: Removing concept relation broadMatch -> http://www.yso.fi/onto/yso/p12265 from collection http://www.yso.fi/onto/tero/p6661
WARNING: Removing concept relation broadMatch -> http://www.yso.fi/onto/yso/p4781 from collection http://www.yso.fi/onto/tero/p6909
WARNING: Removing concept relation broadMatch -> http://www.yso.fi/onto/yso/p6118 from collection http://www.yso.fi/onto/tero/p6927
WARNING: Removing concept relation broadMatch -> http://www.yso.fi/onto/yso/p1755 from collection http://www.yso.fi/onto/tero/p7120
WARNING: Removing concept relation broadMatch -> http://www.yso.fi/onto/yso/p1786 from collection http://www.yso.fi/onto/tero/p7395
WARNING: Removing concept relation exactMatch -> http://www.yso.fi/onto/yso/p7420 from collection http://www.yso.fi/onto/tero/p7420
WARNING: Removing concept relation exactMatch -> http://www.yso.fi/onto/yso/p746 from collection http://www.yso.fi/onto/tero/p746
WARNING: Removing concept relation broadMatch <- http://www.yso.fi/onto/tero/TTL2194 from collection http://www.yso.fi/onto/tero/p746
WARNING: Removing concept relation broadMatch -> http://www.yso.fi/onto/yso/p12265 from collection http://www.yso.fi/onto/tero/p7522
WARNING: Removing concept relation exactMatch -> http://www.yso.fi/onto/yso/p7598 from collection http://www.yso.fi/onto/tero/p7598
WARNING: Removing concept relation broadMatch -> http://www.yso.fi/onto/yso/p1979 from collection http://www.yso.fi/onto/tero/p7680
WARNING: Removing concept relation exactMatch -> http://www.yso.fi/onto/yso/p784 from collection http://www.yso.fi/onto/tero/p784
WARNING: Removing concept relation broadMatch -> http://www.yso.fi/onto/yso/p36 from collection http://www.yso.fi/onto/tero/p7939
WARNING: Removing concept relation exactMatch -> http://www.yso.fi/onto/yso/p8032 from collection http://www.yso.fi/onto/tero/p8032
WARNING: Removing concept relation broadMatch -> http://www.yso.fi/onto/yso/p1979 from collection http://www.yso.fi/onto/tero/p8167
WARNING: Removing concept relation broadMatch -> http://www.yso.fi/onto/yso/p11481 from collection http://www.yso.fi/onto/tero/p8208
WARNING: Removing concept relation exactMatch -> http://www.yso.fi/onto/yso/p8214 from collection http://www.yso.fi/onto/tero/p8214
WARNING: Removing concept relation exactMatch -> http://www.yso.fi/onto/yso/p8247 from collection http://www.yso.fi/onto/tero/p8247
WARNING: Removing concept relation broadMatch -> http://www.yso.fi/onto/yso/p84 from collection http://www.yso.fi/onto/tero/p83
WARNING: Removing concept relation exactMatch -> http://www.yso.fi/onto/yso/p8359 from collection http://www.yso.fi/onto/tero/p8359
WARNING: Removing concept relation exactMatch -> http://www.yso.fi/onto/yso/p8388 from collection http://www.yso.fi/onto/tero/p8388
WARNING: Removing concept relation broadMatch -> http://www.yso.fi/onto/yso/p36 from collection http://www.yso.fi/onto/tero/p8551
WARNING: Removing concept relation broadMatch -> http://www.yso.fi/onto/yso/p1755 from collection http://www.yso.fi/onto/tero/p8887
WARNING: Removing concept relation broadMatch -> http://www.yso.fi/onto/yso/p1755 from collection http://www.yso.fi/onto/tero/p8909
WARNING: Removing concept relation exactMatch -> http://www.yso.fi/onto/yso/p8962 from collection http://www.yso.fi/onto/tero/p8962
WARNING: Removing concept relation broadMatch -> http://www.yso.fi/onto/yso/p8113 from collection http://www.yso.fi/onto/tero/p910
WARNING: Removing concept relation broadMatch -> http://www.yso.fi/onto/tero/p6580 from collection http://www.yso.fi/onto/tero/p9168
WARNING: Removing concept relation broadMatch -> http://www.yso.fi/onto/tero/p6580 from collection http://www.yso.fi/onto/tero/p9248
WARNING: Removing concept relation broadMatch -> http://www.yso.fi/onto/yso/p3594 from collection http://www.yso.fi/onto/tero/p9505
WARNING: Removing concept relation exactMatch -> http://www.yso.fi/onto/yso/p962 from collection http://www.yso.fi/onto/tero/p962
WARNING: Removing concept relation broadMatch <- http://www.yso.fi/onto/tero/TTL1648 from collection http://www.yso.fi/onto/tero/p962
WARNING: Removing concept relation exactMatch -> http://www.yso.fi/onto/yso/p9741 from collection http://www.yso.fi/onto/tero/p9741
WARNING: Removing concept relation broadMatch -> http://www.yso.fi/onto/yso/p366 from collection http://www.yso.fi/onto/yso/p11112
WARNING: Removing concept relation broadMatch -> http://www.yso.fi/onto/yso/p6580 from collection http://www.yso.fi/onto/yso/p11589
WARNING: Removing concept relation broadMatch -> http://www.yso.fi/onto/yso/p6851 from collection http://www.yso.fi/onto/yso/p13309
WARNING: Removing concept relation broadMatch -> http://www.yso.fi/onto/yso/p2665 from collection http://www.yso.fi/onto/yso/p13547
WARNING: Removing concept relation broadMatch -> http://www.yso.fi/onto/yso/p6580 from collection http://www.yso.fi/onto/yso/p15039
WARNING: Removing concept relation broadMatch -> http://www.yso.fi/onto/yso/p6580 from collection http://www.yso.fi/onto/yso/p17687
WARNING: Removing concept relation broadMatch -> http://www.yso.fi/onto/yso/p2665 from collection http://www.yso.fi/onto/yso/p18269
WARNING: Removing concept relation broadMatch -> http://www.yso.fi/onto/yso/p4467 from collection http://www.yso.fi/onto/yso/p22744
WARNING: Removing concept relation broadMatch -> http://www.yso.fi/onto/yso/p1161 from collection http://www.yso.fi/onto/yso/p24776
WARNING: Removing concept relation broadMatch -> http://www.yso.fi/onto/yso/p1808 from collection http://www.yso.fi/onto/yso/p25101
WARNING: Removing concept relation broadMatch -> http://www.yso.fi/onto/yso/p1161 from collection http://www.yso.fi/onto/yso/p25388
WARNING: Removing concept relation broadMatch -> http://www.yso.fi/onto/yso/p1298 from collection http://www.yso.fi/onto/yso/p26522
WARNING: Removing concept relation broadMatch -> http://www.yso.fi/onto/yso/p6851 from collection http://www.yso.fi/onto/yso/p3132
WARNING: Removing concept relation broadMatch -> http://www.yso.fi/onto/yso/p1786 from collection http://www.yso.fi/onto/yso/p3502
WARNING: Removing concept relation broadMatch -> http://www.yso.fi/onto/yso/p183 from collection http://www.yso.fi/onto/yso/p38219
WARNING: Removing concept relation broadMatch -> http://www.yso.fi/onto/yso/p183 from collection http://www.yso.fi/onto/yso/p38220
WARNING: Removing concept relation broadMatch <- http://www.yso.fi/onto/yso/p5251 from collection http://www.yso.fi/onto/yso/p4010
WARNING: Removing concept relation broadMatch <- http://www.yso.fi/onto/yso/p8241 from collection http://www.yso.fi/onto/yso/p4010
WARNING: Removing concept relation broadMatch -> http://www.yso.fi/onto/yso/p6580 from collection http://www.yso.fi/onto/yso/p4087
WARNING: Removing concept relation broadMatch -> http://www.yso.fi/onto/yso/p8148 from collection http://www.yso.fi/onto/yso/p4109
WARNING: Removing concept relation broadMatch -> http://www.yso.fi/onto/yso/p366 from collection http://www.yso.fi/onto/yso/p4337
WARNING: Removing concept relation broadMatch -> http://www.yso.fi/onto/yso/p1810 from collection http://www.yso.fi/onto/yso/p4803
WARNING: Removing concept relation broadMatch -> http://www.yso.fi/onto/yso/p1979 from collection http://www.yso.fi/onto/yso/p5377
WARNING: Removing concept relation broadMatch -> http://www.yso.fi/onto/yso/p366 from collection http://www.yso.fi/onto/yso/p6559
WARNING: Removing concept relation broadMatch -> http://www.yso.fi/onto/yso/p7341 from collection http://www.yso.fi/onto/yso/p7340
WARNING: Removing concept relation broadMatch <- http://www.yso.fi/onto/tero/TTL2194 from collection http://www.yso.fi/onto/yso/p746
WARNING: Removing concept relation broadMatch -> http://www.yso.fi/onto/yso/p8148 from collection http://www.yso.fi/onto/yso/p8579
WARNING: Removing concept relation broadMatch -> http://www.yso.fi/onto/yso/p366 from collection http://www.yso.fi/onto/yso/p874
WARNING: Removing concept relation broadMatch -> http://www.yso.fi/onto/yso/p8883 from collection http://www.yso.fi/onto/yso/p8913
WARNING: Removing concept relation broadMatch -> http://www.yso.fi/onto/yso/p6580 from collection http://www.yso.fi/onto/yso/p9168
WARNING: Removing concept relation broadMatch -> http://www.yso.fi/onto/yso/p6580 from collection http://www.yso.fi/onto/yso/p9248
WARNING: Removing concept relation broadMatch -> http://www.yso.fi/onto/yso/p366 from collection http://www.yso.fi/onto/yso/p9428
WARNING: Removing concept relation broadMatch <- http://www.yso.fi/onto/tero/TTL1648 from collection http://www.yso.fi/onto/yso/p962
WARNING: Multiple concept schemes found. Selecting http://www.yso.fi/onto/tero/ as default concept scheme.
INFO: Marking loose concept http://www.yso.fi/onto/yso/p15238 as top concept of scheme http://www.yso.fi/onto/tero/
INFO: Marking loose concept http://www.yso.fi/onto/yso/p4762 as top concept of scheme http://www.yso.fi/onto/tero/
INFO: Marking loose concept http://www.yso.fi/onto/yso/p8691 as top concept of scheme http://www.yso.fi/onto/tero/
INFO: Marking loose concept http://www.yso.fi/onto/tero/D000293 as top concept of scheme http://www.yso.fi/onto/tero/deprecatedconceptscheme
INFO: Marking loose concept http://www.yso.fi/onto/tero/D000328 as top concept of scheme http://www.yso.fi/onto/tero/deprecatedconceptscheme
INFO: Marking loose concept http://www.yso.fi/onto/tero/D000368 as top concept of scheme http://www.yso.fi/onto/tero/deprecatedconceptscheme
INFO: Marking loose concept http://www.yso.fi/onto/tero/D000369 as top concept of scheme http://www.yso.fi/onto/tero/deprecatedconceptscheme
INFO: Marking loose concept http://www.yso.fi/onto/tero/D000661 as top concept of scheme http://www.yso.fi/onto/tero/deprecatedconceptscheme
INFO: Marking loose concept http://www.yso.fi/onto/tero/D002149 as top concept of scheme http://www.yso.fi/onto/tero/deprecatedconceptscheme
INFO: Marking loose concept http://www.yso.fi/onto/tero/D002648 as top concept of scheme http://www.yso.fi/onto/tero/deprecatedconceptscheme
INFO: Marking loose concept http://www.yso.fi/onto/tero/D002675 as top concept of scheme http://www.yso.fi/onto/tero/deprecatedconceptscheme
INFO: Marking loose concept http://www.yso.fi/onto/tero/D004664 as top concept of scheme http://www.yso.fi/onto/tero/deprecatedconceptscheme
INFO: Marking loose concept http://www.yso.fi/onto/tero/D005079 as top concept of scheme http://www.yso.fi/onto/tero/deprecatedconceptscheme
INFO: Marking loose concept http://www.yso.fi/onto/tero/D005820 as top concept of scheme http://www.yso.fi/onto/tero/deprecatedconceptscheme
INFO: Marking loose concept http://www.yso.fi/onto/tero/D006566 as top concept of scheme http://www.yso.fi/onto/tero/deprecatedconceptscheme
INFO: Marking loose concept http://www.yso.fi/onto/tero/D006984 as top concept of scheme http://www.yso.fi/onto/tero/deprecatedconceptscheme
INFO: Marking loose concept http://www.yso.fi/onto/tero/D007231 as top concept of scheme http://www.yso.fi/onto/tero/deprecatedconceptscheme
INFO: Marking loose concept http://www.yso.fi/onto/tero/D007973b as top concept of scheme http://www.yso.fi/onto/tero/deprecatedconceptscheme
INFO: Marking loose concept http://www.yso.fi/onto/tero/D008042 as top concept of scheme http://www.yso.fi/onto/tero/deprecatedconceptscheme
INFO: Marking loose concept http://www.yso.fi/onto/tero/D008875 as top concept of scheme http://www.yso.fi/onto/tero/deprecatedconceptscheme
INFO: Marking loose concept http://www.yso.fi/onto/tero/D009980 as top concept of scheme http://www.yso.fi/onto/tero/deprecatedconceptscheme
INFO: Marking loose concept http://www.yso.fi/onto/tero/D009981 as top concept of scheme http://www.yso.fi/onto/tero/deprecatedconceptscheme
INFO: Marking loose concept http://www.yso.fi/onto/tero/D010374 as top concept of scheme http://www.yso.fi/onto/tero/deprecatedconceptscheme
INFO: Marking loose concept http://www.yso.fi/onto/tero/D011372 as top concept of scheme http://www.yso.fi/onto/tero/deprecatedconceptscheme
INFO: Marking loose concept http://www.yso.fi/onto/tero/D013752 as top concept of scheme http://www.yso.fi/onto/tero/deprecatedconceptscheme
INFO: Marking loose concept http://www.yso.fi/onto/tero/D019967 as top concept of scheme http://www.yso.fi/onto/tero/deprecatedconceptscheme
INFO: Marking loose concept http://www.yso.fi/onto/tero/D048788 as top concept of scheme http://www.yso.fi/onto/tero/deprecatedconceptscheme
INFO: Marking loose concept http://www.yso.fi/onto/tero/T00062b as top concept of scheme http://www.yso.fi/onto/tero/deprecatedconceptscheme
INFO: Marking loose concept http://www.yso.fi/onto/tero/T00127 as top concept of scheme http://www.yso.fi/onto/tero/deprecatedconceptscheme
INFO: Marking loose concept http://www.yso.fi/onto/tero/T00140 as top concept of scheme http://www.yso.fi/onto/tero/deprecatedconceptscheme
INFO: Marking loose concept http://www.yso.fi/onto/tero/T00667 as top concept of scheme http://www.yso.fi/onto/tero/deprecatedconceptscheme
INFO: Marking loose concept http://www.yso.fi/onto/tero/T00719 as top concept of scheme http://www.yso.fi/onto/tero/deprecatedconceptscheme
INFO: Marking loose concept http://www.yso.fi/onto/tero/T00786 as top concept of scheme http://www.yso.fi/onto/tero/deprecatedconceptscheme
INFO: Marking loose concept http://www.yso.fi/onto/tero/T00913 as top concept of scheme http://www.yso.fi/onto/tero/deprecatedconceptscheme
INFO: Marking loose concept http://www.yso.fi/onto/tero/T00930 as top concept of scheme http://www.yso.fi/onto/tero/deprecatedconceptscheme
INFO: Marking loose concept http://www.yso.fi/onto/tero/T00973 as top concept of scheme http://www.yso.fi/onto/tero/deprecatedconceptscheme
INFO: Marking loose concept http://www.yso.fi/onto/tero/TNR1138 as top concept of scheme http://www.yso.fi/onto/tero/deprecatedconceptscheme
INFO: Marking loose concept http://www.yso.fi/onto/tero/TNR1337 as top concept of scheme http://www.yso.fi/onto/tero/deprecatedconceptscheme
INFO: Marking loose concept http://www.yso.fi/onto/tero/TNR1505 as top concept of scheme http://www.yso.fi/onto/tero/deprecatedconceptscheme
INFO: Marking loose concept http://www.yso.fi/onto/tero/TNR1589 as top concept of scheme http://www.yso.fi/onto/tero/deprecatedconceptscheme
INFO: Marking loose concept http://www.yso.fi/onto/tero/TNR1834 as top concept of scheme http://www.yso.fi/onto/tero/deprecatedconceptscheme
INFO: Marking loose concept http://www.yso.fi/onto/tero/TNR1838 as top concept of scheme http://www.yso.fi/onto/tero/deprecatedconceptscheme
INFO: Marking loose concept http://www.yso.fi/onto/tero/TNR1924 as top concept of scheme http://www.yso.fi/onto/tero/deprecatedconceptscheme
INFO: Marking loose concept http://www.yso.fi/onto/tero/TNR2165 as top concept of scheme http://www.yso.fi/onto/tero/deprecatedconceptscheme
INFO: Marking loose concept http://www.yso.fi/onto/tero/TNR2213 as top concept of scheme http://www.yso.fi/onto/tero/deprecatedconceptscheme
INFO: Marking loose concept http://www.yso.fi/onto/tero/TNR2542 as top concept of scheme http://www.yso.fi/onto/tero/deprecatedconceptscheme
INFO: Marking loose concept http://www.yso.fi/onto/tero/TNR2630 as top concept of scheme http://www.yso.fi/onto/tero/deprecatedconceptscheme
INFO: Marking loose concept http://www.yso.fi/onto/tero/TNR527 as top concept of scheme http://www.yso.fi/onto/tero/deprecatedconceptscheme
INFO: Marking loose concept http://www.yso.fi/onto/tero/TNR648 as top concept of scheme http://www.yso.fi/onto/tero/deprecatedconceptscheme
INFO: Marking loose concept http://www.yso.fi/onto/tero/TNR777 as top concept of scheme http://www.yso.fi/onto/tero/deprecatedconceptscheme
INFO: Marking loose concept http://www.yso.fi/onto/tero/TNR833 as top concept of scheme http://www.yso.fi/onto/tero/deprecatedconceptscheme
INFO: Marking loose concept http://www.yso.fi/onto/tero/TTL1244 as top concept of scheme http://www.yso.fi/onto/tero/deprecatedconceptscheme
INFO: Marking loose concept http://www.yso.fi/onto/tero/TTL1315 as top concept of scheme http://www.yso.fi/onto/tero/deprecatedconceptscheme
INFO: Marking loose concept http://www.yso.fi/onto/tero/TTL1404 as top concept of scheme http://www.yso.fi/onto/tero/deprecatedconceptscheme
INFO: Marking loose concept http://www.yso.fi/onto/tero/TTL1470 as top concept of scheme http://www.yso.fi/onto/tero/deprecatedconceptscheme
INFO: Marking loose concept http://www.yso.fi/onto/tero/TTL1623 as top concept of scheme http://www.yso.fi/onto/tero/deprecatedconceptscheme
INFO: Marking loose concept http://www.yso.fi/onto/tero/TTL1627 as top concept of scheme http://www.yso.fi/onto/tero/deprecatedconceptscheme
INFO: Marking loose concept http://www.yso.fi/onto/tero/TTL1644 as top concept of scheme http://www.yso.fi/onto/tero/deprecatedconceptscheme
INFO: Marking loose concept http://www.yso.fi/onto/tero/TTL1648 as top concept of scheme http://www.yso.fi/onto/tero/deprecatedconceptscheme
INFO: Marking loose concept http://www.yso.fi/onto/tero/TTL1691 as top concept of scheme http://www.yso.fi/onto/tero/deprecatedconceptscheme
INFO: Marking loose concept http://www.yso.fi/onto/tero/TTL1782 as top concept of scheme http://www.yso.fi/onto/tero/deprecatedconceptscheme
INFO: Marking loose concept http://www.yso.fi/onto/tero/TTL1971 as top concept of scheme http://www.yso.fi/onto/tero/deprecatedconceptscheme
INFO: Marking loose concept http://www.yso.fi/onto/tero/TTL2013 as top concept of scheme http://www.yso.fi/onto/tero/deprecatedconceptscheme
INFO: Marking loose concept http://www.yso.fi/onto/tero/TTL2032 as top concept of scheme http://www.yso.fi/onto/tero/deprecatedconceptscheme
INFO: Marking loose concept http://www.yso.fi/onto/tero/TTL2064 as top concept of scheme http://www.yso.fi/onto/tero/deprecatedconceptscheme
INFO: Marking loose concept http://www.yso.fi/onto/tero/TTL2162 as top concept of scheme http://www.yso.fi/onto/tero/deprecatedconceptscheme
INFO: Marking loose concept http://www.yso.fi/onto/tero/TTL2194 as top concept of scheme http://www.yso.fi/onto/tero/deprecatedconceptscheme
INFO: Marking loose concept http://www.yso.fi/onto/tero/TTL2195 as top concept of scheme http://www.yso.fi/onto/tero/deprecatedconceptscheme
INFO: Marking loose concept http://www.yso.fi/onto/tero/TTL2499 as top concept of scheme http://www.yso.fi/onto/tero/deprecatedconceptscheme
INFO: Marking loose concept http://www.yso.fi/onto/tero/TTL2514 as top concept of scheme http://www.yso.fi/onto/tero/deprecatedconceptscheme
INFO: Marking loose concept http://www.yso.fi/onto/tero/TTL2549 as top concept of scheme http://www.yso.fi/onto/tero/deprecatedconceptscheme
INFO: Marking loose concept http://www.yso.fi/onto/tero/TTL2598 as top concept of scheme http://www.yso.fi/onto/tero/deprecatedconceptscheme
INFO: Marking loose concept http://www.yso.fi/onto/tero/TTL2744 as top concept of scheme http://www.yso.fi/onto/tero/deprecatedconceptscheme
INFO: Marking loose concept http://www.yso.fi/onto/tero/TTL2935 as top concept of scheme http://www.yso.fi/onto/tero/deprecatedconceptscheme
INFO: Marking loose concept http://www.yso.fi/onto/tero/TTL3074 as top concept of scheme http://www.yso.fi/onto/tero/deprecatedconceptscheme
INFO: Marking loose concept http://www.yso.fi/onto/tero/TTL3243 as top concept of scheme http://www.yso.fi/onto/tero/deprecatedconceptscheme
INFO: Marking loose concept http://www.yso.fi/onto/tero/concept-31511 as top concept of scheme http://www.yso.fi/onto/tero/deprecatedconceptscheme
INFO: Marking loose concept http://www.yso.fi/onto/tero/concept-31513 as top concept of scheme http://www.yso.fi/onto/tero/deprecatedconceptscheme
INFO: Marking loose concept http://www.yso.fi/onto/tero/concept-31514 as top concept of scheme http://www.yso.fi/onto/tero/deprecatedconceptscheme
INFO: Marking loose concept http://www.yso.fi/onto/tero/p10082 as top concept of scheme http://www.yso.fi/onto/tero/deprecatedconceptscheme
INFO: Marking loose concept http://www.yso.fi/onto/tero/p10204 as top concept of scheme http://www.yso.fi/onto/tero/deprecatedconceptscheme
INFO: Marking loose concept http://www.yso.fi/onto/tero/p11648 as top concept of scheme http://www.yso.fi/onto/tero/deprecatedconceptscheme
INFO: Marking loose concept http://www.yso.fi/onto/tero/p12978 as top concept of scheme http://www.yso.fi/onto/tero/deprecatedconceptscheme
INFO: Marking loose concept http://www.yso.fi/onto/tero/p1306 as top concept of scheme http://www.yso.fi/onto/tero/deprecatedconceptscheme
INFO: Marking loose concept http://www.yso.fi/onto/tero/p13098 as top concept of scheme http://www.yso.fi/onto/tero/deprecatedconceptscheme
INFO: Marking loose concept http://www.yso.fi/onto/tero/p14031 as top concept of scheme http://www.yso.fi/onto/tero/deprecatedconceptscheme
INFO: Marking loose concept http://www.yso.fi/onto/tero/p14123 as top concept of scheme http://www.yso.fi/onto/tero/deprecatedconceptscheme
INFO: Marking loose concept http://www.yso.fi/onto/tero/p14278 as top concept of scheme http://www.yso.fi/onto/tero/deprecatedconceptscheme
INFO: Marking loose concept http://www.yso.fi/onto/tero/p15054 as top concept of scheme http://www.yso.fi/onto/tero/deprecatedconceptscheme
INFO: Marking loose concept http://www.yso.fi/onto/tero/p1586 as top concept of scheme http://www.yso.fi/onto/tero/deprecatedconceptscheme
INFO: Marking loose concept http://www.yso.fi/onto/tero/p15976 as top concept of scheme http://www.yso.fi/onto/tero/deprecatedconceptscheme
INFO: Marking loose concept http://www.yso.fi/onto/tero/p20411 as top concept of scheme http://www.yso.fi/onto/tero/deprecatedconceptscheme
INFO: Marking loose concept http://www.yso.fi/onto/tero/p224 as top concept of scheme http://www.yso.fi/onto/tero/deprecatedconceptscheme
INFO: Marking loose concept http://www.yso.fi/onto/tero/p23749 as top concept of scheme http://www.yso.fi/onto/tero/deprecatedconceptscheme
INFO: Marking loose concept http://www.yso.fi/onto/tero/p2434 as top concept of scheme http://www.yso.fi/onto/tero/deprecatedconceptscheme
INFO: Marking loose concept http://www.yso.fi/onto/tero/p2447 as top concept of scheme http://www.yso.fi/onto/tero/deprecatedconceptscheme
INFO: Marking loose concept http://www.yso.fi/onto/tero/p2450 as top concept of scheme http://www.yso.fi/onto/tero/deprecatedconceptscheme
INFO: Marking loose concept http://www.yso.fi/onto/tero/p25694 as top concept of scheme http://www.yso.fi/onto/tero/deprecatedconceptscheme
INFO: Marking loose concept http://www.yso.fi/onto/tero/p25730 as top concept of scheme http://www.yso.fi/onto/tero/deprecatedconceptscheme
INFO: Marking loose concept http://www.yso.fi/onto/tero/p25772 as top concept of scheme http://www.yso.fi/onto/tero/deprecatedconceptscheme
INFO: Marking loose concept http://www.yso.fi/onto/tero/p25914 as top concept of scheme http://www.yso.fi/onto/tero/deprecatedconceptscheme
INFO: Marking loose concept http://www.yso.fi/onto/tero/p25954 as top concept of scheme http://www.yso.fi/onto/tero/deprecatedconceptscheme
INFO: Marking loose concept http://www.yso.fi/onto/tero/p25961 as top concept of scheme http://www.yso.fi/onto/tero/deprecatedconceptscheme
INFO: Marking loose concept http://www.yso.fi/onto/tero/p25971 as top concept of scheme http://www.yso.fi/onto/tero/deprecatedconceptscheme
INFO: Marking loose concept http://www.yso.fi/onto/tero/p26049 as top concept of scheme http://www.yso.fi/onto/tero/deprecatedconceptscheme
INFO: Marking loose concept http://www.yso.fi/onto/tero/p2689 as top concept of scheme http://www.yso.fi/onto/tero/deprecatedconceptscheme
INFO: Marking loose concept http://www.yso.fi/onto/tero/p2794 as top concept of scheme http://www.yso.fi/onto/tero/deprecatedconceptscheme
INFO: Marking loose concept http://www.yso.fi/onto/tero/p283 as top concept of scheme http://www.yso.fi/onto/tero/deprecatedconceptscheme
INFO: Marking loose concept http://www.yso.fi/onto/tero/p3124 as top concept of scheme http://www.yso.fi/onto/tero/deprecatedconceptscheme
INFO: Marking loose concept http://www.yso.fi/onto/tero/p3379 as top concept of scheme http://www.yso.fi/onto/tero/deprecatedconceptscheme
INFO: Marking loose concept http://www.yso.fi/onto/tero/p4101 as top concept of scheme http://www.yso.fi/onto/tero/deprecatedconceptscheme
INFO: Marking loose concept http://www.yso.fi/onto/tero/p4269 as top concept of scheme http://www.yso.fi/onto/tero/deprecatedconceptscheme
INFO: Marking loose concept http://www.yso.fi/onto/tero/p4608 as top concept of scheme http://www.yso.fi/onto/tero/deprecatedconceptscheme
INFO: Marking loose concept http://www.yso.fi/onto/tero/p4671 as top concept of scheme http://www.yso.fi/onto/tero/deprecatedconceptscheme
INFO: Marking loose concept http://www.yso.fi/onto/tero/p5119 as top concept of scheme http://www.yso.fi/onto/tero/deprecatedconceptscheme
INFO: Marking loose concept http://www.yso.fi/onto/tero/p5282 as top concept of scheme http://www.yso.fi/onto/tero/deprecatedconceptscheme
INFO: Marking loose concept http://www.yso.fi/onto/tero/p5283 as top concept of scheme http://www.yso.fi/onto/tero/deprecatedconceptscheme
INFO: Marking loose concept http://www.yso.fi/onto/tero/p5516 as top concept of scheme http://www.yso.fi/onto/tero/deprecatedconceptscheme
INFO: Marking loose concept http://www.yso.fi/onto/tero/p6024 as top concept of scheme http://www.yso.fi/onto/tero/deprecatedconceptscheme
INFO: Marking loose concept http://www.yso.fi/onto/tero/p6370 as top concept of scheme http://www.yso.fi/onto/tero/deprecatedconceptscheme
INFO: Marking loose concept http://www.yso.fi/onto/tero/p6397 as top concept of scheme http://www.yso.fi/onto/tero/deprecatedconceptscheme
INFO: Marking loose concept http://www.yso.fi/onto/tero/p6472 as top concept of scheme http://www.yso.fi/onto/tero/deprecatedconceptscheme
INFO: Marking loose concept http://www.yso.fi/onto/tero/p649 as top concept of scheme http://www.yso.fi/onto/tero/deprecatedconceptscheme
INFO: Marking loose concept http://www.yso.fi/onto/tero/p748 as top concept of scheme http://www.yso.fi/onto/tero/deprecatedconceptscheme
INFO: Marking loose concept http://www.yso.fi/onto/tero/p8691 as top concept of scheme http://www.yso.fi/onto/tero/deprecatedconceptscheme
INFO: Marking loose concept http://www.yso.fi/onto/tero/p8766 as top concept of scheme http://www.yso.fi/onto/tero/deprecatedconceptscheme
INFO: Marking loose concept http://www.yso.fi/onto/tero/p9729 as top concept of scheme http://www.yso.fi/onto/tero/deprecatedconceptscheme
INFO: Marking loose concept http://www.yso.fi/onto/tero/t130 as top concept of scheme http://www.yso.fi/onto/tero/deprecatedconceptscheme
INFO: Marking loose concept http://www.yso.fi/onto/tero/t280 as top concept of scheme http://www.yso.fi/onto/tero/deprecatedconceptscheme
INFO: Marking loose concept http://www.yso.fi/onto/tero/t31660 as top concept of scheme http://www.yso.fi/onto/tero/deprecatedconceptscheme
INFO: Marking loose concept http://www.yso.fi/onto/tero/t31772 as top concept of scheme http://www.yso.fi/onto/tero/deprecatedconceptscheme
INFO: Marking loose concept http://www.yso.fi/onto/tero/t32144 as top concept of scheme http://www.yso.fi/onto/tero/deprecatedconceptscheme
INFO: Marking loose concept http://www.yso.fi/onto/tero/t32172 as top concept of scheme http://www.yso.fi/onto/tero/deprecatedconceptscheme
INFO: Marking loose concept http://www.yso.fi/onto/tero/t42 as top concept of scheme http://www.yso.fi/onto/tero/deprecatedconceptscheme
INFO: Marking loose concept http://www.yso.fi/onto/tero/t54 as top concept of scheme http://www.yso.fi/onto/tero/deprecatedconceptscheme
INFO: Marking loose concept http://www.yso.fi/onto/yso/p10011 as top concept of scheme http://www.yso.fi/onto/tero/deprecatedconceptscheme
INFO: Marking loose concept http://www.yso.fi/onto/yso/p10023 as top concept of scheme http://www.yso.fi/onto/tero/deprecatedconceptscheme
INFO: Marking loose concept http://www.yso.fi/onto/yso/p10036 as top concept of scheme http://www.yso.fi/onto/tero/deprecatedconceptscheme
INFO: Marking loose concept http://www.yso.fi/onto/yso/p10037 as top concept of scheme http://www.yso.fi/onto/tero/deprecatedconceptscheme
INFO: Marking loose concept http://www.yso.fi/onto/yso/p10061 as top concept of scheme http://www.yso.fi/onto/tero/deprecatedconceptscheme
INFO: Marking loose concept http://www.yso.fi/onto/yso/p10074 as top concept of scheme http://www.yso.fi/onto/tero/deprecatedconceptscheme
INFO: Marking loose concept http://www.yso.fi/onto/yso/p10075 as top concept of scheme http://www.yso.fi/onto/tero/deprecatedconceptscheme
INFO: Marking loose concept http://www.yso.fi/onto/yso/p10082 as top concept of scheme http://www.yso.fi/onto/tero/deprecatedconceptscheme
INFO: Marking loose concept http://www.yso.fi/onto/yso/p10087 as top concept of scheme http://www.yso.fi/onto/tero/deprecatedconceptscheme
INFO: Marking loose concept http://www.yso.fi/onto/yso/p10096 as top concept of scheme http://www.yso.fi/onto/tero/deprecatedconceptscheme
INFO: Marking loose concept http://www.yso.fi/onto/yso/p10097 as top concept of scheme http://www.yso.fi/onto/tero/deprecatedconceptscheme
INFO: Marking loose concept http://www.yso.fi/onto/yso/p101 as top concept of scheme http://www.yso.fi/onto/tero/deprecatedconceptscheme
INFO: Marking loose concept http://www.yso.fi/onto/yso/p10135 as top concept of scheme http://www.yso.fi/onto/tero/deprecatedconceptscheme
INFO: Marking loose concept http://www.yso.fi/onto/yso/p10143 as top concept of scheme http://www.yso.fi/onto/tero/deprecatedconceptscheme
INFO: Marking loose concept http://www.yso.fi/onto/yso/p10146 as top concept of scheme http://www.yso.fi/onto/tero/deprecatedconceptscheme
INFO: Marking loose concept http://www.yso.fi/onto/yso/p10147 as top concept of scheme http://www.yso.fi/onto/tero/deprecatedconceptscheme
INFO: Marking loose concept http://www.yso.fi/onto/yso/p10153 as top concept of scheme http://www.yso.fi/onto/tero/deprecatedconceptscheme
INFO: Marking loose concept http://www.yso.fi/onto/yso/p10182 as top concept of scheme http://www.yso.fi/onto/tero/deprecatedconceptscheme
INFO: Marking loose concept http://www.yso.fi/onto/yso/p10193 as top concept of scheme http://www.yso.fi/onto/tero/deprecatedconceptscheme
INFO: Marking loose concept http://www.yso.fi/onto/yso/p10208 as top concept of scheme http://www.yso.fi/onto/tero/deprecatedconceptscheme
INFO: Marking loose concept http://www.yso.fi/onto/yso/p10211 as top concept of scheme http://www.yso.fi/onto/tero/deprecatedconceptscheme
INFO: Marking loose concept http://www.yso.fi/onto/yso/p10215 as top concept of scheme http://www.yso.fi/onto/tero/deprecatedconceptscheme
INFO: Marking loose concept http://www.yso.fi/onto/yso/p10270 as top concept of scheme http://www.yso.fi/onto/tero/deprecatedconceptscheme
INFO: Marking loose concept http://www.yso.fi/onto/yso/p10288 as top concept of scheme http://www.yso.fi/onto/tero/deprecatedconceptscheme
INFO: Marking loose concept http://www.yso.fi/onto/yso/p10290 as top concept of scheme http://www.yso.fi/onto/tero/deprecatedconceptscheme
INFO: Marking loose concept http://www.yso.fi/onto/yso/p10299 as top concept of scheme http://www.yso.fi/onto/tero/deprecatedconceptscheme
INFO: Marking loose concept http://www.yso.fi/onto/yso/p10314 as top concept of scheme http://www.yso.fi/onto/tero/deprecatedconceptscheme
INFO: Marking loose concept http://www.yso.fi/onto/yso/p1034 as top concept of scheme http://www.yso.fi/onto/tero/deprecatedconceptscheme
INFO: Marking loose concept http://www.yso.fi/onto/yso/p10340 as top concept of scheme http://www.yso.fi/onto/tero/deprecatedconceptscheme
INFO: Marking loose concept http://www.yso.fi/onto/yso/p10356 as top concept of scheme http://www.yso.fi/onto/tero/deprecatedconceptscheme
INFO: Marking loose concept http://www.yso.fi/onto/yso/p10388 as top concept of scheme http://www.yso.fi/onto/tero/deprecatedconceptscheme
INFO: Marking loose concept http://www.yso.fi/onto/yso/p10418 as top concept of scheme http://www.yso.fi/onto/tero/deprecatedconceptscheme
INFO: Marking loose concept http://www.yso.fi/onto/yso/p10466 as top concept of scheme http://www.yso.fi/onto/tero/deprecatedconceptscheme
INFO: Marking loose concept http://www.yso.fi/onto/yso/p10484 as top concept of scheme http://www.yso.fi/onto/tero/deprecatedconceptscheme
INFO: Marking loose concept http://www.yso.fi/onto/yso/p10520 as top concept of scheme http://www.yso.fi/onto/tero/deprecatedconceptscheme
INFO: Marking loose concept http://www.yso.fi/onto/yso/p10526 as top concept of scheme http://www.yso.fi/onto/tero/deprecatedconceptscheme
INFO: Marking loose concept http://www.yso.fi/onto/yso/p10547 as top concept of scheme http://www.yso.fi/onto/tero/deprecatedconceptscheme
INFO: Marking loose concept http://www.yso.fi/onto/yso/p10574 as top concept of scheme http://www.yso.fi/onto/tero/deprecatedconceptscheme
INFO: Marking loose concept http://www.yso.fi/onto/yso/p10575 as top concept of scheme http://www.yso.fi/onto/tero/deprecatedconceptscheme
INFO: Marking loose concept http://www.yso.fi/onto/yso/p10588 as top concept of scheme http://www.yso.fi/onto/tero/deprecatedconceptscheme
INFO: Marking loose concept http://www.yso.fi/onto/yso/p10589 as top concept of scheme http://www.yso.fi/onto/tero/deprecatedconceptscheme
INFO: Marking loose concept http://www.yso.fi/onto/yso/p10593 as top concept of scheme http://www.yso.fi/onto/tero/deprecatedconceptscheme
INFO: Marking loose concept http://www.yso.fi/onto/yso/p10597 as top concept of scheme http://www.yso.fi/onto/tero/deprecatedconceptscheme
INFO: Marking loose concept http://www.yso.fi/onto/yso/p10599 as top concept of scheme http://www.yso.fi/onto/tero/deprecatedconceptscheme
INFO: Marking loose concept http://www.yso.fi/onto/yso/p10623 as top concept of scheme http://www.yso.fi/onto/tero/deprecatedconceptscheme
INFO: Marking loose concept http://www.yso.fi/onto/yso/p10667 as top concept of scheme http://www.yso.fi/onto/tero/deprecatedconceptscheme
INFO: Marking loose concept http://www.yso.fi/onto/yso/p10670 as top concept of scheme http://www.yso.fi/onto/tero/deprecatedconceptscheme
INFO: Marking loose concept http://www.yso.fi/onto/yso/p10677 as top concept of scheme http://www.yso.fi/onto/tero/deprecatedconceptscheme
INFO: Marking loose concept http://www.yso.fi/onto/yso/p10707 as top concept of scheme http://www.yso.fi/onto/tero/deprecatedconceptscheme
INFO: Marking loose concept http://www.yso.fi/onto/yso/p10710 as top concept of scheme http://www.yso.fi/onto/tero/deprecatedconceptscheme
INFO: Marking loose concept http://www.yso.fi/onto/yso/p10711 as top concept of scheme http://www.yso.fi/onto/tero/deprecatedconceptscheme
INFO: Marking loose concept http://www.yso.fi/onto/yso/p10734 as top concept of scheme http://www.yso.fi/onto/tero/deprecatedconceptscheme
INFO: Marking loose concept http://www.yso.fi/onto/yso/p10756 as top concept of scheme http://www.yso.fi/onto/tero/deprecatedconceptscheme
INFO: Marking loose concept http://www.yso.fi/onto/yso/p10786 as top concept of scheme http://www.yso.fi/onto/tero/deprecatedconceptscheme
INFO: Marking loose concept http://www.yso.fi/onto/yso/p10787 as top concept of scheme http://www.yso.fi/onto/tero/deprecatedconceptscheme
INFO: Marking loose concept http://www.yso.fi/onto/yso/p10797 as top concept of scheme http://www.yso.fi/onto/tero/deprecatedconceptscheme
INFO: Marking loose concept http://www.yso.fi/onto/yso/p10882 as top concept of scheme http://www.yso.fi/onto/tero/deprecatedconceptscheme
INFO: Marking loose concept http://www.yso.fi/onto/yso/p10887 as top concept of scheme http://www.yso.fi/onto/tero/deprecatedconceptscheme
INFO: Marking loose concept http://www.yso.fi/onto/yso/p10925 as top concept of scheme http://www.yso.fi/onto/tero/deprecatedconceptscheme
INFO: Marking loose concept http://www.yso.fi/onto/yso/p10939 as top concept of scheme http://www.yso.fi/onto/tero/deprecatedconceptscheme
INFO: Marking loose concept http://www.yso.fi/onto/yso/p10966 as top concept of scheme http://www.yso.fi/onto/tero/deprecatedconceptscheme
INFO: Marking loose concept http://www.yso.fi/onto/yso/p10975 as top concept of scheme http://www.yso.fi/onto/tero/deprecatedconceptscheme
INFO: Marking loose concept http://www.yso.fi/onto/yso/p10985 as top concept of scheme http://www.yso.fi/onto/tero/deprecatedconceptscheme
INFO: Marking loose concept http://www.yso.fi/onto/yso/p10989 as top concept of scheme http://www.yso.fi/onto/tero/deprecatedconceptscheme
INFO: Marking loose concept http://www.yso.fi/onto/yso/p1100 as top concept of scheme http://www.yso.fi/onto/tero/deprecatedconceptscheme
INFO: Marking loose concept http://www.yso.fi/onto/yso/p11012 as top concept of scheme http://www.yso.fi/onto/tero/deprecatedconceptscheme
INFO: Marking loose concept http://www.yso.fi/onto/yso/p11018 as top concept of scheme http://www.yso.fi/onto/tero/deprecatedconceptscheme
INFO: Marking loose concept http://www.yso.fi/onto/yso/p11081 as top concept of scheme http://www.yso.fi/onto/tero/deprecatedconceptscheme
INFO: Marking loose concept http://www.yso.fi/onto/yso/p11125 as top concept of scheme http://www.yso.fi/onto/tero/deprecatedconceptscheme
INFO: Marking loose concept http://www.yso.fi/onto/yso/p11216 as top concept of scheme http://www.yso.fi/onto/tero/deprecatedconceptscheme
INFO: Marking loose concept http://www.yso.fi/onto/yso/p11234 as top concept of scheme http://www.yso.fi/onto/tero/deprecatedconceptscheme
INFO: Marking loose concept http://www.yso.fi/onto/yso/p11240 as top concept of scheme http://www.yso.fi/onto/tero/deprecatedconceptscheme
INFO: Marking loose concept http://www.yso.fi/onto/yso/p11256 as top concept of scheme http://www.yso.fi/onto/tero/deprecatedconceptscheme
INFO: Marking loose concept http://www.yso.fi/onto/yso/p11257 as top concept of scheme http://www.yso.fi/onto/tero/deprecatedconceptscheme
INFO: Marking loose concept http://www.yso.fi/onto/yso/p11265 as top concept of scheme http://www.yso.fi/onto/tero/deprecatedconceptscheme
INFO: Marking loose concept http://www.yso.fi/onto/yso/p11270 as top concept of scheme http://www.yso.fi/onto/tero/deprecatedconceptscheme
INFO: Marking loose concept http://www.yso.fi/onto/yso/p11272 as top concept of scheme http://www.yso.fi/onto/tero/deprecatedconceptscheme
INFO: Marking loose concept http://www.yso.fi/onto/yso/p11279 as top concept of scheme http://www.yso.fi/onto/tero/deprecatedconceptscheme
INFO: Marking loose concept http://www.yso.fi/onto/yso/p113 as top concept of scheme http://www.yso.fi/onto/tero/deprecatedconceptscheme
INFO: Marking loose concept http://www.yso.fi/onto/yso/p11334 as top concept of scheme http://www.yso.fi/onto/tero/deprecatedconceptscheme
INFO: Marking loose concept http://www.yso.fi/onto/yso/p11371 as top concept of scheme http://www.yso.fi/onto/tero/deprecatedconceptscheme
INFO: Marking loose concept http://www.yso.fi/onto/yso/p1138 as top concept of scheme http://www.yso.fi/onto/tero/deprecatedconceptscheme
INFO: Marking loose concept http://www.yso.fi/onto/yso/p11396 as top concept of scheme http://www.yso.fi/onto/tero/deprecatedconceptscheme
INFO: Marking loose concept http://www.yso.fi/onto/yso/p11399 as top concept of scheme http://www.yso.fi/onto/tero/deprecatedconceptscheme
INFO: Marking loose concept http://www.yso.fi/onto/yso/p11429 as top concept of scheme http://www.yso.fi/onto/tero/deprecatedconceptscheme
INFO: Marking loose concept http://www.yso.fi/onto/yso/p11437 as top concept of scheme http://www.yso.fi/onto/tero/deprecatedconceptscheme
INFO: Marking loose concept http://www.yso.fi/onto/yso/p11439 as top concept of scheme http://www.yso.fi/onto/tero/deprecatedconceptscheme
INFO: Marking loose concept http://www.yso.fi/onto/yso/p1144 as top concept of scheme http://www.yso.fi/onto/tero/deprecatedconceptscheme
INFO: Marking loose concept http://www.yso.fi/onto/yso/p11454 as top concept of scheme http://www.yso.fi/onto/tero/deprecatedconceptscheme
INFO: Marking loose concept http://www.yso.fi/onto/yso/p11502 as top concept of scheme http://www.yso.fi/onto/tero/deprecatedconceptscheme
INFO: Marking loose concept http://www.yso.fi/onto/yso/p11505 as top concept of scheme http://www.yso.fi/onto/tero/deprecatedconceptscheme
INFO: Marking loose concept http://www.yso.fi/onto/yso/p11508 as top concept of scheme http://www.yso.fi/onto/tero/deprecatedconceptscheme
INFO: Marking loose concept http://www.yso.fi/onto/yso/p11523 as top concept of scheme http://www.yso.fi/onto/tero/deprecatedconceptscheme
INFO: Marking loose concept http://www.yso.fi/onto/yso/p11526 as top concept of scheme http://www.yso.fi/onto/tero/deprecatedconceptscheme
INFO: Marking loose concept http://www.yso.fi/onto/yso/p11586 as top concept of scheme http://www.yso.fi/onto/tero/deprecatedconceptscheme
INFO: Marking loose concept http://www.yso.fi/onto/yso/p11591 as top concept of scheme http://www.yso.fi/onto/tero/deprecatedconceptscheme
INFO: Marking loose concept http://www.yso.fi/onto/yso/p11594 as top concept of scheme http://www.yso.fi/onto/tero/deprecatedconceptscheme
INFO: Marking loose concept http://www.yso.fi/onto/yso/p11601 as top concept of scheme http://www.yso.fi/onto/tero/deprecatedconceptscheme
INFO: Marking loose concept http://www.yso.fi/onto/yso/p11620 as top concept of scheme http://www.yso.fi/onto/tero/deprecatedconceptscheme
INFO: Marking loose concept http://www.yso.fi/onto/yso/p11623 as top concept of scheme http://www.yso.fi/onto/tero/deprecatedconceptscheme
INFO: Marking loose concept http://www.yso.fi/onto/yso/p11624 as top concept of scheme http://www.yso.fi/onto/tero/deprecatedconceptscheme
INFO: Marking loose concept http://www.yso.fi/onto/yso/p1164 as top concept of scheme http://www.yso.fi/onto/tero/deprecatedconceptscheme
INFO: Marking loose concept http://www.yso.fi/onto/yso/p11648 as top concept of scheme http://www.yso.fi/onto/tero/deprecatedconceptscheme
INFO: Marking loose concept http://www.yso.fi/onto/yso/p11658 as top concept of scheme http://www.yso.fi/onto/tero/deprecatedconceptscheme
INFO: Marking loose concept http://www.yso.fi/onto/yso/p11660 as top concept of scheme http://www.yso.fi/onto/tero/deprecatedconceptscheme
INFO: Marking loose concept http://www.yso.fi/onto/yso/p11662 as top concept of scheme http://www.yso.fi/onto/tero/deprecatedconceptscheme
INFO: Marking loose concept http://www.yso.fi/onto/yso/p11665 as top concept of scheme http://www.yso.fi/onto/tero/deprecatedconceptscheme
INFO: Marking loose concept http://www.yso.fi/onto/yso/p11783 as top concept of scheme http://www.yso.fi/onto/tero/deprecatedconceptscheme
INFO: Marking loose concept http://www.yso.fi/onto/yso/p11791 as top concept of scheme http://www.yso.fi/onto/tero/deprecatedconceptscheme
INFO: Marking loose concept http://www.yso.fi/onto/yso/p11817 as top concept of scheme http://www.yso.fi/onto/tero/deprecatedconceptscheme
INFO: Marking loose concept http://www.yso.fi/onto/yso/p11865 as top concept of scheme http://www.yso.fi/onto/tero/deprecatedconceptscheme
INFO: Marking loose concept http://www.yso.fi/onto/yso/p11891 as top concept of scheme http://www.yso.fi/onto/tero/deprecatedconceptscheme
INFO: Marking loose concept http://www.yso.fi/onto/yso/p11895 as top concept of scheme http://www.yso.fi/onto/tero/deprecatedconceptscheme
INFO: Marking loose concept http://www.yso.fi/onto/yso/p11899 as top concept of scheme http://www.yso.fi/onto/tero/deprecatedconceptscheme
INFO: Marking loose concept http://www.yso.fi/onto/yso/p1190 as top concept of scheme http://www.yso.fi/onto/tero/deprecatedconceptscheme
INFO: Marking loose concept http://www.yso.fi/onto/yso/p11922 as top concept of scheme http://www.yso.fi/onto/tero/deprecatedconceptscheme
INFO: Marking loose concept http://www.yso.fi/onto/yso/p11969 as top concept of scheme http://www.yso.fi/onto/tero/deprecatedconceptscheme
INFO: Marking loose concept http://www.yso.fi/onto/yso/p11978 as top concept of scheme http://www.yso.fi/onto/tero/deprecatedconceptscheme
INFO: Marking loose concept http://www.yso.fi/onto/yso/p11986 as top concept of scheme http://www.yso.fi/onto/tero/deprecatedconceptscheme
INFO: Marking loose concept http://www.yso.fi/onto/yso/p12008 as top concept of scheme http://www.yso.fi/onto/tero/deprecatedconceptscheme
INFO: Marking loose concept http://www.yso.fi/onto/yso/p12023 as top concept of scheme http://www.yso.fi/onto/tero/deprecatedconceptscheme
INFO: Marking loose concept http://www.yso.fi/onto/yso/p12045 as top concept of scheme http://www.yso.fi/onto/tero/deprecatedconceptscheme
INFO: Marking loose concept http://www.yso.fi/onto/yso/p12107 as top concept of scheme http://www.yso.fi/onto/tero/deprecatedconceptscheme
INFO: Marking loose concept http://www.yso.fi/onto/yso/p12129 as top concept of scheme http://www.yso.fi/onto/tero/deprecatedconceptscheme
INFO: Marking loose concept http://www.yso.fi/onto/yso/p12135 as top concept of scheme http://www.yso.fi/onto/tero/deprecatedconceptscheme
INFO: Marking loose concept http://www.yso.fi/onto/yso/p12137 as top concept of scheme http://www.yso.fi/onto/tero/deprecatedconceptscheme
INFO: Marking loose concept http://www.yso.fi/onto/yso/p12158 as top concept of scheme http://www.yso.fi/onto/tero/deprecatedconceptscheme
INFO: Marking loose concept http://www.yso.fi/onto/yso/p12174 as top concept of scheme http://www.yso.fi/onto/tero/deprecatedconceptscheme
INFO: Marking loose concept http://www.yso.fi/onto/yso/p122 as top concept of scheme http://www.yso.fi/onto/tero/deprecatedconceptscheme
INFO: Marking loose concept http://www.yso.fi/onto/yso/p12239 as top concept of scheme http://www.yso.fi/onto/tero/deprecatedconceptscheme
INFO: Marking loose concept http://www.yso.fi/onto/yso/p12258 as top concept of scheme http://www.yso.fi/onto/tero/deprecatedconceptscheme
INFO: Marking loose concept http://www.yso.fi/onto/yso/p12262 as top concept of scheme http://www.yso.fi/onto/tero/deprecatedconceptscheme
INFO: Marking loose concept http://www.yso.fi/onto/yso/p12277 as top concept of scheme http://www.yso.fi/onto/tero/deprecatedconceptscheme
INFO: Marking loose concept http://www.yso.fi/onto/yso/p12296 as top concept of scheme http://www.yso.fi/onto/tero/deprecatedconceptscheme
INFO: Marking loose concept http://www.yso.fi/onto/yso/p12308 as top concept of scheme http://www.yso.fi/onto/tero/deprecatedconceptscheme
INFO: Marking loose concept http://www.yso.fi/onto/yso/p12323 as top concept of scheme http://www.yso.fi/onto/tero/deprecatedconceptscheme
INFO: Marking loose concept http://www.yso.fi/onto/yso/p12327 as top concept of scheme http://www.yso.fi/onto/tero/deprecatedconceptscheme
INFO: Marking loose concept http://www.yso.fi/onto/yso/p12333 as top concept of scheme http://www.yso.fi/onto/tero/deprecatedconceptscheme
INFO: Marking loose concept http://www.yso.fi/onto/yso/p12353 as top concept of scheme http://www.yso.fi/onto/tero/deprecatedconceptscheme
INFO: Marking loose concept http://www.yso.fi/onto/yso/p12363 as top concept of scheme http://www.yso.fi/onto/tero/deprecatedconceptscheme
INFO: Marking loose concept http://www.yso.fi/onto/yso/p12396 as top concept of scheme http://www.yso.fi/onto/tero/deprecatedconceptscheme
INFO: Marking loose concept http://www.yso.fi/onto/yso/p12397 as top concept of scheme http://www.yso.fi/onto/tero/deprecatedconceptscheme
INFO: Marking loose concept http://www.yso.fi/onto/yso/p12421 as top concept of scheme http://www.yso.fi/onto/tero/deprecatedconceptscheme
INFO: Marking loose concept http://www.yso.fi/onto/yso/p12460 as top concept of scheme http://www.yso.fi/onto/tero/deprecatedconceptscheme
INFO: Marking loose concept http://www.yso.fi/onto/yso/p12479 as top concept of scheme http://www.yso.fi/onto/tero/deprecatedconceptscheme
INFO: Marking loose concept http://www.yso.fi/onto/yso/p12495 as top concept of scheme http://www.yso.fi/onto/tero/deprecatedconceptscheme
INFO: Marking loose concept http://www.yso.fi/onto/yso/p12522 as top concept of scheme http://www.yso.fi/onto/tero/deprecatedconceptscheme
INFO: Marking loose concept http://www.yso.fi/onto/yso/p12527 as top concept of scheme http://www.yso.fi/onto/tero/deprecatedconceptscheme
INFO: Marking loose concept http://www.yso.fi/onto/yso/p12534 as top concept of scheme http://www.yso.fi/onto/tero/deprecatedconceptscheme
INFO: Marking loose concept http://www.yso.fi/onto/yso/p12553 as top concept of scheme http://www.yso.fi/onto/tero/deprecatedconceptscheme
INFO: Marking loose concept http://www.yso.fi/onto/yso/p1256 as top concept of scheme http://www.yso.fi/onto/tero/deprecatedconceptscheme
INFO: Marking loose concept http://www.yso.fi/onto/yso/p12563 as top concept of scheme http://www.yso.fi/onto/tero/deprecatedconceptscheme
INFO: Marking loose concept http://www.yso.fi/onto/yso/p12574 as top concept of scheme http://www.yso.fi/onto/tero/deprecatedconceptscheme
INFO: Marking loose concept http://www.yso.fi/onto/yso/p12597 as top concept of scheme http://www.yso.fi/onto/tero/deprecatedconceptscheme
INFO: Marking loose concept http://www.yso.fi/onto/yso/p12601 as top concept of scheme http://www.yso.fi/onto/tero/deprecatedconceptscheme
INFO: Marking loose concept http://www.yso.fi/onto/yso/p12619 as top concept of scheme http://www.yso.fi/onto/tero/deprecatedconceptscheme
INFO: Marking loose concept http://www.yso.fi/onto/yso/p12653 as top concept of scheme http://www.yso.fi/onto/tero/deprecatedconceptscheme
INFO: Marking loose concept http://www.yso.fi/onto/yso/p1269 as top concept of scheme http://www.yso.fi/onto/tero/deprecatedconceptscheme
INFO: Marking loose concept http://www.yso.fi/onto/yso/p12712 as top concept of scheme http://www.yso.fi/onto/tero/deprecatedconceptscheme
INFO: Marking loose concept http://www.yso.fi/onto/yso/p12729 as top concept of scheme http://www.yso.fi/onto/tero/deprecatedconceptscheme
INFO: Marking loose concept http://www.yso.fi/onto/yso/p12759 as top concept of scheme http://www.yso.fi/onto/tero/deprecatedconceptscheme
INFO: Marking loose concept http://www.yso.fi/onto/yso/p12760 as top concept of scheme http://www.yso.fi/onto/tero/deprecatedconceptscheme
INFO: Marking loose concept http://www.yso.fi/onto/yso/p12767 as top concept of scheme http://www.yso.fi/onto/tero/deprecatedconceptscheme
INFO: Marking loose concept http://www.yso.fi/onto/yso/p12768 as top concept of scheme http://www.yso.fi/onto/tero/deprecatedconceptscheme
INFO: Marking loose concept http://www.yso.fi/onto/yso/p12792 as top concept of scheme http://www.yso.fi/onto/tero/deprecatedconceptscheme
INFO: Marking loose concept http://www.yso.fi/onto/yso/p12813 as top concept of scheme http://www.yso.fi/onto/tero/deprecatedconceptscheme
INFO: Marking loose concept http://www.yso.fi/onto/yso/p12818 as top concept of scheme http://www.yso.fi/onto/tero/deprecatedconceptscheme
INFO: Marking loose concept http://www.yso.fi/onto/yso/p12822 as top concept of scheme http://www.yso.fi/onto/tero/deprecatedconceptscheme
INFO: Marking loose concept http://www.yso.fi/onto/yso/p12829 as top concept of scheme http://www.yso.fi/onto/tero/deprecatedconceptscheme
INFO: Marking loose concept http://www.yso.fi/onto/yso/p12830 as top concept of scheme http://www.yso.fi/onto/tero/deprecatedconceptscheme
INFO: Marking loose concept http://www.yso.fi/onto/yso/p12835 as top concept of scheme http://www.yso.fi/onto/tero/deprecatedconceptscheme
INFO: Marking loose concept http://www.yso.fi/onto/yso/p12845 as top concept of scheme http://www.yso.fi/onto/tero/deprecatedconceptscheme
INFO: Marking loose concept http://www.yso.fi/onto/yso/p12857 as top concept of scheme http://www.yso.fi/onto/tero/deprecatedconceptscheme
INFO: Marking loose concept http://www.yso.fi/onto/yso/p12892 as top concept of scheme http://www.yso.fi/onto/tero/deprecatedconceptscheme
INFO: Marking loose concept http://www.yso.fi/onto/yso/p12912 as top concept of scheme http://www.yso.fi/onto/tero/deprecatedconceptscheme
INFO: Marking loose concept http://www.yso.fi/onto/yso/p12923 as top concept of scheme http://www.yso.fi/onto/tero/deprecatedconceptscheme
INFO: Marking loose concept http://www.yso.fi/onto/yso/p12937 as top concept of scheme http://www.yso.fi/onto/tero/deprecatedconceptscheme
INFO: Marking loose concept http://www.yso.fi/onto/yso/p12944 as top concept of scheme http://www.yso.fi/onto/tero/deprecatedconceptscheme
INFO: Marking loose concept http://www.yso.fi/onto/yso/p12963 as top concept of scheme http://www.yso.fi/onto/tero/deprecatedconceptscheme
INFO: Marking loose concept http://www.yso.fi/onto/yso/p12972 as top concept of scheme http://www.yso.fi/onto/tero/deprecatedconceptscheme
INFO: Marking loose concept http://www.yso.fi/onto/yso/p12977 as top concept of scheme http://www.yso.fi/onto/tero/deprecatedconceptscheme
INFO: Marking loose concept http://www.yso.fi/onto/yso/p12978 as top concept of scheme http://www.yso.fi/onto/tero/deprecatedconceptscheme
INFO: Marking loose concept http://www.yso.fi/onto/yso/p12992 as top concept of scheme http://www.yso.fi/onto/tero/deprecatedconceptscheme
INFO: Marking loose concept http://www.yso.fi/onto/yso/p12994 as top concept of scheme http://www.yso.fi/onto/tero/deprecatedconceptscheme
INFO: Marking loose concept http://www.yso.fi/onto/yso/p12997 as top concept of scheme http://www.yso.fi/onto/tero/deprecatedconceptscheme
INFO: Marking loose concept http://www.yso.fi/onto/yso/p13000 as top concept of scheme http://www.yso.fi/onto/tero/deprecatedconceptscheme
INFO: Marking loose concept http://www.yso.fi/onto/yso/p1302 as top concept of scheme http://www.yso.fi/onto/tero/deprecatedconceptscheme
INFO: Marking loose concept http://www.yso.fi/onto/yso/p13053 as top concept of scheme http://www.yso.fi/onto/tero/deprecatedconceptscheme
INFO: Marking loose concept http://www.yso.fi/onto/yso/p1306 as top concept of scheme http://www.yso.fi/onto/tero/deprecatedconceptscheme
INFO: Marking loose concept http://www.yso.fi/onto/yso/p13081 as top concept of scheme http://www.yso.fi/onto/tero/deprecatedconceptscheme
INFO: Marking loose concept http://www.yso.fi/onto/yso/p13087 as top concept of scheme http://www.yso.fi/onto/tero/deprecatedconceptscheme
INFO: Marking loose concept http://www.yso.fi/onto/yso/p13098 as top concept of scheme http://www.yso.fi/onto/tero/deprecatedconceptscheme
INFO: Marking loose concept http://www.yso.fi/onto/yso/p13102 as top concept of scheme http://www.yso.fi/onto/tero/deprecatedconceptscheme
INFO: Marking loose concept http://www.yso.fi/onto/yso/p13103 as top concept of scheme http://www.yso.fi/onto/tero/deprecatedconceptscheme
INFO: Marking loose concept http://www.yso.fi/onto/yso/p13114 as top concept of scheme http://www.yso.fi/onto/tero/deprecatedconceptscheme
INFO: Marking loose concept http://www.yso.fi/onto/yso/p13125 as top concept of scheme http://www.yso.fi/onto/tero/deprecatedconceptscheme
INFO: Marking loose concept http://www.yso.fi/onto/yso/p13128 as top concept of scheme http://www.yso.fi/onto/tero/deprecatedconceptscheme
INFO: Marking loose concept http://www.yso.fi/onto/yso/p13138 as top concept of scheme http://www.yso.fi/onto/tero/deprecatedconceptscheme
INFO: Marking loose concept http://www.yso.fi/onto/yso/p13154 as top concept of scheme http://www.yso.fi/onto/tero/deprecatedconceptscheme
INFO: Marking loose concept http://www.yso.fi/onto/yso/p13173 as top concept of scheme http://www.yso.fi/onto/tero/deprecatedconceptscheme
INFO: Marking loose concept http://www.yso.fi/onto/yso/p13180 as top concept of scheme http://www.yso.fi/onto/tero/deprecatedconceptscheme
INFO: Marking loose concept http://www.yso.fi/onto/yso/p1319 as top concept of scheme http://www.yso.fi/onto/tero/deprecatedconceptscheme
INFO: Marking loose concept http://www.yso.fi/onto/yso/p13223 as top concept of scheme http://www.yso.fi/onto/tero/deprecatedconceptscheme
INFO: Marking loose concept http://www.yso.fi/onto/yso/p13239 as top concept of scheme http://www.yso.fi/onto/tero/deprecatedconceptscheme
INFO: Marking loose concept http://www.yso.fi/onto/yso/p13240 as top concept of scheme http://www.yso.fi/onto/tero/deprecatedconceptscheme
INFO: Marking loose concept http://www.yso.fi/onto/yso/p13246 as top concept of scheme http://www.yso.fi/onto/tero/deprecatedconceptscheme
INFO: Marking loose concept http://www.yso.fi/onto/yso/p13249 as top concept of scheme http://www.yso.fi/onto/tero/deprecatedconceptscheme
INFO: Marking loose concept http://www.yso.fi/onto/yso/p13251 as top concept of scheme http://www.yso.fi/onto/tero/deprecatedconceptscheme
INFO: Marking loose concept http://www.yso.fi/onto/yso/p13254 as top concept of scheme http://www.yso.fi/onto/tero/deprecatedconceptscheme
INFO: Marking loose concept http://www.yso.fi/onto/yso/p13264 as top concept of scheme http://www.yso.fi/onto/tero/deprecatedconceptscheme
INFO: Marking loose concept http://www.yso.fi/onto/yso/p13267 as top concept of scheme http://www.yso.fi/onto/tero/deprecatedconceptscheme
INFO: Marking loose concept http://www.yso.fi/onto/yso/p13276 as top concept of scheme http://www.yso.fi/onto/tero/deprecatedconceptscheme
INFO: Marking loose concept http://www.yso.fi/onto/yso/p13321 as top concept of scheme http://www.yso.fi/onto/tero/deprecatedconceptscheme
INFO: Marking loose concept http://www.yso.fi/onto/yso/p13338 as top concept of scheme http://www.yso.fi/onto/tero/deprecatedconceptscheme
INFO: Marking loose concept http://www.yso.fi/onto/yso/p13339 as top concept of scheme http://www.yso.fi/onto/tero/deprecatedconceptscheme
INFO: Marking loose concept http://www.yso.fi/onto/yso/p13359 as top concept of scheme http://www.yso.fi/onto/tero/deprecatedconceptscheme
INFO: Marking loose concept http://www.yso.fi/onto/yso/p13365 as top concept of scheme http://www.yso.fi/onto/tero/deprecatedconceptscheme
INFO: Marking loose concept http://www.yso.fi/onto/yso/p13366 as top concept of scheme http://www.yso.fi/onto/tero/deprecatedconceptscheme
INFO: Marking loose concept http://www.yso.fi/onto/yso/p13406 as top concept of scheme http://www.yso.fi/onto/tero/deprecatedconceptscheme
INFO: Marking loose concept http://www.yso.fi/onto/yso/p13409 as top concept of scheme http://www.yso.fi/onto/tero/deprecatedconceptscheme
INFO: Marking loose concept http://www.yso.fi/onto/yso/p13424 as top concept of scheme http://www.yso.fi/onto/tero/deprecatedconceptscheme
INFO: Marking loose concept http://www.yso.fi/onto/yso/p1343 as top concept of scheme http://www.yso.fi/onto/tero/deprecatedconceptscheme
INFO: Marking loose concept http://www.yso.fi/onto/yso/p13442 as top concept of scheme http://www.yso.fi/onto/tero/deprecatedconceptscheme
INFO: Marking loose concept http://www.yso.fi/onto/yso/p13446 as top concept of scheme http://www.yso.fi/onto/tero/deprecatedconceptscheme
INFO: Marking loose concept http://www.yso.fi/onto/yso/p13460 as top concept of scheme http://www.yso.fi/onto/tero/deprecatedconceptscheme
INFO: Marking loose concept http://www.yso.fi/onto/yso/p13490 as top concept of scheme http://www.yso.fi/onto/tero/deprecatedconceptscheme
INFO: Marking loose concept http://www.yso.fi/onto/yso/p13495 as top concept of scheme http://www.yso.fi/onto/tero/deprecatedconceptscheme
INFO: Marking loose concept http://www.yso.fi/onto/yso/p13515 as top concept of scheme http://www.yso.fi/onto/tero/deprecatedconceptscheme
INFO: Marking loose concept http://www.yso.fi/onto/yso/p13521 as top concept of scheme http://www.yso.fi/onto/tero/deprecatedconceptscheme
INFO: Marking loose concept http://www.yso.fi/onto/yso/p13530 as top concept of scheme http://www.yso.fi/onto/tero/deprecatedconceptscheme
INFO: Marking loose concept http://www.yso.fi/onto/yso/p13545 as top concept of scheme http://www.yso.fi/onto/tero/deprecatedconceptscheme
INFO: Marking loose concept http://www.yso.fi/onto/yso/p13576 as top concept of scheme http://www.yso.fi/onto/tero/deprecatedconceptscheme
INFO: Marking loose concept http://www.yso.fi/onto/yso/p13585 as top concept of scheme http://www.yso.fi/onto/tero/deprecatedconceptscheme
INFO: Marking loose concept http://www.yso.fi/onto/yso/p13586 as top concept of scheme http://www.yso.fi/onto/tero/deprecatedconceptscheme
INFO: Marking loose concept http://www.yso.fi/onto/yso/p13598 as top concept of scheme http://www.yso.fi/onto/tero/deprecatedconceptscheme
INFO: Marking loose concept http://www.yso.fi/onto/yso/p13634 as top concept of scheme http://www.yso.fi/onto/tero/deprecatedconceptscheme
INFO: Marking loose concept http://www.yso.fi/onto/yso/p13640 as top concept of scheme http://www.yso.fi/onto/tero/deprecatedconceptscheme
INFO: Marking loose concept http://www.yso.fi/onto/yso/p13645 as top concept of scheme http://www.yso.fi/onto/tero/deprecatedconceptscheme
INFO: Marking loose concept http://www.yso.fi/onto/yso/p13668 as top concept of scheme http://www.yso.fi/onto/tero/deprecatedconceptscheme
INFO: Marking loose concept http://www.yso.fi/onto/yso/p13678 as top concept of scheme http://www.yso.fi/onto/tero/deprecatedconceptscheme
INFO: Marking loose concept http://www.yso.fi/onto/yso/p13686 as top concept of scheme http://www.yso.fi/onto/tero/deprecatedconceptscheme
INFO: Marking loose concept http://www.yso.fi/onto/yso/p13694 as top concept of scheme http://www.yso.fi/onto/tero/deprecatedconceptscheme
INFO: Marking loose concept http://www.yso.fi/onto/yso/p13709 as top concept of scheme http://www.yso.fi/onto/tero/deprecatedconceptscheme
INFO: Marking loose concept http://www.yso.fi/onto/yso/p13713 as top concept of scheme http://www.yso.fi/onto/tero/deprecatedconceptscheme
INFO: Marking loose concept http://www.yso.fi/onto/yso/p1373 as top concept of scheme http://www.yso.fi/onto/tero/deprecatedconceptscheme
INFO: Marking loose concept http://www.yso.fi/onto/yso/p13752 as top concept of scheme http://www.yso.fi/onto/tero/deprecatedconceptscheme
INFO: Marking loose concept http://www.yso.fi/onto/yso/p13766 as top concept of scheme http://www.yso.fi/onto/tero/deprecatedconceptscheme
INFO: Marking loose concept http://www.yso.fi/onto/yso/p13782 as top concept of scheme http://www.yso.fi/onto/tero/deprecatedconceptscheme
INFO: Marking loose concept http://www.yso.fi/onto/yso/p13842 as top concept of scheme http://www.yso.fi/onto/tero/deprecatedconceptscheme
INFO: Marking loose concept http://www.yso.fi/onto/yso/p13843 as top concept of scheme http://www.yso.fi/onto/tero/deprecatedconceptscheme
INFO: Marking loose concept http://www.yso.fi/onto/yso/p13880 as top concept of scheme http://www.yso.fi/onto/tero/deprecatedconceptscheme
INFO: Marking loose concept http://www.yso.fi/onto/yso/p13892 as top concept of scheme http://www.yso.fi/onto/tero/deprecatedconceptscheme
INFO: Marking loose concept http://www.yso.fi/onto/yso/p13906 as top concept of scheme http://www.yso.fi/onto/tero/deprecatedconceptscheme
INFO: Marking loose concept http://www.yso.fi/onto/yso/p13952 as top concept of scheme http://www.yso.fi/onto/tero/deprecatedconceptscheme
INFO: Marking loose concept http://www.yso.fi/onto/yso/p13959 as top concept of scheme http://www.yso.fi/onto/tero/deprecatedconceptscheme
INFO: Marking loose concept http://www.yso.fi/onto/yso/p13976 as top concept of scheme http://www.yso.fi/onto/tero/deprecatedconceptscheme
INFO: Marking loose concept http://www.yso.fi/onto/yso/p13979 as top concept of scheme http://www.yso.fi/onto/tero/deprecatedconceptscheme
INFO: Marking loose concept http://www.yso.fi/onto/yso/p14001 as top concept of scheme http://www.yso.fi/onto/tero/deprecatedconceptscheme
INFO: Marking loose concept http://www.yso.fi/onto/yso/p1402 as top concept of scheme http://www.yso.fi/onto/tero/deprecatedconceptscheme
INFO: Marking loose concept http://www.yso.fi/onto/yso/p14025 as top concept of scheme http://www.yso.fi/onto/tero/deprecatedconceptscheme
INFO: Marking loose concept http://www.yso.fi/onto/yso/p14063 as top concept of scheme http://www.yso.fi/onto/tero/deprecatedconceptscheme
INFO: Marking loose concept http://www.yso.fi/onto/yso/p14065 as top concept of scheme http://www.yso.fi/onto/tero/deprecatedconceptscheme
INFO: Marking loose concept http://www.yso.fi/onto/yso/p14083 as top concept of scheme http://www.yso.fi/onto/tero/deprecatedconceptscheme
INFO: Marking loose concept http://www.yso.fi/onto/yso/p14088 as top concept of scheme http://www.yso.fi/onto/tero/deprecatedconceptscheme
INFO: Marking loose concept http://www.yso.fi/onto/yso/p14094 as top concept of scheme http://www.yso.fi/onto/tero/deprecatedconceptscheme
INFO: Marking loose concept http://www.yso.fi/onto/yso/p14099 as top concept of scheme http://www.yso.fi/onto/tero/deprecatedconceptscheme
INFO: Marking loose concept http://www.yso.fi/onto/yso/p14102 as top concept of scheme http://www.yso.fi/onto/tero/deprecatedconceptscheme
INFO: Marking loose concept http://www.yso.fi/onto/yso/p14108 as top concept of scheme http://www.yso.fi/onto/tero/deprecatedconceptscheme
INFO: Marking loose concept http://www.yso.fi/onto/yso/p14111 as top concept of scheme http://www.yso.fi/onto/tero/deprecatedconceptscheme
INFO: Marking loose concept http://www.yso.fi/onto/yso/p14123 as top concept of scheme http://www.yso.fi/onto/tero/deprecatedconceptscheme
INFO: Marking loose concept http://www.yso.fi/onto/yso/p14127 as top concept of scheme http://www.yso.fi/onto/tero/deprecatedconceptscheme
INFO: Marking loose concept http://www.yso.fi/onto/yso/p14143 as top concept of scheme http://www.yso.fi/onto/tero/deprecatedconceptscheme
INFO: Marking loose concept http://www.yso.fi/onto/yso/p14145 as top concept of scheme http://www.yso.fi/onto/tero/deprecatedconceptscheme
INFO: Marking loose concept http://www.yso.fi/onto/yso/p14181 as top concept of scheme http://www.yso.fi/onto/tero/deprecatedconceptscheme
INFO: Marking loose concept http://www.yso.fi/onto/yso/p14246 as top concept of scheme http://www.yso.fi/onto/tero/deprecatedconceptscheme
INFO: Marking loose concept http://www.yso.fi/onto/yso/p14252 as top concept of scheme http://www.yso.fi/onto/tero/deprecatedconceptscheme
INFO: Marking loose concept http://www.yso.fi/onto/yso/p14257 as top concept of scheme http://www.yso.fi/onto/tero/deprecatedconceptscheme
INFO: Marking loose concept http://www.yso.fi/onto/yso/p14259 as top concept of scheme http://www.yso.fi/onto/tero/deprecatedconceptscheme
INFO: Marking loose concept http://www.yso.fi/onto/yso/p14267 as top concept of scheme http://www.yso.fi/onto/tero/deprecatedconceptscheme
INFO: Marking loose concept http://www.yso.fi/onto/yso/p14269 as top concept of scheme http://www.yso.fi/onto/tero/deprecatedconceptscheme
INFO: Marking loose concept http://www.yso.fi/onto/yso/p14277 as top concept of scheme http://www.yso.fi/onto/tero/deprecatedconceptscheme
INFO: Marking loose concept http://www.yso.fi/onto/yso/p14278 as top concept of scheme http://www.yso.fi/onto/tero/deprecatedconceptscheme
INFO: Marking loose concept http://www.yso.fi/onto/yso/p14286 as top concept of scheme http://www.yso.fi/onto/tero/deprecatedconceptscheme
INFO: Marking loose concept http://www.yso.fi/onto/yso/p14287 as top concept of scheme http://www.yso.fi/onto/tero/deprecatedconceptscheme
INFO: Marking loose concept http://www.yso.fi/onto/yso/p14290 as top concept of scheme http://www.yso.fi/onto/tero/deprecatedconceptscheme
INFO: Marking loose concept http://www.yso.fi/onto/yso/p14299 as top concept of scheme http://www.yso.fi/onto/tero/deprecatedconceptscheme
INFO: Marking loose concept http://www.yso.fi/onto/yso/p1432 as top concept of scheme http://www.yso.fi/onto/tero/deprecatedconceptscheme
INFO: Marking loose concept http://www.yso.fi/onto/yso/p14370 as top concept of scheme http://www.yso.fi/onto/tero/deprecatedconceptscheme
INFO: Marking loose concept http://www.yso.fi/onto/yso/p14385 as top concept of scheme http://www.yso.fi/onto/tero/deprecatedconceptscheme
INFO: Marking loose concept http://www.yso.fi/onto/yso/p14445 as top concept of scheme http://www.yso.fi/onto/tero/deprecatedconceptscheme
INFO: Marking loose concept http://www.yso.fi/onto/yso/p14466 as top concept of scheme http://www.yso.fi/onto/tero/deprecatedconceptscheme
INFO: Marking loose concept http://www.yso.fi/onto/yso/p14472 as top concept of scheme http://www.yso.fi/onto/tero/deprecatedconceptscheme
INFO: Marking loose concept http://www.yso.fi/onto/yso/p14487 as top concept of scheme http://www.yso.fi/onto/tero/deprecatedconceptscheme
INFO: Marking loose concept http://www.yso.fi/onto/yso/p14515 as top concept of scheme http://www.yso.fi/onto/tero/deprecatedconceptscheme
INFO: Marking loose concept http://www.yso.fi/onto/yso/p1452 as top concept of scheme http://www.yso.fi/onto/tero/deprecatedconceptscheme
INFO: Marking loose concept http://www.yso.fi/onto/yso/p1455 as top concept of scheme http://www.yso.fi/onto/tero/deprecatedconceptscheme
INFO: Marking loose concept http://www.yso.fi/onto/yso/p14554 as top concept of scheme http://www.yso.fi/onto/tero/deprecatedconceptscheme
INFO: Marking loose concept http://www.yso.fi/onto/yso/p14583 as top concept of scheme http://www.yso.fi/onto/tero/deprecatedconceptscheme
INFO: Marking loose concept http://www.yso.fi/onto/yso/p14586 as top concept of scheme http://www.yso.fi/onto/tero/deprecatedconceptscheme
INFO: Marking loose concept http://www.yso.fi/onto/yso/p14599 as top concept of scheme http://www.yso.fi/onto/tero/deprecatedconceptscheme
INFO: Marking loose concept http://www.yso.fi/onto/yso/p14624 as top concept of scheme http://www.yso.fi/onto/tero/deprecatedconceptscheme
INFO: Marking loose concept http://www.yso.fi/onto/yso/p14631 as top concept of scheme http://www.yso.fi/onto/tero/deprecatedconceptscheme
INFO: Marking loose concept http://www.yso.fi/onto/yso/p14645 as top concept of scheme http://www.yso.fi/onto/tero/deprecatedconceptscheme
INFO: Marking loose concept http://www.yso.fi/onto/yso/p14672 as top concept of scheme http://www.yso.fi/onto/tero/deprecatedconceptscheme
INFO: Marking loose concept http://www.yso.fi/onto/yso/p14673 as top concept of scheme http://www.yso.fi/onto/tero/deprecatedconceptscheme
INFO: Marking loose concept http://www.yso.fi/onto/yso/p14679 as top concept of scheme http://www.yso.fi/onto/tero/deprecatedconceptscheme
INFO: Marking loose concept http://www.yso.fi/onto/yso/p14704 as top concept of scheme http://www.yso.fi/onto/tero/deprecatedconceptscheme
INFO: Marking loose concept http://www.yso.fi/onto/yso/p14708 as top concept of scheme http://www.yso.fi/onto/tero/deprecatedconceptscheme
INFO: Marking loose concept http://www.yso.fi/onto/yso/p14715 as top concept of scheme http://www.yso.fi/onto/tero/deprecatedconceptscheme
INFO: Marking loose concept http://www.yso.fi/onto/yso/p1472 as top concept of scheme http://www.yso.fi/onto/tero/deprecatedconceptscheme
INFO: Marking loose concept http://www.yso.fi/onto/yso/p1473 as top concept of scheme http://www.yso.fi/onto/tero/deprecatedconceptscheme
INFO: Marking loose concept http://www.yso.fi/onto/yso/p14731 as top concept of scheme http://www.yso.fi/onto/tero/deprecatedconceptscheme
INFO: Marking loose concept http://www.yso.fi/onto/yso/p14773 as top concept of scheme http://www.yso.fi/onto/tero/deprecatedconceptscheme
INFO: Marking loose concept http://www.yso.fi/onto/yso/p14795 as top concept of scheme http://www.yso.fi/onto/tero/deprecatedconceptscheme
INFO: Marking loose concept http://www.yso.fi/onto/yso/p14824 as top concept of scheme http://www.yso.fi/onto/tero/deprecatedconceptscheme
INFO: Marking loose concept http://www.yso.fi/onto/yso/p14826 as top concept of scheme http://www.yso.fi/onto/tero/deprecatedconceptscheme
INFO: Marking loose concept http://www.yso.fi/onto/yso/p14852 as top concept of scheme http://www.yso.fi/onto/tero/deprecatedconceptscheme
INFO: Marking loose concept http://www.yso.fi/onto/yso/p1487 as top concept of scheme http://www.yso.fi/onto/tero/deprecatedconceptscheme
INFO: Marking loose concept http://www.yso.fi/onto/yso/p14897 as top concept of scheme http://www.yso.fi/onto/tero/deprecatedconceptscheme
INFO: Marking loose concept http://www.yso.fi/onto/yso/p14911 as top concept of scheme http://www.yso.fi/onto/tero/deprecatedconceptscheme
INFO: Marking loose concept http://www.yso.fi/onto/yso/p14956 as top concept of scheme http://www.yso.fi/onto/tero/deprecatedconceptscheme
INFO: Marking loose concept http://www.yso.fi/onto/yso/p14962 as top concept of scheme http://www.yso.fi/onto/tero/deprecatedconceptscheme
INFO: Marking loose concept http://www.yso.fi/onto/yso/p14969 as top concept of scheme http://www.yso.fi/onto/tero/deprecatedconceptscheme
INFO: Marking loose concept http://www.yso.fi/onto/yso/p14970 as top concept of scheme http://www.yso.fi/onto/tero/deprecatedconceptscheme
INFO: Marking loose concept http://www.yso.fi/onto/yso/p15 as top concept of scheme http://www.yso.fi/onto/tero/deprecatedconceptscheme
INFO: Marking loose concept http://www.yso.fi/onto/yso/p15021 as top concept of scheme http://www.yso.fi/onto/tero/deprecatedconceptscheme
INFO: Marking loose concept http://www.yso.fi/onto/yso/p15032 as top concept of scheme http://www.yso.fi/onto/tero/deprecatedconceptscheme
INFO: Marking loose concept http://www.yso.fi/onto/yso/p15035 as top concept of scheme http://www.yso.fi/onto/tero/deprecatedconceptscheme
INFO: Marking loose concept http://www.yso.fi/onto/yso/p15054 as top concept of scheme http://www.yso.fi/onto/tero/deprecatedconceptscheme
INFO: Marking loose concept http://www.yso.fi/onto/yso/p15068 as top concept of scheme http://www.yso.fi/onto/tero/deprecatedconceptscheme
INFO: Marking loose concept http://www.yso.fi/onto/yso/p15136 as top concept of scheme http://www.yso.fi/onto/tero/deprecatedconceptscheme
INFO: Marking loose concept http://www.yso.fi/onto/yso/p15142 as top concept of scheme http://www.yso.fi/onto/tero/deprecatedconceptscheme
INFO: Marking loose concept http://www.yso.fi/onto/yso/p15165 as top concept of scheme http://www.yso.fi/onto/tero/deprecatedconceptscheme
INFO: Marking loose concept http://www.yso.fi/onto/yso/p15172 as top concept of scheme http://www.yso.fi/onto/tero/deprecatedconceptscheme
INFO: Marking loose concept http://www.yso.fi/onto/yso/p15232 as top concept of scheme http://www.yso.fi/onto/tero/deprecatedconceptscheme
INFO: Marking loose concept http://www.yso.fi/onto/yso/p15244 as top concept of scheme http://www.yso.fi/onto/tero/deprecatedconceptscheme
INFO: Marking loose concept http://www.yso.fi/onto/yso/p15250 as top concept of scheme http://www.yso.fi/onto/tero/deprecatedconceptscheme
INFO: Marking loose concept http://www.yso.fi/onto/yso/p15264 as top concept of scheme http://www.yso.fi/onto/tero/deprecatedconceptscheme
INFO: Marking loose concept http://www.yso.fi/onto/yso/p15299 as top concept of scheme http://www.yso.fi/onto/tero/deprecatedconceptscheme
INFO: Marking loose concept http://www.yso.fi/onto/yso/p15305 as top concept of scheme http://www.yso.fi/onto/tero/deprecatedconceptscheme
INFO: Marking loose concept http://www.yso.fi/onto/yso/p15317 as top concept of scheme http://www.yso.fi/onto/tero/deprecatedconceptscheme
INFO: Marking loose concept http://www.yso.fi/onto/yso/p15320 as top concept of scheme http://www.yso.fi/onto/tero/deprecatedconceptscheme
INFO: Marking loose concept http://www.yso.fi/onto/yso/p15321 as top concept of scheme http://www.yso.fi/onto/tero/deprecatedconceptscheme
INFO: Marking loose concept http://www.yso.fi/onto/yso/p1535 as top concept of scheme http://www.yso.fi/onto/tero/deprecatedconceptscheme
INFO: Marking loose concept http://www.yso.fi/onto/yso/p1537 as top concept of scheme http://www.yso.fi/onto/tero/deprecatedconceptscheme
INFO: Marking loose concept http://www.yso.fi/onto/yso/p15391 as top concept of scheme http://www.yso.fi/onto/tero/deprecatedconceptscheme
INFO: Marking loose concept http://www.yso.fi/onto/yso/p1543 as top concept of scheme http://www.yso.fi/onto/tero/deprecatedconceptscheme
INFO: Marking loose concept http://www.yso.fi/onto/yso/p15448 as top concept of scheme http://www.yso.fi/onto/tero/deprecatedconceptscheme
INFO: Marking loose concept http://www.yso.fi/onto/yso/p15459 as top concept of scheme http://www.yso.fi/onto/tero/deprecatedconceptscheme
INFO: Marking loose concept http://www.yso.fi/onto/yso/p1546 as top concept of scheme http://www.yso.fi/onto/tero/deprecatedconceptscheme
INFO: Marking loose concept http://www.yso.fi/onto/yso/p15461 as top concept of scheme http://www.yso.fi/onto/tero/deprecatedconceptscheme
INFO: Marking loose concept http://www.yso.fi/onto/yso/p15465 as top concept of scheme http://www.yso.fi/onto/tero/deprecatedconceptscheme
INFO: Marking loose concept http://www.yso.fi/onto/yso/p15475 as top concept of scheme http://www.yso.fi/onto/tero/deprecatedconceptscheme
INFO: Marking loose concept http://www.yso.fi/onto/yso/p15499 as top concept of scheme http://www.yso.fi/onto/tero/deprecatedconceptscheme
INFO: Marking loose concept http://www.yso.fi/onto/yso/p15506 as top concept of scheme http://www.yso.fi/onto/tero/deprecatedconceptscheme
INFO: Marking loose concept http://www.yso.fi/onto/yso/p15516 as top concept of scheme http://www.yso.fi/onto/tero/deprecatedconceptscheme
INFO: Marking loose concept http://www.yso.fi/onto/yso/p15523 as top concept of scheme http://www.yso.fi/onto/tero/deprecatedconceptscheme
INFO: Marking loose concept http://www.yso.fi/onto/yso/p15529 as top concept of scheme http://www.yso.fi/onto/tero/deprecatedconceptscheme
INFO: Marking loose concept http://www.yso.fi/onto/yso/p15538 as top concept of scheme http://www.yso.fi/onto/tero/deprecatedconceptscheme
INFO: Marking loose concept http://www.yso.fi/onto/yso/p15546 as top concept of scheme http://www.yso.fi/onto/tero/deprecatedconceptscheme
INFO: Marking loose concept http://www.yso.fi/onto/yso/p15548 as top concept of scheme http://www.yso.fi/onto/tero/deprecatedconceptscheme
INFO: Marking loose concept http://www.yso.fi/onto/yso/p15554 as top concept of scheme http://www.yso.fi/onto/tero/deprecatedconceptscheme
INFO: Marking loose concept http://www.yso.fi/onto/yso/p15577 as top concept of scheme http://www.yso.fi/onto/tero/deprecatedconceptscheme
INFO: Marking loose concept http://www.yso.fi/onto/yso/p15606 as top concept of scheme http://www.yso.fi/onto/tero/deprecatedconceptscheme
INFO: Marking loose concept http://www.yso.fi/onto/yso/p15611 as top concept of scheme http://www.yso.fi/onto/tero/deprecatedconceptscheme
INFO: Marking loose concept http://www.yso.fi/onto/yso/p15644 as top concept of scheme http://www.yso.fi/onto/tero/deprecatedconceptscheme
INFO: Marking loose concept http://www.yso.fi/onto/yso/p15645 as top concept of scheme http://www.yso.fi/onto/tero/deprecatedconceptscheme
INFO: Marking loose concept http://www.yso.fi/onto/yso/p15647 as top concept of scheme http://www.yso.fi/onto/tero/deprecatedconceptscheme
INFO: Marking loose concept http://www.yso.fi/onto/yso/p15648 as top concept of scheme http://www.yso.fi/onto/tero/deprecatedconceptscheme
INFO: Marking loose concept http://www.yso.fi/onto/yso/p15671 as top concept of scheme http://www.yso.fi/onto/tero/deprecatedconceptscheme
INFO: Marking loose concept http://www.yso.fi/onto/yso/p15685 as top concept of scheme http://www.yso.fi/onto/tero/deprecatedconceptscheme
INFO: Marking loose concept http://www.yso.fi/onto/yso/p15733 as top concept of scheme http://www.yso.fi/onto/tero/deprecatedconceptscheme
INFO: Marking loose concept http://www.yso.fi/onto/yso/p15756 as top concept of scheme http://www.yso.fi/onto/tero/deprecatedconceptscheme
INFO: Marking loose concept http://www.yso.fi/onto/yso/p15758 as top concept of scheme http://www.yso.fi/onto/tero/deprecatedconceptscheme
INFO: Marking loose concept http://www.yso.fi/onto/yso/p1577 as top concept of scheme http://www.yso.fi/onto/tero/deprecatedconceptscheme
INFO: Marking loose concept http://www.yso.fi/onto/yso/p158 as top concept of scheme http://www.yso.fi/onto/tero/deprecatedconceptscheme
INFO: Marking loose concept http://www.yso.fi/onto/yso/p15801 as top concept of scheme http://www.yso.fi/onto/tero/deprecatedconceptscheme
INFO: Marking loose concept http://www.yso.fi/onto/yso/p15835 as top concept of scheme http://www.yso.fi/onto/tero/deprecatedconceptscheme
INFO: Marking loose concept http://www.yso.fi/onto/yso/p15851 as top concept of scheme http://www.yso.fi/onto/tero/deprecatedconceptscheme
INFO: Marking loose concept http://www.yso.fi/onto/yso/p15857 as top concept of scheme http://www.yso.fi/onto/tero/deprecatedconceptscheme
INFO: Marking loose concept http://www.yso.fi/onto/yso/p1586 as top concept of scheme http://www.yso.fi/onto/tero/deprecatedconceptscheme
INFO: Marking loose concept http://www.yso.fi/onto/yso/p15861 as top concept of scheme http://www.yso.fi/onto/tero/deprecatedconceptscheme
INFO: Marking loose concept http://www.yso.fi/onto/yso/p15880 as top concept of scheme http://www.yso.fi/onto/tero/deprecatedconceptscheme
INFO: Marking loose concept http://www.yso.fi/onto/yso/p15885 as top concept of scheme http://www.yso.fi/onto/tero/deprecatedconceptscheme
INFO: Marking loose concept http://www.yso.fi/onto/yso/p1591 as top concept of scheme http://www.yso.fi/onto/tero/deprecatedconceptscheme
INFO: Marking loose concept http://www.yso.fi/onto/yso/p15930 as top concept of scheme http://www.yso.fi/onto/tero/deprecatedconceptscheme
INFO: Marking loose concept http://www.yso.fi/onto/yso/p15934 as top concept of scheme http://www.yso.fi/onto/tero/deprecatedconceptscheme
INFO: Marking loose concept http://www.yso.fi/onto/yso/p15942 as top concept of scheme http://www.yso.fi/onto/tero/deprecatedconceptscheme
INFO: Marking loose concept http://www.yso.fi/onto/yso/p15954 as top concept of scheme http://www.yso.fi/onto/tero/deprecatedconceptscheme
INFO: Marking loose concept http://www.yso.fi/onto/yso/p15976 as top concept of scheme http://www.yso.fi/onto/tero/deprecatedconceptscheme
INFO: Marking loose concept http://www.yso.fi/onto/yso/p16002 as top concept of scheme http://www.yso.fi/onto/tero/deprecatedconceptscheme
INFO: Marking loose concept http://www.yso.fi/onto/yso/p16005 as top concept of scheme http://www.yso.fi/onto/tero/deprecatedconceptscheme
INFO: Marking loose concept http://www.yso.fi/onto/yso/p16023 as top concept of scheme http://www.yso.fi/onto/tero/deprecatedconceptscheme
INFO: Marking loose concept http://www.yso.fi/onto/yso/p1604 as top concept of scheme http://www.yso.fi/onto/tero/deprecatedconceptscheme
INFO: Marking loose concept http://www.yso.fi/onto/yso/p16046 as top concept of scheme http://www.yso.fi/onto/tero/deprecatedconceptscheme
INFO: Marking loose concept http://www.yso.fi/onto/yso/p16062 as top concept of scheme http://www.yso.fi/onto/tero/deprecatedconceptscheme
INFO: Marking loose concept http://www.yso.fi/onto/yso/p16063 as top concept of scheme http://www.yso.fi/onto/tero/deprecatedconceptscheme
INFO: Marking loose concept http://www.yso.fi/onto/yso/p16084 as top concept of scheme http://www.yso.fi/onto/tero/deprecatedconceptscheme
INFO: Marking loose concept http://www.yso.fi/onto/yso/p1610 as top concept of scheme http://www.yso.fi/onto/tero/deprecatedconceptscheme
INFO: Marking loose concept http://www.yso.fi/onto/yso/p16135 as top concept of scheme http://www.yso.fi/onto/tero/deprecatedconceptscheme
INFO: Marking loose concept http://www.yso.fi/onto/yso/p16189 as top concept of scheme http://www.yso.fi/onto/tero/deprecatedconceptscheme
INFO: Marking loose concept http://www.yso.fi/onto/yso/p16190 as top concept of scheme http://www.yso.fi/onto/tero/deprecatedconceptscheme
INFO: Marking loose concept http://www.yso.fi/onto/yso/p16194 as top concept of scheme http://www.yso.fi/onto/tero/deprecatedconceptscheme
INFO: Marking loose concept http://www.yso.fi/onto/yso/p16206 as top concept of scheme http://www.yso.fi/onto/tero/deprecatedconceptscheme
INFO: Marking loose concept http://www.yso.fi/onto/yso/p16211 as top concept of scheme http://www.yso.fi/onto/tero/deprecatedconceptscheme
INFO: Marking loose concept http://www.yso.fi/onto/yso/p16222 as top concept of scheme http://www.yso.fi/onto/tero/deprecatedconceptscheme
INFO: Marking loose concept http://www.yso.fi/onto/yso/p16234 as top concept of scheme http://www.yso.fi/onto/tero/deprecatedconceptscheme
INFO: Marking loose concept http://www.yso.fi/onto/yso/p16237 as top concept of scheme http://www.yso.fi/onto/tero/deprecatedconceptscheme
INFO: Marking loose concept http://www.yso.fi/onto/yso/p16242 as top concept of scheme http://www.yso.fi/onto/tero/deprecatedconceptscheme
INFO: Marking loose concept http://www.yso.fi/onto/yso/p16258 as top concept of scheme http://www.yso.fi/onto/tero/deprecatedconceptscheme
INFO: Marking loose concept http://www.yso.fi/onto/yso/p16280 as top concept of scheme http://www.yso.fi/onto/tero/deprecatedconceptscheme
INFO: Marking loose concept http://www.yso.fi/onto/yso/p16303 as top concept of scheme http://www.yso.fi/onto/tero/deprecatedconceptscheme
INFO: Marking loose concept http://www.yso.fi/onto/yso/p16342 as top concept of scheme http://www.yso.fi/onto/tero/deprecatedconceptscheme
INFO: Marking loose concept http://www.yso.fi/onto/yso/p16350 as top concept of scheme http://www.yso.fi/onto/tero/deprecatedconceptscheme
INFO: Marking loose concept http://www.yso.fi/onto/yso/p16370 as top concept of scheme http://www.yso.fi/onto/tero/deprecatedconceptscheme
INFO: Marking loose concept http://www.yso.fi/onto/yso/p16375 as top concept of scheme http://www.yso.fi/onto/tero/deprecatedconceptscheme
INFO: Marking loose concept http://www.yso.fi/onto/yso/p1639 as top concept of scheme http://www.yso.fi/onto/tero/deprecatedconceptscheme
INFO: Marking loose concept http://www.yso.fi/onto/yso/p16392 as top concept of scheme http://www.yso.fi/onto/tero/deprecatedconceptscheme
INFO: Marking loose concept http://www.yso.fi/onto/yso/p164 as top concept of scheme http://www.yso.fi/onto/tero/deprecatedconceptscheme
INFO: Marking loose concept http://www.yso.fi/onto/yso/p1640 as top concept of scheme http://www.yso.fi/onto/tero/deprecatedconceptscheme
INFO: Marking loose concept http://www.yso.fi/onto/yso/p16417 as top concept of scheme http://www.yso.fi/onto/tero/deprecatedconceptscheme
INFO: Marking loose concept http://www.yso.fi/onto/yso/p16434 as top concept of scheme http://www.yso.fi/onto/tero/deprecatedconceptscheme
INFO: Marking loose concept http://www.yso.fi/onto/yso/p16446 as top concept of scheme http://www.yso.fi/onto/tero/deprecatedconceptscheme
INFO: Marking loose concept http://www.yso.fi/onto/yso/p16454 as top concept of scheme http://www.yso.fi/onto/tero/deprecatedconceptscheme
INFO: Marking loose concept http://www.yso.fi/onto/yso/p16467 as top concept of scheme http://www.yso.fi/onto/tero/deprecatedconceptscheme
INFO: Marking loose concept http://www.yso.fi/onto/yso/p16492 as top concept of scheme http://www.yso.fi/onto/tero/deprecatedconceptscheme
INFO: Marking loose concept http://www.yso.fi/onto/yso/p16497 as top concept of scheme http://www.yso.fi/onto/tero/deprecatedconceptscheme
INFO: Marking loose concept http://www.yso.fi/onto/yso/p16503 as top concept of scheme http://www.yso.fi/onto/tero/deprecatedconceptscheme
INFO: Marking loose concept http://www.yso.fi/onto/yso/p16520 as top concept of scheme http://www.yso.fi/onto/tero/deprecatedconceptscheme
INFO: Marking loose concept http://www.yso.fi/onto/yso/p16525 as top concept of scheme http://www.yso.fi/onto/tero/deprecatedconceptscheme
INFO: Marking loose concept http://www.yso.fi/onto/yso/p16538 as top concept of scheme http://www.yso.fi/onto/tero/deprecatedconceptscheme
INFO: Marking loose concept http://www.yso.fi/onto/yso/p16559 as top concept of scheme http://www.yso.fi/onto/tero/deprecatedconceptscheme
INFO: Marking loose concept http://www.yso.fi/onto/yso/p16568 as top concept of scheme http://www.yso.fi/onto/tero/deprecatedconceptscheme
INFO: Marking loose concept http://www.yso.fi/onto/yso/p1658 as top concept of scheme http://www.yso.fi/onto/tero/deprecatedconceptscheme
INFO: Marking loose concept http://www.yso.fi/onto/yso/p16580 as top concept of scheme http://www.yso.fi/onto/tero/deprecatedconceptscheme
INFO: Marking loose concept http://www.yso.fi/onto/yso/p16591 as top concept of scheme http://www.yso.fi/onto/tero/deprecatedconceptscheme
INFO: Marking loose concept http://www.yso.fi/onto/yso/p16607 as top concept of scheme http://www.yso.fi/onto/tero/deprecatedconceptscheme
INFO: Marking loose concept http://www.yso.fi/onto/yso/p16608 as top concept of scheme http://www.yso.fi/onto/tero/deprecatedconceptscheme
INFO: Marking loose concept http://www.yso.fi/onto/yso/p16620 as top concept of scheme http://www.yso.fi/onto/tero/deprecatedconceptscheme
INFO: Marking loose concept http://www.yso.fi/onto/yso/p16623 as top concept of scheme http://www.yso.fi/onto/tero/deprecatedconceptscheme
INFO: Marking loose concept http://www.yso.fi/onto/yso/p16632 as top concept of scheme http://www.yso.fi/onto/tero/deprecatedconceptscheme
INFO: Marking loose concept http://www.yso.fi/onto/yso/p1664 as top concept of scheme http://www.yso.fi/onto/tero/deprecatedconceptscheme
INFO: Marking loose concept http://www.yso.fi/onto/yso/p16651 as top concept of scheme http://www.yso.fi/onto/tero/deprecatedconceptscheme
INFO: Marking loose concept http://www.yso.fi/onto/yso/p16653 as top concept of scheme http://www.yso.fi/onto/tero/deprecatedconceptscheme
INFO: Marking loose concept http://www.yso.fi/onto/yso/p16657 as top concept of scheme http://www.yso.fi/onto/tero/deprecatedconceptscheme
INFO: Marking loose concept http://www.yso.fi/onto/yso/p1669 as top concept of scheme http://www.yso.fi/onto/tero/deprecatedconceptscheme
INFO: Marking loose concept http://www.yso.fi/onto/yso/p16714 as top concept of scheme http://www.yso.fi/onto/tero/deprecatedconceptscheme
INFO: Marking loose concept http://www.yso.fi/onto/yso/p16717 as top concept of scheme http://www.yso.fi/onto/tero/deprecatedconceptscheme
INFO: Marking loose concept http://www.yso.fi/onto/yso/p16727 as top concept of scheme http://www.yso.fi/onto/tero/deprecatedconceptscheme
INFO: Marking loose concept http://www.yso.fi/onto/yso/p1673 as top concept of scheme http://www.yso.fi/onto/tero/deprecatedconceptscheme
INFO: Marking loose concept http://www.yso.fi/onto/yso/p16730 as top concept of scheme http://www.yso.fi/onto/tero/deprecatedconceptscheme
INFO: Marking loose concept http://www.yso.fi/onto/yso/p16745 as top concept of scheme http://www.yso.fi/onto/tero/deprecatedconceptscheme
INFO: Marking loose concept http://www.yso.fi/onto/yso/p1677 as top concept of scheme http://www.yso.fi/onto/tero/deprecatedconceptscheme
INFO: Marking loose concept http://www.yso.fi/onto/yso/p1678 as top concept of scheme http://www.yso.fi/onto/tero/deprecatedconceptscheme
INFO: Marking loose concept http://www.yso.fi/onto/yso/p16800 as top concept of scheme http://www.yso.fi/onto/tero/deprecatedconceptscheme
INFO: Marking loose concept http://www.yso.fi/onto/yso/p16808 as top concept of scheme http://www.yso.fi/onto/tero/deprecatedconceptscheme
INFO: Marking loose concept http://www.yso.fi/onto/yso/p16819 as top concept of scheme http://www.yso.fi/onto/tero/deprecatedconceptscheme
INFO: Marking loose concept http://www.yso.fi/onto/yso/p1682 as top concept of scheme http://www.yso.fi/onto/tero/deprecatedconceptscheme
INFO: Marking loose concept http://www.yso.fi/onto/yso/p16824 as top concept of scheme http://www.yso.fi/onto/tero/deprecatedconceptscheme
INFO: Marking loose concept http://www.yso.fi/onto/yso/p16825 as top concept of scheme http://www.yso.fi/onto/tero/deprecatedconceptscheme
INFO: Marking loose concept http://www.yso.fi/onto/yso/p16827 as top concept of scheme http://www.yso.fi/onto/tero/deprecatedconceptscheme
INFO: Marking loose concept http://www.yso.fi/onto/yso/p16838 as top concept of scheme http://www.yso.fi/onto/tero/deprecatedconceptscheme
INFO: Marking loose concept http://www.yso.fi/onto/yso/p16852 as top concept of scheme http://www.yso.fi/onto/tero/deprecatedconceptscheme
INFO: Marking loose concept http://www.yso.fi/onto/yso/p16877 as top concept of scheme http://www.yso.fi/onto/tero/deprecatedconceptscheme
INFO: Marking loose concept http://www.yso.fi/onto/yso/p16898 as top concept of scheme http://www.yso.fi/onto/tero/deprecatedconceptscheme
INFO: Marking loose concept http://www.yso.fi/onto/yso/p16940 as top concept of scheme http://www.yso.fi/onto/tero/deprecatedconceptscheme
INFO: Marking loose concept http://www.yso.fi/onto/yso/p16946 as top concept of scheme http://www.yso.fi/onto/tero/deprecatedconceptscheme
INFO: Marking loose concept http://www.yso.fi/onto/yso/p16964 as top concept of scheme http://www.yso.fi/onto/tero/deprecatedconceptscheme
INFO: Marking loose concept http://www.yso.fi/onto/yso/p16971 as top concept of scheme http://www.yso.fi/onto/tero/deprecatedconceptscheme
INFO: Marking loose concept http://www.yso.fi/onto/yso/p16984 as top concept of scheme http://www.yso.fi/onto/tero/deprecatedconceptscheme
INFO: Marking loose concept http://www.yso.fi/onto/yso/p16989 as top concept of scheme http://www.yso.fi/onto/tero/deprecatedconceptscheme
INFO: Marking loose concept http://www.yso.fi/onto/yso/p16990 as top concept of scheme http://www.yso.fi/onto/tero/deprecatedconceptscheme
INFO: Marking loose concept http://www.yso.fi/onto/yso/p16993 as top concept of scheme http://www.yso.fi/onto/tero/deprecatedconceptscheme
INFO: Marking loose concept http://www.yso.fi/onto/yso/p17 as top concept of scheme http://www.yso.fi/onto/tero/deprecatedconceptscheme
INFO: Marking loose concept http://www.yso.fi/onto/yso/p17056 as top concept of scheme http://www.yso.fi/onto/tero/deprecatedconceptscheme
INFO: Marking loose concept http://www.yso.fi/onto/yso/p17063 as top concept of scheme http://www.yso.fi/onto/tero/deprecatedconceptscheme
INFO: Marking loose concept http://www.yso.fi/onto/yso/p17065 as top concept of scheme http://www.yso.fi/onto/tero/deprecatedconceptscheme
INFO: Marking loose concept http://www.yso.fi/onto/yso/p17073 as top concept of scheme http://www.yso.fi/onto/tero/deprecatedconceptscheme
INFO: Marking loose concept http://www.yso.fi/onto/yso/p17094 as top concept of scheme http://www.yso.fi/onto/tero/deprecatedconceptscheme
INFO: Marking loose concept http://www.yso.fi/onto/yso/p17096 as top concept of scheme http://www.yso.fi/onto/tero/deprecatedconceptscheme
INFO: Marking loose concept http://www.yso.fi/onto/yso/p17106 as top concept of scheme http://www.yso.fi/onto/tero/deprecatedconceptscheme
INFO: Marking loose concept http://www.yso.fi/onto/yso/p17130 as top concept of scheme http://www.yso.fi/onto/tero/deprecatedconceptscheme
INFO: Marking loose concept http://www.yso.fi/onto/yso/p17131 as top concept of scheme http://www.yso.fi/onto/tero/deprecatedconceptscheme
INFO: Marking loose concept http://www.yso.fi/onto/yso/p17160 as top concept of scheme http://www.yso.fi/onto/tero/deprecatedconceptscheme
INFO: Marking loose concept http://www.yso.fi/onto/yso/p17194 as top concept of scheme http://www.yso.fi/onto/tero/deprecatedconceptscheme
INFO: Marking loose concept http://www.yso.fi/onto/yso/p17195 as top concept of scheme http://www.yso.fi/onto/tero/deprecatedconceptscheme
INFO: Marking loose concept http://www.yso.fi/onto/yso/p1720 as top concept of scheme http://www.yso.fi/onto/tero/deprecatedconceptscheme
INFO: Marking loose concept http://www.yso.fi/onto/yso/p17201 as top concept of scheme http://www.yso.fi/onto/tero/deprecatedconceptscheme
INFO: Marking loose concept http://www.yso.fi/onto/yso/p17251 as top concept of scheme http://www.yso.fi/onto/tero/deprecatedconceptscheme
INFO: Marking loose concept http://www.yso.fi/onto/yso/p17264 as top concept of scheme http://www.yso.fi/onto/tero/deprecatedconceptscheme
INFO: Marking loose concept http://www.yso.fi/onto/yso/p17281 as top concept of scheme http://www.yso.fi/onto/tero/deprecatedconceptscheme
INFO: Marking loose concept http://www.yso.fi/onto/yso/p17286 as top concept of scheme http://www.yso.fi/onto/tero/deprecatedconceptscheme
INFO: Marking loose concept http://www.yso.fi/onto/yso/p17329 as top concept of scheme http://www.yso.fi/onto/tero/deprecatedconceptscheme
INFO: Marking loose concept http://www.yso.fi/onto/yso/p17334 as top concept of scheme http://www.yso.fi/onto/tero/deprecatedconceptscheme
INFO: Marking loose concept http://www.yso.fi/onto/yso/p17348 as top concept of scheme http://www.yso.fi/onto/tero/deprecatedconceptscheme
INFO: Marking loose concept http://www.yso.fi/onto/yso/p17355 as top concept of scheme http://www.yso.fi/onto/tero/deprecatedconceptscheme
INFO: Marking loose concept http://www.yso.fi/onto/yso/p17356 as top concept of scheme http://www.yso.fi/onto/tero/deprecatedconceptscheme
INFO: Marking loose concept http://www.yso.fi/onto/yso/p17380 as top concept of scheme http://www.yso.fi/onto/tero/deprecatedconceptscheme
INFO: Marking loose concept http://www.yso.fi/onto/yso/p17384 as top concept of scheme http://www.yso.fi/onto/tero/deprecatedconceptscheme
INFO: Marking loose concept http://www.yso.fi/onto/yso/p1744 as top concept of scheme http://www.yso.fi/onto/tero/deprecatedconceptscheme
INFO: Marking loose concept http://www.yso.fi/onto/yso/p17450 as top concept of scheme http://www.yso.fi/onto/tero/deprecatedconceptscheme
INFO: Marking loose concept http://www.yso.fi/onto/yso/p17460 as top concept of scheme http://www.yso.fi/onto/tero/deprecatedconceptscheme
INFO: Marking loose concept http://www.yso.fi/onto/yso/p17461 as top concept of scheme http://www.yso.fi/onto/tero/deprecatedconceptscheme
INFO: Marking loose concept http://www.yso.fi/onto/yso/p17469 as top concept of scheme http://www.yso.fi/onto/tero/deprecatedconceptscheme
INFO: Marking loose concept http://www.yso.fi/onto/yso/p17474 as top concept of scheme http://www.yso.fi/onto/tero/deprecatedconceptscheme
INFO: Marking loose concept http://www.yso.fi/onto/yso/p17484 as top concept of scheme http://www.yso.fi/onto/tero/deprecatedconceptscheme
INFO: Marking loose concept http://www.yso.fi/onto/yso/p17495 as top concept of scheme http://www.yso.fi/onto/tero/deprecatedconceptscheme
INFO: Marking loose concept http://www.yso.fi/onto/yso/p17496 as top concept of scheme http://www.yso.fi/onto/tero/deprecatedconceptscheme
INFO: Marking loose concept http://www.yso.fi/onto/yso/p17498 as top concept of scheme http://www.yso.fi/onto/tero/deprecatedconceptscheme
INFO: Marking loose concept http://www.yso.fi/onto/yso/p1750 as top concept of scheme http://www.yso.fi/onto/tero/deprecatedconceptscheme
INFO: Marking loose concept http://www.yso.fi/onto/yso/p17507 as top concept of scheme http://www.yso.fi/onto/tero/deprecatedconceptscheme
INFO: Marking loose concept http://www.yso.fi/onto/yso/p17538 as top concept of scheme http://www.yso.fi/onto/tero/deprecatedconceptscheme
INFO: Marking loose concept http://www.yso.fi/onto/yso/p17543 as top concept of scheme http://www.yso.fi/onto/tero/deprecatedconceptscheme
INFO: Marking loose concept http://www.yso.fi/onto/yso/p17555 as top concept of scheme http://www.yso.fi/onto/tero/deprecatedconceptscheme
INFO: Marking loose concept http://www.yso.fi/onto/yso/p17571 as top concept of scheme http://www.yso.fi/onto/tero/deprecatedconceptscheme
INFO: Marking loose concept http://www.yso.fi/onto/yso/p17590 as top concept of scheme http://www.yso.fi/onto/tero/deprecatedconceptscheme
INFO: Marking loose concept http://www.yso.fi/onto/yso/p176 as top concept of scheme http://www.yso.fi/onto/tero/deprecatedconceptscheme
INFO: Marking loose concept http://www.yso.fi/onto/yso/p17620 as top concept of scheme http://www.yso.fi/onto/tero/deprecatedconceptscheme
INFO: Marking loose concept http://www.yso.fi/onto/yso/p17644 as top concept of scheme http://www.yso.fi/onto/tero/deprecatedconceptscheme
INFO: Marking loose concept http://www.yso.fi/onto/yso/p17652 as top concept of scheme http://www.yso.fi/onto/tero/deprecatedconceptscheme
INFO: Marking loose concept http://www.yso.fi/onto/yso/p17675 as top concept of scheme http://www.yso.fi/onto/tero/deprecatedconceptscheme
INFO: Marking loose concept http://www.yso.fi/onto/yso/p17682 as top concept of scheme http://www.yso.fi/onto/tero/deprecatedconceptscheme
INFO: Marking loose concept http://www.yso.fi/onto/yso/p17719 as top concept of scheme http://www.yso.fi/onto/tero/deprecatedconceptscheme
INFO: Marking loose concept http://www.yso.fi/onto/yso/p17732 as top concept of scheme http://www.yso.fi/onto/tero/deprecatedconceptscheme
INFO: Marking loose concept http://www.yso.fi/onto/yso/p17755 as top concept of scheme http://www.yso.fi/onto/tero/deprecatedconceptscheme
INFO: Marking loose concept http://www.yso.fi/onto/yso/p17765 as top concept of scheme http://www.yso.fi/onto/tero/deprecatedconceptscheme
INFO: Marking loose concept http://www.yso.fi/onto/yso/p17766 as top concept of scheme http://www.yso.fi/onto/tero/deprecatedconceptscheme
INFO: Marking loose concept http://www.yso.fi/onto/yso/p17847 as top concept of scheme http://www.yso.fi/onto/tero/deprecatedconceptscheme
INFO: Marking loose concept http://www.yso.fi/onto/yso/p17848 as top concept of scheme http://www.yso.fi/onto/tero/deprecatedconceptscheme
INFO: Marking loose concept http://www.yso.fi/onto/yso/p17882 as top concept of scheme http://www.yso.fi/onto/tero/deprecatedconceptscheme
INFO: Marking loose concept http://www.yso.fi/onto/yso/p17898 as top concept of scheme http://www.yso.fi/onto/tero/deprecatedconceptscheme
INFO: Marking loose concept http://www.yso.fi/onto/yso/p17901 as top concept of scheme http://www.yso.fi/onto/tero/deprecatedconceptscheme
INFO: Marking loose concept http://www.yso.fi/onto/yso/p17908 as top concept of scheme http://www.yso.fi/onto/tero/deprecatedconceptscheme
INFO: Marking loose concept http://www.yso.fi/onto/yso/p17909 as top concept of scheme http://www.yso.fi/onto/tero/deprecatedconceptscheme
INFO: Marking loose concept http://www.yso.fi/onto/yso/p17919 as top concept of scheme http://www.yso.fi/onto/tero/deprecatedconceptscheme
INFO: Marking loose concept http://www.yso.fi/onto/yso/p17948 as top concept of scheme http://www.yso.fi/onto/tero/deprecatedconceptscheme
INFO: Marking loose concept http://www.yso.fi/onto/yso/p17949 as top concept of scheme http://www.yso.fi/onto/tero/deprecatedconceptscheme
INFO: Marking loose concept http://www.yso.fi/onto/yso/p17964 as top concept of scheme http://www.yso.fi/onto/tero/deprecatedconceptscheme
INFO: Marking loose concept http://www.yso.fi/onto/yso/p17966 as top concept of scheme http://www.yso.fi/onto/tero/deprecatedconceptscheme
INFO: Marking loose concept http://www.yso.fi/onto/yso/p18013 as top concept of scheme http://www.yso.fi/onto/tero/deprecatedconceptscheme
INFO: Marking loose concept http://www.yso.fi/onto/yso/p18026 as top concept of scheme http://www.yso.fi/onto/tero/deprecatedconceptscheme
INFO: Marking loose concept http://www.yso.fi/onto/yso/p18038 as top concept of scheme http://www.yso.fi/onto/tero/deprecatedconceptscheme
INFO: Marking loose concept http://www.yso.fi/onto/yso/p1806 as top concept of scheme http://www.yso.fi/onto/tero/deprecatedconceptscheme
INFO: Marking loose concept http://www.yso.fi/onto/yso/p18061 as top concept of scheme http://www.yso.fi/onto/tero/deprecatedconceptscheme
INFO: Marking loose concept http://www.yso.fi/onto/yso/p18064 as top concept of scheme http://www.yso.fi/onto/tero/deprecatedconceptscheme
INFO: Marking loose concept http://www.yso.fi/onto/yso/p18077 as top concept of scheme http://www.yso.fi/onto/tero/deprecatedconceptscheme
INFO: Marking loose concept http://www.yso.fi/onto/yso/p18080 as top concept of scheme http://www.yso.fi/onto/tero/deprecatedconceptscheme
INFO: Marking loose concept http://www.yso.fi/onto/yso/p18088 as top concept of scheme http://www.yso.fi/onto/tero/deprecatedconceptscheme
INFO: Marking loose concept http://www.yso.fi/onto/yso/p18093 as top concept of scheme http://www.yso.fi/onto/tero/deprecatedconceptscheme
INFO: Marking loose concept http://www.yso.fi/onto/yso/p18095 as top concept of scheme http://www.yso.fi/onto/tero/deprecatedconceptscheme
INFO: Marking loose concept http://www.yso.fi/onto/yso/p18110 as top concept of scheme http://www.yso.fi/onto/tero/deprecatedconceptscheme
INFO: Marking loose concept http://www.yso.fi/onto/yso/p18112 as top concept of scheme http://www.yso.fi/onto/tero/deprecatedconceptscheme
INFO: Marking loose concept http://www.yso.fi/onto/yso/p18124 as top concept of scheme http://www.yso.fi/onto/tero/deprecatedconceptscheme
INFO: Marking loose concept http://www.yso.fi/onto/yso/p18137 as top concept of scheme http://www.yso.fi/onto/tero/deprecatedconceptscheme
INFO: Marking loose concept http://www.yso.fi/onto/yso/p18141 as top concept of scheme http://www.yso.fi/onto/tero/deprecatedconceptscheme
INFO: Marking loose concept http://www.yso.fi/onto/yso/p18152 as top concept of scheme http://www.yso.fi/onto/tero/deprecatedconceptscheme
INFO: Marking loose concept http://www.yso.fi/onto/yso/p18157 as top concept of scheme http://www.yso.fi/onto/tero/deprecatedconceptscheme
INFO: Marking loose concept http://www.yso.fi/onto/yso/p1820 as top concept of scheme http://www.yso.fi/onto/tero/deprecatedconceptscheme
INFO: Marking loose concept http://www.yso.fi/onto/yso/p18208 as top concept of scheme http://www.yso.fi/onto/tero/deprecatedconceptscheme
INFO: Marking loose concept http://www.yso.fi/onto/yso/p18220 as top concept of scheme http://www.yso.fi/onto/tero/deprecatedconceptscheme
INFO: Marking loose concept http://www.yso.fi/onto/yso/p1823 as top concept of scheme http://www.yso.fi/onto/tero/deprecatedconceptscheme
INFO: Marking loose concept http://www.yso.fi/onto/yso/p18233 as top concept of scheme http://www.yso.fi/onto/tero/deprecatedconceptscheme
INFO: Marking loose concept http://www.yso.fi/onto/yso/p18234 as top concept of scheme http://www.yso.fi/onto/tero/deprecatedconceptscheme
INFO: Marking loose concept http://www.yso.fi/onto/yso/p18257 as top concept of scheme http://www.yso.fi/onto/tero/deprecatedconceptscheme
INFO: Marking loose concept http://www.yso.fi/onto/yso/p18265 as top concept of scheme http://www.yso.fi/onto/tero/deprecatedconceptscheme
INFO: Marking loose concept http://www.yso.fi/onto/yso/p18298 as top concept of scheme http://www.yso.fi/onto/tero/deprecatedconceptscheme
INFO: Marking loose concept http://www.yso.fi/onto/yso/p18302 as top concept of scheme http://www.yso.fi/onto/tero/deprecatedconceptscheme
INFO: Marking loose concept http://www.yso.fi/onto/yso/p18342 as top concept of scheme http://www.yso.fi/onto/tero/deprecatedconceptscheme
INFO: Marking loose concept http://www.yso.fi/onto/yso/p18358 as top concept of scheme http://www.yso.fi/onto/tero/deprecatedconceptscheme
INFO: Marking loose concept http://www.yso.fi/onto/yso/p18380 as top concept of scheme http://www.yso.fi/onto/tero/deprecatedconceptscheme
INFO: Marking loose concept http://www.yso.fi/onto/yso/p18393 as top concept of scheme http://www.yso.fi/onto/tero/deprecatedconceptscheme
INFO: Marking loose concept http://www.yso.fi/onto/yso/p184 as top concept of scheme http://www.yso.fi/onto/tero/deprecatedconceptscheme
INFO: Marking loose concept http://www.yso.fi/onto/yso/p18403 as top concept of scheme http://www.yso.fi/onto/tero/deprecatedconceptscheme
INFO: Marking loose concept http://www.yso.fi/onto/yso/p18421 as top concept of scheme http://www.yso.fi/onto/tero/deprecatedconceptscheme
INFO: Marking loose concept http://www.yso.fi/onto/yso/p18437 as top concept of scheme http://www.yso.fi/onto/tero/deprecatedconceptscheme
INFO: Marking loose concept http://www.yso.fi/onto/yso/p18540 as top concept of scheme http://www.yso.fi/onto/tero/deprecatedconceptscheme
INFO: Marking loose concept http://www.yso.fi/onto/yso/p18586 as top concept of scheme http://www.yso.fi/onto/tero/deprecatedconceptscheme
INFO: Marking loose concept http://www.yso.fi/onto/yso/p18592 as top concept of scheme http://www.yso.fi/onto/tero/deprecatedconceptscheme
INFO: Marking loose concept http://www.yso.fi/onto/yso/p18593 as top concept of scheme http://www.yso.fi/onto/tero/deprecatedconceptscheme
INFO: Marking loose concept http://www.yso.fi/onto/yso/p18598 as top concept of scheme http://www.yso.fi/onto/tero/deprecatedconceptscheme
INFO: Marking loose concept http://www.yso.fi/onto/yso/p1860 as top concept of scheme http://www.yso.fi/onto/tero/deprecatedconceptscheme
INFO: Marking loose concept http://www.yso.fi/onto/yso/p18631 as top concept of scheme http://www.yso.fi/onto/tero/deprecatedconceptscheme
INFO: Marking loose concept http://www.yso.fi/onto/yso/p18637 as top concept of scheme http://www.yso.fi/onto/tero/deprecatedconceptscheme
INFO: Marking loose concept http://www.yso.fi/onto/yso/p18648 as top concept of scheme http://www.yso.fi/onto/tero/deprecatedconceptscheme
INFO: Marking loose concept http://www.yso.fi/onto/yso/p18679 as top concept of scheme http://www.yso.fi/onto/tero/deprecatedconceptscheme
INFO: Marking loose concept http://www.yso.fi/onto/yso/p18699 as top concept of scheme http://www.yso.fi/onto/tero/deprecatedconceptscheme
INFO: Marking loose concept http://www.yso.fi/onto/yso/p18728 as top concept of scheme http://www.yso.fi/onto/tero/deprecatedconceptscheme
INFO: Marking loose concept http://www.yso.fi/onto/yso/p18744 as top concept of scheme http://www.yso.fi/onto/tero/deprecatedconceptscheme
INFO: Marking loose concept http://www.yso.fi/onto/yso/p18756 as top concept of scheme http://www.yso.fi/onto/tero/deprecatedconceptscheme
INFO: Marking loose concept http://www.yso.fi/onto/yso/p18758 as top concept of scheme http://www.yso.fi/onto/tero/deprecatedconceptscheme
INFO: Marking loose concept http://www.yso.fi/onto/yso/p18763 as top concept of scheme http://www.yso.fi/onto/tero/deprecatedconceptscheme
INFO: Marking loose concept http://www.yso.fi/onto/yso/p18792 as top concept of scheme http://www.yso.fi/onto/tero/deprecatedconceptscheme
INFO: Marking loose concept http://www.yso.fi/onto/yso/p18813 as top concept of scheme http://www.yso.fi/onto/tero/deprecatedconceptscheme
INFO: Marking loose concept http://www.yso.fi/onto/yso/p18869 as top concept of scheme http://www.yso.fi/onto/tero/deprecatedconceptscheme
INFO: Marking loose concept http://www.yso.fi/onto/yso/p18885 as top concept of scheme http://www.yso.fi/onto/tero/deprecatedconceptscheme
INFO: Marking loose concept http://www.yso.fi/onto/yso/p18888 as top concept of scheme http://www.yso.fi/onto/tero/deprecatedconceptscheme
INFO: Marking loose concept http://www.yso.fi/onto/yso/p18927 as top concept of scheme http://www.yso.fi/onto/tero/deprecatedconceptscheme
INFO: Marking loose concept http://www.yso.fi/onto/yso/p18944 as top concept of scheme http://www.yso.fi/onto/tero/deprecatedconceptscheme
INFO: Marking loose concept http://www.yso.fi/onto/yso/p19002 as top concept of scheme http://www.yso.fi/onto/tero/deprecatedconceptscheme
INFO: Marking loose concept http://www.yso.fi/onto/yso/p19014 as top concept of scheme http://www.yso.fi/onto/tero/deprecatedconceptscheme
INFO: Marking loose concept http://www.yso.fi/onto/yso/p1905 as top concept of scheme http://www.yso.fi/onto/tero/deprecatedconceptscheme
INFO: Marking loose concept http://www.yso.fi/onto/yso/p19070 as top concept of scheme http://www.yso.fi/onto/tero/deprecatedconceptscheme
INFO: Marking loose concept http://www.yso.fi/onto/yso/p19078 as top concept of scheme http://www.yso.fi/onto/tero/deprecatedconceptscheme
INFO: Marking loose concept http://www.yso.fi/onto/yso/p19082 as top concept of scheme http://www.yso.fi/onto/tero/deprecatedconceptscheme
INFO: Marking loose concept http://www.yso.fi/onto/yso/p19085 as top concept of scheme http://www.yso.fi/onto/tero/deprecatedconceptscheme
INFO: Marking loose concept http://www.yso.fi/onto/yso/p1915 as top concept of scheme http://www.yso.fi/onto/tero/deprecatedconceptscheme
INFO: Marking loose concept http://www.yso.fi/onto/yso/p19152 as top concept of scheme http://www.yso.fi/onto/tero/deprecatedconceptscheme
INFO: Marking loose concept http://www.yso.fi/onto/yso/p19168 as top concept of scheme http://www.yso.fi/onto/tero/deprecatedconceptscheme
INFO: Marking loose concept http://www.yso.fi/onto/yso/p19181 as top concept of scheme http://www.yso.fi/onto/tero/deprecatedconceptscheme
INFO: Marking loose concept http://www.yso.fi/onto/yso/p19202 as top concept of scheme http://www.yso.fi/onto/tero/deprecatedconceptscheme
INFO: Marking loose concept http://www.yso.fi/onto/yso/p19216 as top concept of scheme http://www.yso.fi/onto/tero/deprecatedconceptscheme
INFO: Marking loose concept http://www.yso.fi/onto/yso/p19239 as top concept of scheme http://www.yso.fi/onto/tero/deprecatedconceptscheme
INFO: Marking loose concept http://www.yso.fi/onto/yso/p19245 as top concept of scheme http://www.yso.fi/onto/tero/deprecatedconceptscheme
INFO: Marking loose concept http://www.yso.fi/onto/yso/p19264 as top concept of scheme http://www.yso.fi/onto/tero/deprecatedconceptscheme
INFO: Marking loose concept http://www.yso.fi/onto/yso/p19268 as top concept of scheme http://www.yso.fi/onto/tero/deprecatedconceptscheme
INFO: Marking loose concept http://www.yso.fi/onto/yso/p19281 as top concept of scheme http://www.yso.fi/onto/tero/deprecatedconceptscheme
INFO: Marking loose concept http://www.yso.fi/onto/yso/p19283 as top concept of scheme http://www.yso.fi/onto/tero/deprecatedconceptscheme
INFO: Marking loose concept http://www.yso.fi/onto/yso/p1929 as top concept of scheme http://www.yso.fi/onto/tero/deprecatedconceptscheme
INFO: Marking loose concept http://www.yso.fi/onto/yso/p193 as top concept of scheme http://www.yso.fi/onto/tero/deprecatedconceptscheme
INFO: Marking loose concept http://www.yso.fi/onto/yso/p19314 as top concept of scheme http://www.yso.fi/onto/tero/deprecatedconceptscheme
INFO: Marking loose concept http://www.yso.fi/onto/yso/p19318 as top concept of scheme http://www.yso.fi/onto/tero/deprecatedconceptscheme
INFO: Marking loose concept http://www.yso.fi/onto/yso/p19320 as top concept of scheme http://www.yso.fi/onto/tero/deprecatedconceptscheme
INFO: Marking loose concept http://www.yso.fi/onto/yso/p19324 as top concept of scheme http://www.yso.fi/onto/tero/deprecatedconceptscheme
INFO: Marking loose concept http://www.yso.fi/onto/yso/p19334 as top concept of scheme http://www.yso.fi/onto/tero/deprecatedconceptscheme
INFO: Marking loose concept http://www.yso.fi/onto/yso/p19340 as top concept of scheme http://www.yso.fi/onto/tero/deprecatedconceptscheme
INFO: Marking loose concept http://www.yso.fi/onto/yso/p1935 as top concept of scheme http://www.yso.fi/onto/tero/deprecatedconceptscheme
INFO: Marking loose concept http://www.yso.fi/onto/yso/p19357 as top concept of scheme http://www.yso.fi/onto/tero/deprecatedconceptscheme
INFO: Marking loose concept http://www.yso.fi/onto/yso/p19367 as top concept of scheme http://www.yso.fi/onto/tero/deprecatedconceptscheme
INFO: Marking loose concept http://www.yso.fi/onto/yso/p19380 as top concept of scheme http://www.yso.fi/onto/tero/deprecatedconceptscheme
INFO: Marking loose concept http://www.yso.fi/onto/yso/p19382 as top concept of scheme http://www.yso.fi/onto/tero/deprecatedconceptscheme
INFO: Marking loose concept http://www.yso.fi/onto/yso/p19383 as top concept of scheme http://www.yso.fi/onto/tero/deprecatedconceptscheme
INFO: Marking loose concept http://www.yso.fi/onto/yso/p19384 as top concept of scheme http://www.yso.fi/onto/tero/deprecatedconceptscheme
INFO: Marking loose concept http://www.yso.fi/onto/yso/p19385 as top concept of scheme http://www.yso.fi/onto/tero/deprecatedconceptscheme
INFO: Marking loose concept http://www.yso.fi/onto/yso/p19403 as top concept of scheme http://www.yso.fi/onto/tero/deprecatedconceptscheme
INFO: Marking loose concept http://www.yso.fi/onto/yso/p1945 as top concept of scheme http://www.yso.fi/onto/tero/deprecatedconceptscheme
INFO: Marking loose concept http://www.yso.fi/onto/yso/p19483 as top concept of scheme http://www.yso.fi/onto/tero/deprecatedconceptscheme
INFO: Marking loose concept http://www.yso.fi/onto/yso/p19531 as top concept of scheme http://www.yso.fi/onto/tero/deprecatedconceptscheme
INFO: Marking loose concept http://www.yso.fi/onto/yso/p19567 as top concept of scheme http://www.yso.fi/onto/tero/deprecatedconceptscheme
INFO: Marking loose concept http://www.yso.fi/onto/yso/p19608 as top concept of scheme http://www.yso.fi/onto/tero/deprecatedconceptscheme
INFO: Marking loose concept http://www.yso.fi/onto/yso/p19647 as top concept of scheme http://www.yso.fi/onto/tero/deprecatedconceptscheme
INFO: Marking loose concept http://www.yso.fi/onto/yso/p19667 as top concept of scheme http://www.yso.fi/onto/tero/deprecatedconceptscheme
INFO: Marking loose concept http://www.yso.fi/onto/yso/p1967 as top concept of scheme http://www.yso.fi/onto/tero/deprecatedconceptscheme
INFO: Marking loose concept http://www.yso.fi/onto/yso/p1968 as top concept of scheme http://www.yso.fi/onto/tero/deprecatedconceptscheme
INFO: Marking loose concept http://www.yso.fi/onto/yso/p19702 as top concept of scheme http://www.yso.fi/onto/tero/deprecatedconceptscheme
INFO: Marking loose concept http://www.yso.fi/onto/yso/p19718 as top concept of scheme http://www.yso.fi/onto/tero/deprecatedconceptscheme
INFO: Marking loose concept http://www.yso.fi/onto/yso/p19721 as top concept of scheme http://www.yso.fi/onto/tero/deprecatedconceptscheme
INFO: Marking loose concept http://www.yso.fi/onto/yso/p19724 as top concept of scheme http://www.yso.fi/onto/tero/deprecatedconceptscheme
INFO: Marking loose concept http://www.yso.fi/onto/yso/p19736 as top concept of scheme http://www.yso.fi/onto/tero/deprecatedconceptscheme
INFO: Marking loose concept http://www.yso.fi/onto/yso/p19743 as top concept of scheme http://www.yso.fi/onto/tero/deprecatedconceptscheme
INFO: Marking loose concept http://www.yso.fi/onto/yso/p19749 as top concept of scheme http://www.yso.fi/onto/tero/deprecatedconceptscheme
INFO: Marking loose concept http://www.yso.fi/onto/yso/p19753 as top concept of scheme http://www.yso.fi/onto/tero/deprecatedconceptscheme
INFO: Marking loose concept http://www.yso.fi/onto/yso/p19758 as top concept of scheme http://www.yso.fi/onto/tero/deprecatedconceptscheme
INFO: Marking loose concept http://www.yso.fi/onto/yso/p19763 as top concept of scheme http://www.yso.fi/onto/tero/deprecatedconceptscheme
INFO: Marking loose concept http://www.yso.fi/onto/yso/p19768 as top concept of scheme http://www.yso.fi/onto/tero/deprecatedconceptscheme
INFO: Marking loose concept http://www.yso.fi/onto/yso/p19775 as top concept of scheme http://www.yso.fi/onto/tero/deprecatedconceptscheme
INFO: Marking loose concept http://www.yso.fi/onto/yso/p19789 as top concept of scheme http://www.yso.fi/onto/tero/deprecatedconceptscheme
INFO: Marking loose concept http://www.yso.fi/onto/yso/p19795 as top concept of scheme http://www.yso.fi/onto/tero/deprecatedconceptscheme
INFO: Marking loose concept http://www.yso.fi/onto/yso/p198 as top concept of scheme http://www.yso.fi/onto/tero/deprecatedconceptscheme
INFO: Marking loose concept http://www.yso.fi/onto/yso/p19800 as top concept of scheme http://www.yso.fi/onto/tero/deprecatedconceptscheme
INFO: Marking loose concept http://www.yso.fi/onto/yso/p19811 as top concept of scheme http://www.yso.fi/onto/tero/deprecatedconceptscheme
INFO: Marking loose concept http://www.yso.fi/onto/yso/p19880 as top concept of scheme http://www.yso.fi/onto/tero/deprecatedconceptscheme
INFO: Marking loose concept http://www.yso.fi/onto/yso/p19883 as top concept of scheme http://www.yso.fi/onto/tero/deprecatedconceptscheme
INFO: Marking loose concept http://www.yso.fi/onto/yso/p19893 as top concept of scheme http://www.yso.fi/onto/tero/deprecatedconceptscheme
INFO: Marking loose concept http://www.yso.fi/onto/yso/p1990 as top concept of scheme http://www.yso.fi/onto/tero/deprecatedconceptscheme
INFO: Marking loose concept http://www.yso.fi/onto/yso/p19908 as top concept of scheme http://www.yso.fi/onto/tero/deprecatedconceptscheme
INFO: Marking loose concept http://www.yso.fi/onto/yso/p19911 as top concept of scheme http://www.yso.fi/onto/tero/deprecatedconceptscheme
INFO: Marking loose concept http://www.yso.fi/onto/yso/p19918 as top concept of scheme http://www.yso.fi/onto/tero/deprecatedconceptscheme
INFO: Marking loose concept http://www.yso.fi/onto/yso/p1992 as top concept of scheme http://www.yso.fi/onto/tero/deprecatedconceptscheme
INFO: Marking loose concept http://www.yso.fi/onto/yso/p19947 as top concept of scheme http://www.yso.fi/onto/tero/deprecatedconceptscheme
INFO: Marking loose concept http://www.yso.fi/onto/yso/p1995 as top concept of scheme http://www.yso.fi/onto/tero/deprecatedconceptscheme
INFO: Marking loose concept http://www.yso.fi/onto/yso/p19962 as top concept of scheme http://www.yso.fi/onto/tero/deprecatedconceptscheme
INFO: Marking loose concept http://www.yso.fi/onto/yso/p1997 as top concept of scheme http://www.yso.fi/onto/tero/deprecatedconceptscheme
INFO: Marking loose concept http://www.yso.fi/onto/yso/p19971 as top concept of scheme http://www.yso.fi/onto/tero/deprecatedconceptscheme
INFO: Marking loose concept http://www.yso.fi/onto/yso/p19980 as top concept of scheme http://www.yso.fi/onto/tero/deprecatedconceptscheme
INFO: Marking loose concept http://www.yso.fi/onto/yso/p19986 as top concept of scheme http://www.yso.fi/onto/tero/deprecatedconceptscheme
INFO: Marking loose concept http://www.yso.fi/onto/yso/p19990 as top concept of scheme http://www.yso.fi/onto/tero/deprecatedconceptscheme
INFO: Marking loose concept http://www.yso.fi/onto/yso/p19995 as top concept of scheme http://www.yso.fi/onto/tero/deprecatedconceptscheme
INFO: Marking loose concept http://www.yso.fi/onto/yso/p20009 as top concept of scheme http://www.yso.fi/onto/tero/deprecatedconceptscheme
INFO: Marking loose concept http://www.yso.fi/onto/yso/p20031 as top concept of scheme http://www.yso.fi/onto/tero/deprecatedconceptscheme
INFO: Marking loose concept http://www.yso.fi/onto/yso/p20038 as top concept of scheme http://www.yso.fi/onto/tero/deprecatedconceptscheme
INFO: Marking loose concept http://www.yso.fi/onto/yso/p2006 as top concept of scheme http://www.yso.fi/onto/tero/deprecatedconceptscheme
INFO: Marking loose concept http://www.yso.fi/onto/yso/p20061 as top concept of scheme http://www.yso.fi/onto/tero/deprecatedconceptscheme
INFO: Marking loose concept http://www.yso.fi/onto/yso/p20071 as top concept of scheme http://www.yso.fi/onto/tero/deprecatedconceptscheme
INFO: Marking loose concept http://www.yso.fi/onto/yso/p20082 as top concept of scheme http://www.yso.fi/onto/tero/deprecatedconceptscheme
INFO: Marking loose concept http://www.yso.fi/onto/yso/p20130 as top concept of scheme http://www.yso.fi/onto/tero/deprecatedconceptscheme
INFO: Marking loose concept http://www.yso.fi/onto/yso/p20191 as top concept of scheme http://www.yso.fi/onto/tero/deprecatedconceptscheme
INFO: Marking loose concept http://www.yso.fi/onto/yso/p20208 as top concept of scheme http://www.yso.fi/onto/tero/deprecatedconceptscheme
INFO: Marking loose concept http://www.yso.fi/onto/yso/p20216 as top concept of scheme http://www.yso.fi/onto/tero/deprecatedconceptscheme
INFO: Marking loose concept http://www.yso.fi/onto/yso/p20219 as top concept of scheme http://www.yso.fi/onto/tero/deprecatedconceptscheme
INFO: Marking loose concept http://www.yso.fi/onto/yso/p20232 as top concept of scheme http://www.yso.fi/onto/tero/deprecatedconceptscheme
INFO: Marking loose concept http://www.yso.fi/onto/yso/p20238 as top concept of scheme http://www.yso.fi/onto/tero/deprecatedconceptscheme
INFO: Marking loose concept http://www.yso.fi/onto/yso/p2025 as top concept of scheme http://www.yso.fi/onto/tero/deprecatedconceptscheme
INFO: Marking loose concept http://www.yso.fi/onto/yso/p20254 as top concept of scheme http://www.yso.fi/onto/tero/deprecatedconceptscheme
INFO: Marking loose concept http://www.yso.fi/onto/yso/p20258 as top concept of scheme http://www.yso.fi/onto/tero/deprecatedconceptscheme
INFO: Marking loose concept http://www.yso.fi/onto/yso/p20263 as top concept of scheme http://www.yso.fi/onto/tero/deprecatedconceptscheme
INFO: Marking loose concept http://www.yso.fi/onto/yso/p20276 as top concept of scheme http://www.yso.fi/onto/tero/deprecatedconceptscheme
INFO: Marking loose concept http://www.yso.fi/onto/yso/p20312 as top concept of scheme http://www.yso.fi/onto/tero/deprecatedconceptscheme
INFO: Marking loose concept http://www.yso.fi/onto/yso/p2033 as top concept of scheme http://www.yso.fi/onto/tero/deprecatedconceptscheme
INFO: Marking loose concept http://www.yso.fi/onto/yso/p20393 as top concept of scheme http://www.yso.fi/onto/tero/deprecatedconceptscheme
INFO: Marking loose concept http://www.yso.fi/onto/yso/p20411 as top concept of scheme http://www.yso.fi/onto/tero/deprecatedconceptscheme
INFO: Marking loose concept http://www.yso.fi/onto/yso/p20422 as top concept of scheme http://www.yso.fi/onto/tero/deprecatedconceptscheme
INFO: Marking loose concept http://www.yso.fi/onto/yso/p2043 as top concept of scheme http://www.yso.fi/onto/tero/deprecatedconceptscheme
INFO: Marking loose concept http://www.yso.fi/onto/yso/p20433 as top concept of scheme http://www.yso.fi/onto/tero/deprecatedconceptscheme
INFO: Marking loose concept http://www.yso.fi/onto/yso/p20435 as top concept of scheme http://www.yso.fi/onto/tero/deprecatedconceptscheme
INFO: Marking loose concept http://www.yso.fi/onto/yso/p20439 as top concept of scheme http://www.yso.fi/onto/tero/deprecatedconceptscheme
INFO: Marking loose concept http://www.yso.fi/onto/yso/p20443 as top concept of scheme http://www.yso.fi/onto/tero/deprecatedconceptscheme
INFO: Marking loose concept http://www.yso.fi/onto/yso/p20449 as top concept of scheme http://www.yso.fi/onto/tero/deprecatedconceptscheme
INFO: Marking loose concept http://www.yso.fi/onto/yso/p20469 as top concept of scheme http://www.yso.fi/onto/tero/deprecatedconceptscheme
INFO: Marking loose concept http://www.yso.fi/onto/yso/p2051 as top concept of scheme http://www.yso.fi/onto/tero/deprecatedconceptscheme
INFO: Marking loose concept http://www.yso.fi/onto/yso/p20556 as top concept of scheme http://www.yso.fi/onto/tero/deprecatedconceptscheme
INFO: Marking loose concept http://www.yso.fi/onto/yso/p20562 as top concept of scheme http://www.yso.fi/onto/tero/deprecatedconceptscheme
INFO: Marking loose concept http://www.yso.fi/onto/yso/p20564 as top concept of scheme http://www.yso.fi/onto/tero/deprecatedconceptscheme
INFO: Marking loose concept http://www.yso.fi/onto/yso/p20565 as top concept of scheme http://www.yso.fi/onto/tero/deprecatedconceptscheme
INFO: Marking loose concept http://www.yso.fi/onto/yso/p20593 as top concept of scheme http://www.yso.fi/onto/tero/deprecatedconceptscheme
INFO: Marking loose concept http://www.yso.fi/onto/yso/p20602 as top concept of scheme http://www.yso.fi/onto/tero/deprecatedconceptscheme
INFO: Marking loose concept http://www.yso.fi/onto/yso/p20627 as top concept of scheme http://www.yso.fi/onto/tero/deprecatedconceptscheme
INFO: Marking loose concept http://www.yso.fi/onto/yso/p20645 as top concept of scheme http://www.yso.fi/onto/tero/deprecatedconceptscheme
INFO: Marking loose concept http://www.yso.fi/onto/yso/p20664 as top concept of scheme http://www.yso.fi/onto/tero/deprecatedconceptscheme
INFO: Marking loose concept http://www.yso.fi/onto/yso/p20675 as top concept of scheme http://www.yso.fi/onto/tero/deprecatedconceptscheme
INFO: Marking loose concept http://www.yso.fi/onto/yso/p20684 as top concept of scheme http://www.yso.fi/onto/tero/deprecatedconceptscheme
INFO: Marking loose concept http://www.yso.fi/onto/yso/p20708 as top concept of scheme http://www.yso.fi/onto/tero/deprecatedconceptscheme
INFO: Marking loose concept http://www.yso.fi/onto/yso/p20720 as top concept of scheme http://www.yso.fi/onto/tero/deprecatedconceptscheme
INFO: Marking loose concept http://www.yso.fi/onto/yso/p20747 as top concept of scheme http://www.yso.fi/onto/tero/deprecatedconceptscheme
INFO: Marking loose concept http://www.yso.fi/onto/yso/p20749 as top concept of scheme http://www.yso.fi/onto/tero/deprecatedconceptscheme
INFO: Marking loose concept http://www.yso.fi/onto/yso/p20767 as top concept of scheme http://www.yso.fi/onto/tero/deprecatedconceptscheme
INFO: Marking loose concept http://www.yso.fi/onto/yso/p20775 as top concept of scheme http://www.yso.fi/onto/tero/deprecatedconceptscheme
INFO: Marking loose concept http://www.yso.fi/onto/yso/p20785 as top concept of scheme http://www.yso.fi/onto/tero/deprecatedconceptscheme
INFO: Marking loose concept http://www.yso.fi/onto/yso/p20788 as top concept of scheme http://www.yso.fi/onto/tero/deprecatedconceptscheme
INFO: Marking loose concept http://www.yso.fi/onto/yso/p20804 as top concept of scheme http://www.yso.fi/onto/tero/deprecatedconceptscheme
INFO: Marking loose concept http://www.yso.fi/onto/yso/p20806 as top concept of scheme http://www.yso.fi/onto/tero/deprecatedconceptscheme
INFO: Marking loose concept http://www.yso.fi/onto/yso/p20828 as top concept of scheme http://www.yso.fi/onto/tero/deprecatedconceptscheme
INFO: Marking loose concept http://www.yso.fi/onto/yso/p20842 as top concept of scheme http://www.yso.fi/onto/tero/deprecatedconceptscheme
INFO: Marking loose concept http://www.yso.fi/onto/yso/p20847 as top concept of scheme http://www.yso.fi/onto/tero/deprecatedconceptscheme
INFO: Marking loose concept http://www.yso.fi/onto/yso/p20867 as top concept of scheme http://www.yso.fi/onto/tero/deprecatedconceptscheme
INFO: Marking loose concept http://www.yso.fi/onto/yso/p20868 as top concept of scheme http://www.yso.fi/onto/tero/deprecatedconceptscheme
INFO: Marking loose concept http://www.yso.fi/onto/yso/p20880 as top concept of scheme http://www.yso.fi/onto/tero/deprecatedconceptscheme
INFO: Marking loose concept http://www.yso.fi/onto/yso/p20883 as top concept of scheme http://www.yso.fi/onto/tero/deprecatedconceptscheme
INFO: Marking loose concept http://www.yso.fi/onto/yso/p20899 as top concept of scheme http://www.yso.fi/onto/tero/deprecatedconceptscheme
INFO: Marking loose concept http://www.yso.fi/onto/yso/p2090 as top concept of scheme http://www.yso.fi/onto/tero/deprecatedconceptscheme
INFO: Marking loose concept http://www.yso.fi/onto/yso/p2091 as top concept of scheme http://www.yso.fi/onto/tero/deprecatedconceptscheme
INFO: Marking loose concept http://www.yso.fi/onto/yso/p20922 as top concept of scheme http://www.yso.fi/onto/tero/deprecatedconceptscheme
INFO: Marking loose concept http://www.yso.fi/onto/yso/p20945 as top concept of scheme http://www.yso.fi/onto/tero/deprecatedconceptscheme
INFO: Marking loose concept http://www.yso.fi/onto/yso/p20946 as top concept of scheme http://www.yso.fi/onto/tero/deprecatedconceptscheme
INFO: Marking loose concept http://www.yso.fi/onto/yso/p20956 as top concept of scheme http://www.yso.fi/onto/tero/deprecatedconceptscheme
INFO: Marking loose concept http://www.yso.fi/onto/yso/p20963 as top concept of scheme http://www.yso.fi/onto/tero/deprecatedconceptscheme
INFO: Marking loose concept http://www.yso.fi/onto/yso/p20974 as top concept of scheme http://www.yso.fi/onto/tero/deprecatedconceptscheme
INFO: Marking loose concept http://www.yso.fi/onto/yso/p20990 as top concept of scheme http://www.yso.fi/onto/tero/deprecatedconceptscheme
INFO: Marking loose concept http://www.yso.fi/onto/yso/p21010 as top concept of scheme http://www.yso.fi/onto/tero/deprecatedconceptscheme
INFO: Marking loose concept http://www.yso.fi/onto/yso/p21011 as top concept of scheme http://www.yso.fi/onto/tero/deprecatedconceptscheme
INFO: Marking loose concept http://www.yso.fi/onto/yso/p21025 as top concept of scheme http://www.yso.fi/onto/tero/deprecatedconceptscheme
INFO: Marking loose concept http://www.yso.fi/onto/yso/p21037 as top concept of scheme http://www.yso.fi/onto/tero/deprecatedconceptscheme
INFO: Marking loose concept http://www.yso.fi/onto/yso/p2105 as top concept of scheme http://www.yso.fi/onto/tero/deprecatedconceptscheme
INFO: Marking loose concept http://www.yso.fi/onto/yso/p21105 as top concept of scheme http://www.yso.fi/onto/tero/deprecatedconceptscheme
INFO: Marking loose concept http://www.yso.fi/onto/yso/p21129 as top concept of scheme http://www.yso.fi/onto/tero/deprecatedconceptscheme
INFO: Marking loose concept http://www.yso.fi/onto/yso/p21134 as top concept of scheme http://www.yso.fi/onto/tero/deprecatedconceptscheme
INFO: Marking loose concept http://www.yso.fi/onto/yso/p2115 as top concept of scheme http://www.yso.fi/onto/tero/deprecatedconceptscheme
INFO: Marking loose concept http://www.yso.fi/onto/yso/p21154 as top concept of scheme http://www.yso.fi/onto/tero/deprecatedconceptscheme
INFO: Marking loose concept http://www.yso.fi/onto/yso/p21160 as top concept of scheme http://www.yso.fi/onto/tero/deprecatedconceptscheme
INFO: Marking loose concept http://www.yso.fi/onto/yso/p2121 as top concept of scheme http://www.yso.fi/onto/tero/deprecatedconceptscheme
INFO: Marking loose concept http://www.yso.fi/onto/yso/p21213 as top concept of scheme http://www.yso.fi/onto/tero/deprecatedconceptscheme
INFO: Marking loose concept http://www.yso.fi/onto/yso/p21247 as top concept of scheme http://www.yso.fi/onto/tero/deprecatedconceptscheme
INFO: Marking loose concept http://www.yso.fi/onto/yso/p21256 as top concept of scheme http://www.yso.fi/onto/tero/deprecatedconceptscheme
INFO: Marking loose concept http://www.yso.fi/onto/yso/p21286 as top concept of scheme http://www.yso.fi/onto/tero/deprecatedconceptscheme
INFO: Marking loose concept http://www.yso.fi/onto/yso/p2129 as top concept of scheme http://www.yso.fi/onto/tero/deprecatedconceptscheme
INFO: Marking loose concept http://www.yso.fi/onto/yso/p21304 as top concept of scheme http://www.yso.fi/onto/tero/deprecatedconceptscheme
INFO: Marking loose concept http://www.yso.fi/onto/yso/p21315 as top concept of scheme http://www.yso.fi/onto/tero/deprecatedconceptscheme
INFO: Marking loose concept http://www.yso.fi/onto/yso/p21317 as top concept of scheme http://www.yso.fi/onto/tero/deprecatedconceptscheme
INFO: Marking loose concept http://www.yso.fi/onto/yso/p21330 as top concept of scheme http://www.yso.fi/onto/tero/deprecatedconceptscheme
INFO: Marking loose concept http://www.yso.fi/onto/yso/p21331 as top concept of scheme http://www.yso.fi/onto/tero/deprecatedconceptscheme
INFO: Marking loose concept http://www.yso.fi/onto/yso/p21332 as top concept of scheme http://www.yso.fi/onto/tero/deprecatedconceptscheme
INFO: Marking loose concept http://www.yso.fi/onto/yso/p21334 as top concept of scheme http://www.yso.fi/onto/tero/deprecatedconceptscheme
INFO: Marking loose concept http://www.yso.fi/onto/yso/p21341 as top concept of scheme http://www.yso.fi/onto/tero/deprecatedconceptscheme
INFO: Marking loose concept http://www.yso.fi/onto/yso/p21349 as top concept of scheme http://www.yso.fi/onto/tero/deprecatedconceptscheme
INFO: Marking loose concept http://www.yso.fi/onto/yso/p21354 as top concept of scheme http://www.yso.fi/onto/tero/deprecatedconceptscheme
INFO: Marking loose concept http://www.yso.fi/onto/yso/p21356 as top concept of scheme http://www.yso.fi/onto/tero/deprecatedconceptscheme
INFO: Marking loose concept http://www.yso.fi/onto/yso/p21365 as top concept of scheme http://www.yso.fi/onto/tero/deprecatedconceptscheme
INFO: Marking loose concept http://www.yso.fi/onto/yso/p21374 as top concept of scheme http://www.yso.fi/onto/tero/deprecatedconceptscheme
INFO: Marking loose concept http://www.yso.fi/onto/yso/p21384 as top concept of scheme http://www.yso.fi/onto/tero/deprecatedconceptscheme
INFO: Marking loose concept http://www.yso.fi/onto/yso/p21422 as top concept of scheme http://www.yso.fi/onto/tero/deprecatedconceptscheme
INFO: Marking loose concept http://www.yso.fi/onto/yso/p21429 as top concept of scheme http://www.yso.fi/onto/tero/deprecatedconceptscheme
INFO: Marking loose concept http://www.yso.fi/onto/yso/p21443 as top concept of scheme http://www.yso.fi/onto/tero/deprecatedconceptscheme
INFO: Marking loose concept http://www.yso.fi/onto/yso/p21448 as top concept of scheme http://www.yso.fi/onto/tero/deprecatedconceptscheme
INFO: Marking loose concept http://www.yso.fi/onto/yso/p21454 as top concept of scheme http://www.yso.fi/onto/tero/deprecatedconceptscheme
INFO: Marking loose concept http://www.yso.fi/onto/yso/p21485 as top concept of scheme http://www.yso.fi/onto/tero/deprecatedconceptscheme
INFO: Marking loose concept http://www.yso.fi/onto/yso/p21502 as top concept of scheme http://www.yso.fi/onto/tero/deprecatedconceptscheme
INFO: Marking loose concept http://www.yso.fi/onto/yso/p21510 as top concept of scheme http://www.yso.fi/onto/tero/deprecatedconceptscheme
INFO: Marking loose concept http://www.yso.fi/onto/yso/p21529 as top concept of scheme http://www.yso.fi/onto/tero/deprecatedconceptscheme
INFO: Marking loose concept http://www.yso.fi/onto/yso/p21531 as top concept of scheme http://www.yso.fi/onto/tero/deprecatedconceptscheme
INFO: Marking loose concept http://www.yso.fi/onto/yso/p21539 as top concept of scheme http://www.yso.fi/onto/tero/deprecatedconceptscheme
INFO: Marking loose concept http://www.yso.fi/onto/yso/p21540 as top concept of scheme http://www.yso.fi/onto/tero/deprecatedconceptscheme
INFO: Marking loose concept http://www.yso.fi/onto/yso/p2155 as top concept of scheme http://www.yso.fi/onto/tero/deprecatedconceptscheme
INFO: Marking loose concept http://www.yso.fi/onto/yso/p21578 as top concept of scheme http://www.yso.fi/onto/tero/deprecatedconceptscheme
INFO: Marking loose concept http://www.yso.fi/onto/yso/p21612 as top concept of scheme http://www.yso.fi/onto/tero/deprecatedconceptscheme
INFO: Marking loose concept http://www.yso.fi/onto/yso/p21613 as top concept of scheme http://www.yso.fi/onto/tero/deprecatedconceptscheme
INFO: Marking loose concept http://www.yso.fi/onto/yso/p21622 as top concept of scheme http://www.yso.fi/onto/tero/deprecatedconceptscheme
INFO: Marking loose concept http://www.yso.fi/onto/yso/p21688 as top concept of scheme http://www.yso.fi/onto/tero/deprecatedconceptscheme
INFO: Marking loose concept http://www.yso.fi/onto/yso/p21699 as top concept of scheme http://www.yso.fi/onto/tero/deprecatedconceptscheme
INFO: Marking loose concept http://www.yso.fi/onto/yso/p21722 as top concept of scheme http://www.yso.fi/onto/tero/deprecatedconceptscheme
INFO: Marking loose concept http://www.yso.fi/onto/yso/p21738 as top concept of scheme http://www.yso.fi/onto/tero/deprecatedconceptscheme
INFO: Marking loose concept http://www.yso.fi/onto/yso/p21739 as top concept of scheme http://www.yso.fi/onto/tero/deprecatedconceptscheme
INFO: Marking loose concept http://www.yso.fi/onto/yso/p21747 as top concept of scheme http://www.yso.fi/onto/tero/deprecatedconceptscheme
INFO: Marking loose concept http://www.yso.fi/onto/yso/p21749 as top concept of scheme http://www.yso.fi/onto/tero/deprecatedconceptscheme
INFO: Marking loose concept http://www.yso.fi/onto/yso/p21756 as top concept of scheme http://www.yso.fi/onto/tero/deprecatedconceptscheme
INFO: Marking loose concept http://www.yso.fi/onto/yso/p21776 as top concept of scheme http://www.yso.fi/onto/tero/deprecatedconceptscheme
INFO: Marking loose concept http://www.yso.fi/onto/yso/p21792 as top concept of scheme http://www.yso.fi/onto/tero/deprecatedconceptscheme
INFO: Marking loose concept http://www.yso.fi/onto/yso/p21793 as top concept of scheme http://www.yso.fi/onto/tero/deprecatedconceptscheme
INFO: Marking loose concept http://www.yso.fi/onto/yso/p21803 as top concept of scheme http://www.yso.fi/onto/tero/deprecatedconceptscheme
INFO: Marking loose concept http://www.yso.fi/onto/yso/p21809 as top concept of scheme http://www.yso.fi/onto/tero/deprecatedconceptscheme
INFO: Marking loose concept http://www.yso.fi/onto/yso/p21822 as top concept of scheme http://www.yso.fi/onto/tero/deprecatedconceptscheme
INFO: Marking loose concept http://www.yso.fi/onto/yso/p21850 as top concept of scheme http://www.yso.fi/onto/tero/deprecatedconceptscheme
INFO: Marking loose concept http://www.yso.fi/onto/yso/p21852 as top concept of scheme http://www.yso.fi/onto/tero/deprecatedconceptscheme
INFO: Marking loose concept http://www.yso.fi/onto/yso/p21875 as top concept of scheme http://www.yso.fi/onto/tero/deprecatedconceptscheme
INFO: Marking loose concept http://www.yso.fi/onto/yso/p21891 as top concept of scheme http://www.yso.fi/onto/tero/deprecatedconceptscheme
INFO: Marking loose concept http://www.yso.fi/onto/yso/p21901 as top concept of scheme http://www.yso.fi/onto/tero/deprecatedconceptscheme
INFO: Marking loose concept http://www.yso.fi/onto/yso/p21920 as top concept of scheme http://www.yso.fi/onto/tero/deprecatedconceptscheme
INFO: Marking loose concept http://www.yso.fi/onto/yso/p21931 as top concept of scheme http://www.yso.fi/onto/tero/deprecatedconceptscheme
INFO: Marking loose concept http://www.yso.fi/onto/yso/p21942 as top concept of scheme http://www.yso.fi/onto/tero/deprecatedconceptscheme
INFO: Marking loose concept http://www.yso.fi/onto/yso/p21953 as top concept of scheme http://www.yso.fi/onto/tero/deprecatedconceptscheme
INFO: Marking loose concept http://www.yso.fi/onto/yso/p21957 as top concept of scheme http://www.yso.fi/onto/tero/deprecatedconceptscheme
INFO: Marking loose concept http://www.yso.fi/onto/yso/p21987 as top concept of scheme http://www.yso.fi/onto/tero/deprecatedconceptscheme
INFO: Marking loose concept http://www.yso.fi/onto/yso/p21991 as top concept of scheme http://www.yso.fi/onto/tero/deprecatedconceptscheme
INFO: Marking loose concept http://www.yso.fi/onto/yso/p22000 as top concept of scheme http://www.yso.fi/onto/tero/deprecatedconceptscheme
INFO: Marking loose concept http://www.yso.fi/onto/yso/p22017 as top concept of scheme http://www.yso.fi/onto/tero/deprecatedconceptscheme
INFO: Marking loose concept http://www.yso.fi/onto/yso/p22027 as top concept of scheme http://www.yso.fi/onto/tero/deprecatedconceptscheme
INFO: Marking loose concept http://www.yso.fi/onto/yso/p22028 as top concept of scheme http://www.yso.fi/onto/tero/deprecatedconceptscheme
INFO: Marking loose concept http://www.yso.fi/onto/yso/p22030 as top concept of scheme http://www.yso.fi/onto/tero/deprecatedconceptscheme
INFO: Marking loose concept http://www.yso.fi/onto/yso/p22035 as top concept of scheme http://www.yso.fi/onto/tero/deprecatedconceptscheme
INFO: Marking loose concept http://www.yso.fi/onto/yso/p22036 as top concept of scheme http://www.yso.fi/onto/tero/deprecatedconceptscheme
INFO: Marking loose concept http://www.yso.fi/onto/yso/p22047 as top concept of scheme http://www.yso.fi/onto/tero/deprecatedconceptscheme
INFO: Marking loose concept http://www.yso.fi/onto/yso/p22048 as top concept of scheme http://www.yso.fi/onto/tero/deprecatedconceptscheme
INFO: Marking loose concept http://www.yso.fi/onto/yso/p22066 as top concept of scheme http://www.yso.fi/onto/tero/deprecatedconceptscheme
INFO: Marking loose concept http://www.yso.fi/onto/yso/p22099 as top concept of scheme http://www.yso.fi/onto/tero/deprecatedconceptscheme
INFO: Marking loose concept http://www.yso.fi/onto/yso/p22100 as top concept of scheme http://www.yso.fi/onto/tero/deprecatedconceptscheme
INFO: Marking loose concept http://www.yso.fi/onto/yso/p22117 as top concept of scheme http://www.yso.fi/onto/tero/deprecatedconceptscheme
INFO: Marking loose concept http://www.yso.fi/onto/yso/p22121 as top concept of scheme http://www.yso.fi/onto/tero/deprecatedconceptscheme
INFO: Marking loose concept http://www.yso.fi/onto/yso/p22132 as top concept of scheme http://www.yso.fi/onto/tero/deprecatedconceptscheme
INFO: Marking loose concept http://www.yso.fi/onto/yso/p22133 as top concept of scheme http://www.yso.fi/onto/tero/deprecatedconceptscheme
INFO: Marking loose concept http://www.yso.fi/onto/yso/p22134 as top concept of scheme http://www.yso.fi/onto/tero/deprecatedconceptscheme
INFO: Marking loose concept http://www.yso.fi/onto/yso/p22137 as top concept of scheme http://www.yso.fi/onto/tero/deprecatedconceptscheme
INFO: Marking loose concept http://www.yso.fi/onto/yso/p22158 as top concept of scheme http://www.yso.fi/onto/tero/deprecatedconceptscheme
INFO: Marking loose concept http://www.yso.fi/onto/yso/p22190 as top concept of scheme http://www.yso.fi/onto/tero/deprecatedconceptscheme
INFO: Marking loose concept http://www.yso.fi/onto/yso/p22230 as top concept of scheme http://www.yso.fi/onto/tero/deprecatedconceptscheme
INFO: Marking loose concept http://www.yso.fi/onto/yso/p22238 as top concept of scheme http://www.yso.fi/onto/tero/deprecatedconceptscheme
INFO: Marking loose concept http://www.yso.fi/onto/yso/p22243 as top concept of scheme http://www.yso.fi/onto/tero/deprecatedconceptscheme
INFO: Marking loose concept http://www.yso.fi/onto/yso/p22264 as top concept of scheme http://www.yso.fi/onto/tero/deprecatedconceptscheme
INFO: Marking loose concept http://www.yso.fi/onto/yso/p22265 as top concept of scheme http://www.yso.fi/onto/tero/deprecatedconceptscheme
INFO: Marking loose concept http://www.yso.fi/onto/yso/p22269 as top concept of scheme http://www.yso.fi/onto/tero/deprecatedconceptscheme
INFO: Marking loose concept http://www.yso.fi/onto/yso/p22291 as top concept of scheme http://www.yso.fi/onto/tero/deprecatedconceptscheme
INFO: Marking loose concept http://www.yso.fi/onto/yso/p22299 as top concept of scheme http://www.yso.fi/onto/tero/deprecatedconceptscheme
INFO: Marking loose concept http://www.yso.fi/onto/yso/p22326 as top concept of scheme http://www.yso.fi/onto/tero/deprecatedconceptscheme
INFO: Marking loose concept http://www.yso.fi/onto/yso/p22343 as top concept of scheme http://www.yso.fi/onto/tero/deprecatedconceptscheme
INFO: Marking loose concept http://www.yso.fi/onto/yso/p22350 as top concept of scheme http://www.yso.fi/onto/tero/deprecatedconceptscheme
INFO: Marking loose concept http://www.yso.fi/onto/yso/p22361 as top concept of scheme http://www.yso.fi/onto/tero/deprecatedconceptscheme
INFO: Marking loose concept http://www.yso.fi/onto/yso/p22370 as top concept of scheme http://www.yso.fi/onto/tero/deprecatedconceptscheme
INFO: Marking loose concept http://www.yso.fi/onto/yso/p22375 as top concept of scheme http://www.yso.fi/onto/tero/deprecatedconceptscheme
INFO: Marking loose concept http://www.yso.fi/onto/yso/p22381 as top concept of scheme http://www.yso.fi/onto/tero/deprecatedconceptscheme
INFO: Marking loose concept http://www.yso.fi/onto/yso/p224 as top concept of scheme http://www.yso.fi/onto/tero/deprecatedconceptscheme
INFO: Marking loose concept http://www.yso.fi/onto/yso/p22406 as top concept of scheme http://www.yso.fi/onto/tero/deprecatedconceptscheme
INFO: Marking loose concept http://www.yso.fi/onto/yso/p22439 as top concept of scheme http://www.yso.fi/onto/tero/deprecatedconceptscheme
INFO: Marking loose concept http://www.yso.fi/onto/yso/p22472 as top concept of scheme http://www.yso.fi/onto/tero/deprecatedconceptscheme
INFO: Marking loose concept http://www.yso.fi/onto/yso/p22479 as top concept of scheme http://www.yso.fi/onto/tero/deprecatedconceptscheme
INFO: Marking loose concept http://www.yso.fi/onto/yso/p22519 as top concept of scheme http://www.yso.fi/onto/tero/deprecatedconceptscheme
INFO: Marking loose concept http://www.yso.fi/onto/yso/p22536 as top concept of scheme http://www.yso.fi/onto/tero/deprecatedconceptscheme
INFO: Marking loose concept http://www.yso.fi/onto/yso/p2254 as top concept of scheme http://www.yso.fi/onto/tero/deprecatedconceptscheme
INFO: Marking loose concept http://www.yso.fi/onto/yso/p22569 as top concept of scheme http://www.yso.fi/onto/tero/deprecatedconceptscheme
INFO: Marking loose concept http://www.yso.fi/onto/yso/p22578 as top concept of scheme http://www.yso.fi/onto/tero/deprecatedconceptscheme
INFO: Marking loose concept http://www.yso.fi/onto/yso/p22590 as top concept of scheme http://www.yso.fi/onto/tero/deprecatedconceptscheme
INFO: Marking loose concept http://www.yso.fi/onto/yso/p22633 as top concept of scheme http://www.yso.fi/onto/tero/deprecatedconceptscheme
INFO: Marking loose concept http://www.yso.fi/onto/yso/p22640 as top concept of scheme http://www.yso.fi/onto/tero/deprecatedconceptscheme
INFO: Marking loose concept http://www.yso.fi/onto/yso/p22646 as top concept of scheme http://www.yso.fi/onto/tero/deprecatedconceptscheme
INFO: Marking loose concept http://www.yso.fi/onto/yso/p22669 as top concept of scheme http://www.yso.fi/onto/tero/deprecatedconceptscheme
INFO: Marking loose concept http://www.yso.fi/onto/yso/p22708 as top concept of scheme http://www.yso.fi/onto/tero/deprecatedconceptscheme
INFO: Marking loose concept http://www.yso.fi/onto/yso/p22715 as top concept of scheme http://www.yso.fi/onto/tero/deprecatedconceptscheme
INFO: Marking loose concept http://www.yso.fi/onto/yso/p22726 as top concept of scheme http://www.yso.fi/onto/tero/deprecatedconceptscheme
INFO: Marking loose concept http://www.yso.fi/onto/yso/p22736 as top concept of scheme http://www.yso.fi/onto/tero/deprecatedconceptscheme
INFO: Marking loose concept http://www.yso.fi/onto/yso/p22772 as top concept of scheme http://www.yso.fi/onto/tero/deprecatedconceptscheme
INFO: Marking loose concept http://www.yso.fi/onto/yso/p2278 as top concept of scheme http://www.yso.fi/onto/tero/deprecatedconceptscheme
INFO: Marking loose concept http://www.yso.fi/onto/yso/p22782 as top concept of scheme http://www.yso.fi/onto/tero/deprecatedconceptscheme
INFO: Marking loose concept http://www.yso.fi/onto/yso/p22789 as top concept of scheme http://www.yso.fi/onto/tero/deprecatedconceptscheme
INFO: Marking loose concept http://www.yso.fi/onto/yso/p22815 as top concept of scheme http://www.yso.fi/onto/tero/deprecatedconceptscheme
INFO: Marking loose concept http://www.yso.fi/onto/yso/p22826 as top concept of scheme http://www.yso.fi/onto/tero/deprecatedconceptscheme
INFO: Marking loose concept http://www.yso.fi/onto/yso/p22836 as top concept of scheme http://www.yso.fi/onto/tero/deprecatedconceptscheme
INFO: Marking loose concept http://www.yso.fi/onto/yso/p22840 as top concept of scheme http://www.yso.fi/onto/tero/deprecatedconceptscheme
INFO: Marking loose concept http://www.yso.fi/onto/yso/p22844 as top concept of scheme http://www.yso.fi/onto/tero/deprecatedconceptscheme
INFO: Marking loose concept http://www.yso.fi/onto/yso/p22845 as top concept of scheme http://www.yso.fi/onto/tero/deprecatedconceptscheme
INFO: Marking loose concept http://www.yso.fi/onto/yso/p22847 as top concept of scheme http://www.yso.fi/onto/tero/deprecatedconceptscheme
INFO: Marking loose concept http://www.yso.fi/onto/yso/p22852 as top concept of scheme http://www.yso.fi/onto/tero/deprecatedconceptscheme
INFO: Marking loose concept http://www.yso.fi/onto/yso/p22894 as top concept of scheme http://www.yso.fi/onto/tero/deprecatedconceptscheme
INFO: Marking loose concept http://www.yso.fi/onto/yso/p22895 as top concept of scheme http://www.yso.fi/onto/tero/deprecatedconceptscheme
INFO: Marking loose concept http://www.yso.fi/onto/yso/p22914 as top concept of scheme http://www.yso.fi/onto/tero/deprecatedconceptscheme
INFO: Marking loose concept http://www.yso.fi/onto/yso/p22930 as top concept of scheme http://www.yso.fi/onto/tero/deprecatedconceptscheme
INFO: Marking loose concept http://www.yso.fi/onto/yso/p22938 as top concept of scheme http://www.yso.fi/onto/tero/deprecatedconceptscheme
INFO: Marking loose concept http://www.yso.fi/onto/yso/p22973 as top concept of scheme http://www.yso.fi/onto/tero/deprecatedconceptscheme
INFO: Marking loose concept http://www.yso.fi/onto/yso/p23000 as top concept of scheme http://www.yso.fi/onto/tero/deprecatedconceptscheme
INFO: Marking loose concept http://www.yso.fi/onto/yso/p23036 as top concept of scheme http://www.yso.fi/onto/tero/deprecatedconceptscheme
INFO: Marking loose concept http://www.yso.fi/onto/yso/p23037 as top concept of scheme http://www.yso.fi/onto/tero/deprecatedconceptscheme
INFO: Marking loose concept http://www.yso.fi/onto/yso/p23042 as top concept of scheme http://www.yso.fi/onto/tero/deprecatedconceptscheme
INFO: Marking loose concept http://www.yso.fi/onto/yso/p23044 as top concept of scheme http://www.yso.fi/onto/tero/deprecatedconceptscheme
INFO: Marking loose concept http://www.yso.fi/onto/yso/p23077 as top concept of scheme http://www.yso.fi/onto/tero/deprecatedconceptscheme
INFO: Marking loose concept http://www.yso.fi/onto/yso/p23104 as top concept of scheme http://www.yso.fi/onto/tero/deprecatedconceptscheme
INFO: Marking loose concept http://www.yso.fi/onto/yso/p23166 as top concept of scheme http://www.yso.fi/onto/tero/deprecatedconceptscheme
INFO: Marking loose concept http://www.yso.fi/onto/yso/p2318 as top concept of scheme http://www.yso.fi/onto/tero/deprecatedconceptscheme
INFO: Marking loose concept http://www.yso.fi/onto/yso/p23197 as top concept of scheme http://www.yso.fi/onto/tero/deprecatedconceptscheme
INFO: Marking loose concept http://www.yso.fi/onto/yso/p2322 as top concept of scheme http://www.yso.fi/onto/tero/deprecatedconceptscheme
INFO: Marking loose concept http://www.yso.fi/onto/yso/p23232 as top concept of scheme http://www.yso.fi/onto/tero/deprecatedconceptscheme
INFO: Marking loose concept http://www.yso.fi/onto/yso/p23233 as top concept of scheme http://www.yso.fi/onto/tero/deprecatedconceptscheme
INFO: Marking loose concept http://www.yso.fi/onto/yso/p23235 as top concept of scheme http://www.yso.fi/onto/tero/deprecatedconceptscheme
INFO: Marking loose concept http://www.yso.fi/onto/yso/p23246 as top concept of scheme http://www.yso.fi/onto/tero/deprecatedconceptscheme
INFO: Marking loose concept http://www.yso.fi/onto/yso/p23258 as top concept of scheme http://www.yso.fi/onto/tero/deprecatedconceptscheme
INFO: Marking loose concept http://www.yso.fi/onto/yso/p23269 as top concept of scheme http://www.yso.fi/onto/tero/deprecatedconceptscheme
INFO: Marking loose concept http://www.yso.fi/onto/yso/p23275 as top concept of scheme http://www.yso.fi/onto/tero/deprecatedconceptscheme
INFO: Marking loose concept http://www.yso.fi/onto/yso/p23327 as top concept of scheme http://www.yso.fi/onto/tero/deprecatedconceptscheme
INFO: Marking loose concept http://www.yso.fi/onto/yso/p23377 as top concept of scheme http://www.yso.fi/onto/tero/deprecatedconceptscheme
INFO: Marking loose concept http://www.yso.fi/onto/yso/p23378 as top concept of scheme http://www.yso.fi/onto/tero/deprecatedconceptscheme
INFO: Marking loose concept http://www.yso.fi/onto/yso/p2340 as top concept of scheme http://www.yso.fi/onto/tero/deprecatedconceptscheme
INFO: Marking loose concept http://www.yso.fi/onto/yso/p23423 as top concept of scheme http://www.yso.fi/onto/tero/deprecatedconceptscheme
INFO: Marking loose concept http://www.yso.fi/onto/yso/p23447 as top concept of scheme http://www.yso.fi/onto/tero/deprecatedconceptscheme
INFO: Marking loose concept http://www.yso.fi/onto/yso/p23449 as top concept of scheme http://www.yso.fi/onto/tero/deprecatedconceptscheme
INFO: Marking loose concept http://www.yso.fi/onto/yso/p23464 as top concept of scheme http://www.yso.fi/onto/tero/deprecatedconceptscheme
INFO: Marking loose concept http://www.yso.fi/onto/yso/p23473 as top concept of scheme http://www.yso.fi/onto/tero/deprecatedconceptscheme
INFO: Marking loose concept http://www.yso.fi/onto/yso/p23500 as top concept of scheme http://www.yso.fi/onto/tero/deprecatedconceptscheme
INFO: Marking loose concept http://www.yso.fi/onto/yso/p23591 as top concept of scheme http://www.yso.fi/onto/tero/deprecatedconceptscheme
INFO: Marking loose concept http://www.yso.fi/onto/yso/p23609 as top concept of scheme http://www.yso.fi/onto/tero/deprecatedconceptscheme
INFO: Marking loose concept http://www.yso.fi/onto/yso/p23614 as top concept of scheme http://www.yso.fi/onto/tero/deprecatedconceptscheme
INFO: Marking loose concept http://www.yso.fi/onto/yso/p23620 as top concept of scheme http://www.yso.fi/onto/tero/deprecatedconceptscheme
INFO: Marking loose concept http://www.yso.fi/onto/yso/p2365 as top concept of scheme http://www.yso.fi/onto/tero/deprecatedconceptscheme
INFO: Marking loose concept http://www.yso.fi/onto/yso/p23659 as top concept of scheme http://www.yso.fi/onto/tero/deprecatedconceptscheme
INFO: Marking loose concept http://www.yso.fi/onto/yso/p23663 as top concept of scheme http://www.yso.fi/onto/tero/deprecatedconceptscheme
INFO: Marking loose concept http://www.yso.fi/onto/yso/p23680 as top concept of scheme http://www.yso.fi/onto/tero/deprecatedconceptscheme
INFO: Marking loose concept http://www.yso.fi/onto/yso/p23682 as top concept of scheme http://www.yso.fi/onto/tero/deprecatedconceptscheme
INFO: Marking loose concept http://www.yso.fi/onto/yso/p23685 as top concept of scheme http://www.yso.fi/onto/tero/deprecatedconceptscheme
INFO: Marking loose concept http://www.yso.fi/onto/yso/p23686 as top concept of scheme http://www.yso.fi/onto/tero/deprecatedconceptscheme
INFO: Marking loose concept http://www.yso.fi/onto/yso/p23690 as top concept of scheme http://www.yso.fi/onto/tero/deprecatedconceptscheme
INFO: Marking loose concept http://www.yso.fi/onto/yso/p23710 as top concept of scheme http://www.yso.fi/onto/tero/deprecatedconceptscheme
INFO: Marking loose concept http://www.yso.fi/onto/yso/p23711 as top concept of scheme http://www.yso.fi/onto/tero/deprecatedconceptscheme
INFO: Marking loose concept http://www.yso.fi/onto/yso/p2372 as top concept of scheme http://www.yso.fi/onto/tero/deprecatedconceptscheme
INFO: Marking loose concept http://www.yso.fi/onto/yso/p23726 as top concept of scheme http://www.yso.fi/onto/tero/deprecatedconceptscheme
INFO: Marking loose concept http://www.yso.fi/onto/yso/p23736 as top concept of scheme http://www.yso.fi/onto/tero/deprecatedconceptscheme
INFO: Marking loose concept http://www.yso.fi/onto/yso/p23738 as top concept of scheme http://www.yso.fi/onto/tero/deprecatedconceptscheme
INFO: Marking loose concept http://www.yso.fi/onto/yso/p23739 as top concept of scheme http://www.yso.fi/onto/tero/deprecatedconceptscheme
INFO: Marking loose concept http://www.yso.fi/onto/yso/p2374 as top concept of scheme http://www.yso.fi/onto/tero/deprecatedconceptscheme
INFO: Marking loose concept http://www.yso.fi/onto/yso/p23748 as top concept of scheme http://www.yso.fi/onto/tero/deprecatedconceptscheme
INFO: Marking loose concept http://www.yso.fi/onto/yso/p23749 as top concept of scheme http://www.yso.fi/onto/tero/deprecatedconceptscheme
INFO: Marking loose concept http://www.yso.fi/onto/yso/p2375 as top concept of scheme http://www.yso.fi/onto/tero/deprecatedconceptscheme
INFO: Marking loose concept http://www.yso.fi/onto/yso/p23750 as top concept of scheme http://www.yso.fi/onto/tero/deprecatedconceptscheme
INFO: Marking loose concept http://www.yso.fi/onto/yso/p23754 as top concept of scheme http://www.yso.fi/onto/tero/deprecatedconceptscheme
INFO: Marking loose concept http://www.yso.fi/onto/yso/p23756 as top concept of scheme http://www.yso.fi/onto/tero/deprecatedconceptscheme
INFO: Marking loose concept http://www.yso.fi/onto/yso/p23759 as top concept of scheme http://www.yso.fi/onto/tero/deprecatedconceptscheme
INFO: Marking loose concept http://www.yso.fi/onto/yso/p23760 as top concept of scheme http://www.yso.fi/onto/tero/deprecatedconceptscheme
INFO: Marking loose concept http://www.yso.fi/onto/yso/p23761 as top concept of scheme http://www.yso.fi/onto/tero/deprecatedconceptscheme
INFO: Marking loose concept http://www.yso.fi/onto/yso/p23762 as top concept of scheme http://www.yso.fi/onto/tero/deprecatedconceptscheme
INFO: Marking loose concept http://www.yso.fi/onto/yso/p23763 as top concept of scheme http://www.yso.fi/onto/tero/deprecatedconceptscheme
INFO: Marking loose concept http://www.yso.fi/onto/yso/p23764 as top concept of scheme http://www.yso.fi/onto/tero/deprecatedconceptscheme
INFO: Marking loose concept http://www.yso.fi/onto/yso/p23765 as top concept of scheme http://www.yso.fi/onto/tero/deprecatedconceptscheme
INFO: Marking loose concept http://www.yso.fi/onto/yso/p23766 as top concept of scheme http://www.yso.fi/onto/tero/deprecatedconceptscheme
INFO: Marking loose concept http://www.yso.fi/onto/yso/p23767 as top concept of scheme http://www.yso.fi/onto/tero/deprecatedconceptscheme
INFO: Marking loose concept http://www.yso.fi/onto/yso/p23768 as top concept of scheme http://www.yso.fi/onto/tero/deprecatedconceptscheme
INFO: Marking loose concept http://www.yso.fi/onto/yso/p23769 as top concept of scheme http://www.yso.fi/onto/tero/deprecatedconceptscheme
INFO: Marking loose concept http://www.yso.fi/onto/yso/p23770 as top concept of scheme http://www.yso.fi/onto/tero/deprecatedconceptscheme
INFO: Marking loose concept http://www.yso.fi/onto/yso/p23771 as top concept of scheme http://www.yso.fi/onto/tero/deprecatedconceptscheme
INFO: Marking loose concept http://www.yso.fi/onto/yso/p23772 as top concept of scheme http://www.yso.fi/onto/tero/deprecatedconceptscheme
INFO: Marking loose concept http://www.yso.fi/onto/yso/p23773 as top concept of scheme http://www.yso.fi/onto/tero/deprecatedconceptscheme
INFO: Marking loose concept http://www.yso.fi/onto/yso/p23774 as top concept of scheme http://www.yso.fi/onto/tero/deprecatedconceptscheme
INFO: Marking loose concept http://www.yso.fi/onto/yso/p23775 as top concept of scheme http://www.yso.fi/onto/tero/deprecatedconceptscheme
INFO: Marking loose concept http://www.yso.fi/onto/yso/p23776 as top concept of scheme http://www.yso.fi/onto/tero/deprecatedconceptscheme
INFO: Marking loose concept http://www.yso.fi/onto/yso/p23777 as top concept of scheme http://www.yso.fi/onto/tero/deprecatedconceptscheme
INFO: Marking loose concept http://www.yso.fi/onto/yso/p23778 as top concept of scheme http://www.yso.fi/onto/tero/deprecatedconceptscheme
INFO: Marking loose concept http://www.yso.fi/onto/yso/p23779 as top concept of scheme http://www.yso.fi/onto/tero/deprecatedconceptscheme
INFO: Marking loose concept http://www.yso.fi/onto/yso/p23780 as top concept of scheme http://www.yso.fi/onto/tero/deprecatedconceptscheme
INFO: Marking loose concept http://www.yso.fi/onto/yso/p23781 as top concept of scheme http://www.yso.fi/onto/tero/deprecatedconceptscheme
INFO: Marking loose concept http://www.yso.fi/onto/yso/p23782 as top concept of scheme http://www.yso.fi/onto/tero/deprecatedconceptscheme
INFO: Marking loose concept http://www.yso.fi/onto/yso/p23783 as top concept of scheme http://www.yso.fi/onto/tero/deprecatedconceptscheme
INFO: Marking loose concept http://www.yso.fi/onto/yso/p23784 as top concept of scheme http://www.yso.fi/onto/tero/deprecatedconceptscheme
INFO: Marking loose concept http://www.yso.fi/onto/yso/p23785 as top concept of scheme http://www.yso.fi/onto/tero/deprecatedconceptscheme
INFO: Marking loose concept http://www.yso.fi/onto/yso/p23786 as top concept of scheme http://www.yso.fi/onto/tero/deprecatedconceptscheme
INFO: Marking loose concept http://www.yso.fi/onto/yso/p23787 as top concept of scheme http://www.yso.fi/onto/tero/deprecatedconceptscheme
INFO: Marking loose concept http://www.yso.fi/onto/yso/p23788 as top concept of scheme http://www.yso.fi/onto/tero/deprecatedconceptscheme
INFO: Marking loose concept http://www.yso.fi/onto/yso/p23789 as top concept of scheme http://www.yso.fi/onto/tero/deprecatedconceptscheme
INFO: Marking loose concept http://www.yso.fi/onto/yso/p23790 as top concept of scheme http://www.yso.fi/onto/tero/deprecatedconceptscheme
INFO: Marking loose concept http://www.yso.fi/onto/yso/p23791 as top concept of scheme http://www.yso.fi/onto/tero/deprecatedconceptscheme
INFO: Marking loose concept http://www.yso.fi/onto/yso/p23792 as top concept of scheme http://www.yso.fi/onto/tero/deprecatedconceptscheme
INFO: Marking loose concept http://www.yso.fi/onto/yso/p23793 as top concept of scheme http://www.yso.fi/onto/tero/deprecatedconceptscheme
INFO: Marking loose concept http://www.yso.fi/onto/yso/p23794 as top concept of scheme http://www.yso.fi/onto/tero/deprecatedconceptscheme
INFO: Marking loose concept http://www.yso.fi/onto/yso/p23795 as top concept of scheme http://www.yso.fi/onto/tero/deprecatedconceptscheme
INFO: Marking loose concept http://www.yso.fi/onto/yso/p23796 as top concept of scheme http://www.yso.fi/onto/tero/deprecatedconceptscheme
INFO: Marking loose concept http://www.yso.fi/onto/yso/p23797 as top concept of scheme http://www.yso.fi/onto/tero/deprecatedconceptscheme
INFO: Marking loose concept http://www.yso.fi/onto/yso/p23798 as top concept of scheme http://www.yso.fi/onto/tero/deprecatedconceptscheme
INFO: Marking loose concept http://www.yso.fi/onto/yso/p23799 as top concept of scheme http://www.yso.fi/onto/tero/deprecatedconceptscheme
INFO: Marking loose concept http://www.yso.fi/onto/yso/p23800 as top concept of scheme http://www.yso.fi/onto/tero/deprecatedconceptscheme
INFO: Marking loose concept http://www.yso.fi/onto/yso/p23801 as top concept of scheme http://www.yso.fi/onto/tero/deprecatedconceptscheme
INFO: Marking loose concept http://www.yso.fi/onto/yso/p23802 as top concept of scheme http://www.yso.fi/onto/tero/deprecatedconceptscheme
INFO: Marking loose concept http://www.yso.fi/onto/yso/p23803 as top concept of scheme http://www.yso.fi/onto/tero/deprecatedconceptscheme
INFO: Marking loose concept http://www.yso.fi/onto/yso/p23854 as top concept of scheme http://www.yso.fi/onto/tero/deprecatedconceptscheme
INFO: Marking loose concept http://www.yso.fi/onto/yso/p23892 as top concept of scheme http://www.yso.fi/onto/tero/deprecatedconceptscheme
INFO: Marking loose concept http://www.yso.fi/onto/yso/p23925 as top concept of scheme http://www.yso.fi/onto/tero/deprecatedconceptscheme
INFO: Marking loose concept http://www.yso.fi/onto/yso/p24022 as top concept of scheme http://www.yso.fi/onto/tero/deprecatedconceptscheme
INFO: Marking loose concept http://www.yso.fi/onto/yso/p24027 as top concept of scheme http://www.yso.fi/onto/tero/deprecatedconceptscheme
INFO: Marking loose concept http://www.yso.fi/onto/yso/p24115 as top concept of scheme http://www.yso.fi/onto/tero/deprecatedconceptscheme
INFO: Marking loose concept http://www.yso.fi/onto/yso/p24116 as top concept of scheme http://www.yso.fi/onto/tero/deprecatedconceptscheme
INFO: Marking loose concept http://www.yso.fi/onto/yso/p24123 as top concept of scheme http://www.yso.fi/onto/tero/deprecatedconceptscheme
INFO: Marking loose concept http://www.yso.fi/onto/yso/p24131 as top concept of scheme http://www.yso.fi/onto/tero/deprecatedconceptscheme
INFO: Marking loose concept http://www.yso.fi/onto/yso/p24132 as top concept of scheme http://www.yso.fi/onto/tero/deprecatedconceptscheme
INFO: Marking loose concept http://www.yso.fi/onto/yso/p24145 as top concept of scheme http://www.yso.fi/onto/tero/deprecatedconceptscheme
INFO: Marking loose concept http://www.yso.fi/onto/yso/p24216 as top concept of scheme http://www.yso.fi/onto/tero/deprecatedconceptscheme
INFO: Marking loose concept http://www.yso.fi/onto/yso/p24228 as top concept of scheme http://www.yso.fi/onto/tero/deprecatedconceptscheme
INFO: Marking loose concept http://www.yso.fi/onto/yso/p2424 as top concept of scheme http://www.yso.fi/onto/tero/deprecatedconceptscheme
INFO: Marking loose concept http://www.yso.fi/onto/yso/p24252 as top concept of scheme http://www.yso.fi/onto/tero/deprecatedconceptscheme
INFO: Marking loose concept http://www.yso.fi/onto/yso/p24255 as top concept of scheme http://www.yso.fi/onto/tero/deprecatedconceptscheme
INFO: Marking loose concept http://www.yso.fi/onto/yso/p24293 as top concept of scheme http://www.yso.fi/onto/tero/deprecatedconceptscheme
INFO: Marking loose concept http://www.yso.fi/onto/yso/p24312 as top concept of scheme http://www.yso.fi/onto/tero/deprecatedconceptscheme
INFO: Marking loose concept http://www.yso.fi/onto/yso/p2434 as top concept of scheme http://www.yso.fi/onto/tero/deprecatedconceptscheme
INFO: Marking loose concept http://www.yso.fi/onto/yso/p24345 as top concept of scheme http://www.yso.fi/onto/tero/deprecatedconceptscheme
INFO: Marking loose concept http://www.yso.fi/onto/yso/p24375 as top concept of scheme http://www.yso.fi/onto/tero/deprecatedconceptscheme
INFO: Marking loose concept http://www.yso.fi/onto/yso/p24381 as top concept of scheme http://www.yso.fi/onto/tero/deprecatedconceptscheme
INFO: Marking loose concept http://www.yso.fi/onto/yso/p24392 as top concept of scheme http://www.yso.fi/onto/tero/deprecatedconceptscheme
INFO: Marking loose concept http://www.yso.fi/onto/yso/p2446 as top concept of scheme http://www.yso.fi/onto/tero/deprecatedconceptscheme
INFO: Marking loose concept http://www.yso.fi/onto/yso/p24460 as top concept of scheme http://www.yso.fi/onto/tero/deprecatedconceptscheme
INFO: Marking loose concept http://www.yso.fi/onto/yso/p2447 as top concept of scheme http://www.yso.fi/onto/tero/deprecatedconceptscheme
INFO: Marking loose concept http://www.yso.fi/onto/yso/p2448 as top concept of scheme http://www.yso.fi/onto/tero/deprecatedconceptscheme
INFO: Marking loose concept http://www.yso.fi/onto/yso/p2450 as top concept of scheme http://www.yso.fi/onto/tero/deprecatedconceptscheme
INFO: Marking loose concept http://www.yso.fi/onto/yso/p24503 as top concept of scheme http://www.yso.fi/onto/tero/deprecatedconceptscheme
INFO: Marking loose concept http://www.yso.fi/onto/yso/p24573 as top concept of scheme http://www.yso.fi/onto/tero/deprecatedconceptscheme
INFO: Marking loose concept http://www.yso.fi/onto/yso/p24604 as top concept of scheme http://www.yso.fi/onto/tero/deprecatedconceptscheme
INFO: Marking loose concept http://www.yso.fi/onto/yso/p24637 as top concept of scheme http://www.yso.fi/onto/tero/deprecatedconceptscheme
INFO: Marking loose concept http://www.yso.fi/onto/yso/p24638 as top concept of scheme http://www.yso.fi/onto/tero/deprecatedconceptscheme
INFO: Marking loose concept http://www.yso.fi/onto/yso/p24640 as top concept of scheme http://www.yso.fi/onto/tero/deprecatedconceptscheme
INFO: Marking loose concept http://www.yso.fi/onto/yso/p24641 as top concept of scheme http://www.yso.fi/onto/tero/deprecatedconceptscheme
INFO: Marking loose concept http://www.yso.fi/onto/yso/p24642 as top concept of scheme http://www.yso.fi/onto/tero/deprecatedconceptscheme
INFO: Marking loose concept http://www.yso.fi/onto/yso/p24643 as top concept of scheme http://www.yso.fi/onto/tero/deprecatedconceptscheme
INFO: Marking loose concept http://www.yso.fi/onto/yso/p24645 as top concept of scheme http://www.yso.fi/onto/tero/deprecatedconceptscheme
INFO: Marking loose concept http://www.yso.fi/onto/yso/p24647 as top concept of scheme http://www.yso.fi/onto/tero/deprecatedconceptscheme
INFO: Marking loose concept http://www.yso.fi/onto/yso/p24648 as top concept of scheme http://www.yso.fi/onto/tero/deprecatedconceptscheme
INFO: Marking loose concept http://www.yso.fi/onto/yso/p24649 as top concept of scheme http://www.yso.fi/onto/tero/deprecatedconceptscheme
INFO: Marking loose concept http://www.yso.fi/onto/yso/p24650 as top concept of scheme http://www.yso.fi/onto/tero/deprecatedconceptscheme
INFO: Marking loose concept http://www.yso.fi/onto/yso/p24651 as top concept of scheme http://www.yso.fi/onto/tero/deprecatedconceptscheme
INFO: Marking loose concept http://www.yso.fi/onto/yso/p24653 as top concept of scheme http://www.yso.fi/onto/tero/deprecatedconceptscheme
INFO: Marking loose concept http://www.yso.fi/onto/yso/p24654 as top concept of scheme http://www.yso.fi/onto/tero/deprecatedconceptscheme
INFO: Marking loose concept http://www.yso.fi/onto/yso/p24655 as top concept of scheme http://www.yso.fi/onto/tero/deprecatedconceptscheme
INFO: Marking loose concept http://www.yso.fi/onto/yso/p24656 as top concept of scheme http://www.yso.fi/onto/tero/deprecatedconceptscheme
INFO: Marking loose concept http://www.yso.fi/onto/yso/p24657 as top concept of scheme http://www.yso.fi/onto/tero/deprecatedconceptscheme
INFO: Marking loose concept http://www.yso.fi/onto/yso/p24658 as top concept of scheme http://www.yso.fi/onto/tero/deprecatedconceptscheme
INFO: Marking loose concept http://www.yso.fi/onto/yso/p24660 as top concept of scheme http://www.yso.fi/onto/tero/deprecatedconceptscheme
INFO: Marking loose concept http://www.yso.fi/onto/yso/p24661 as top concept of scheme http://www.yso.fi/onto/tero/deprecatedconceptscheme
INFO: Marking loose concept http://www.yso.fi/onto/yso/p24665 as top concept of scheme http://www.yso.fi/onto/tero/deprecatedconceptscheme
INFO: Marking loose concept http://www.yso.fi/onto/yso/p24666 as top concept of scheme http://www.yso.fi/onto/tero/deprecatedconceptscheme
INFO: Marking loose concept http://www.yso.fi/onto/yso/p24667 as top concept of scheme http://www.yso.fi/onto/tero/deprecatedconceptscheme
INFO: Marking loose concept http://www.yso.fi/onto/yso/p2472 as top concept of scheme http://www.yso.fi/onto/tero/deprecatedconceptscheme
INFO: Marking loose concept http://www.yso.fi/onto/yso/p24742 as top concept of scheme http://www.yso.fi/onto/tero/deprecatedconceptscheme
INFO: Marking loose concept http://www.yso.fi/onto/yso/p24750 as top concept of scheme http://www.yso.fi/onto/tero/deprecatedconceptscheme
INFO: Marking loose concept http://www.yso.fi/onto/yso/p24808 as top concept of scheme http://www.yso.fi/onto/tero/deprecatedconceptscheme
INFO: Marking loose concept http://www.yso.fi/onto/yso/p24809 as top concept of scheme http://www.yso.fi/onto/tero/deprecatedconceptscheme
INFO: Marking loose concept http://www.yso.fi/onto/yso/p24822 as top concept of scheme http://www.yso.fi/onto/tero/deprecatedconceptscheme
INFO: Marking loose concept http://www.yso.fi/onto/yso/p24827 as top concept of scheme http://www.yso.fi/onto/tero/deprecatedconceptscheme
INFO: Marking loose concept http://www.yso.fi/onto/yso/p2485 as top concept of scheme http://www.yso.fi/onto/tero/deprecatedconceptscheme
INFO: Marking loose concept http://www.yso.fi/onto/yso/p2489 as top concept of scheme http://www.yso.fi/onto/tero/deprecatedconceptscheme
INFO: Marking loose concept http://www.yso.fi/onto/yso/p24908 as top concept of scheme http://www.yso.fi/onto/tero/deprecatedconceptscheme
INFO: Marking loose concept http://www.yso.fi/onto/yso/p2491 as top concept of scheme http://www.yso.fi/onto/tero/deprecatedconceptscheme
INFO: Marking loose concept http://www.yso.fi/onto/yso/p24977 as top concept of scheme http://www.yso.fi/onto/tero/deprecatedconceptscheme
INFO: Marking loose concept http://www.yso.fi/onto/yso/p25001 as top concept of scheme http://www.yso.fi/onto/tero/deprecatedconceptscheme
INFO: Marking loose concept http://www.yso.fi/onto/yso/p25008 as top concept of scheme http://www.yso.fi/onto/tero/deprecatedconceptscheme
INFO: Marking loose concept http://www.yso.fi/onto/yso/p2501 as top concept of scheme http://www.yso.fi/onto/tero/deprecatedconceptscheme
INFO: Marking loose concept http://www.yso.fi/onto/yso/p2506 as top concept of scheme http://www.yso.fi/onto/tero/deprecatedconceptscheme
INFO: Marking loose concept http://www.yso.fi/onto/yso/p25068 as top concept of scheme http://www.yso.fi/onto/tero/deprecatedconceptscheme
INFO: Marking loose concept http://www.yso.fi/onto/yso/p25074 as top concept of scheme http://www.yso.fi/onto/tero/deprecatedconceptscheme
INFO: Marking loose concept http://www.yso.fi/onto/yso/p25090 as top concept of scheme http://www.yso.fi/onto/tero/deprecatedconceptscheme
INFO: Marking loose concept http://www.yso.fi/onto/yso/p25091 as top concept of scheme http://www.yso.fi/onto/tero/deprecatedconceptscheme
INFO: Marking loose concept http://www.yso.fi/onto/yso/p25097 as top concept of scheme http://www.yso.fi/onto/tero/deprecatedconceptscheme
INFO: Marking loose concept http://www.yso.fi/onto/yso/p25106 as top concept of scheme http://www.yso.fi/onto/tero/deprecatedconceptscheme
INFO: Marking loose concept http://www.yso.fi/onto/yso/p25138 as top concept of scheme http://www.yso.fi/onto/tero/deprecatedconceptscheme
INFO: Marking loose concept http://www.yso.fi/onto/yso/p2516 as top concept of scheme http://www.yso.fi/onto/tero/deprecatedconceptscheme
INFO: Marking loose concept http://www.yso.fi/onto/yso/p25208 as top concept of scheme http://www.yso.fi/onto/tero/deprecatedconceptscheme
INFO: Marking loose concept http://www.yso.fi/onto/yso/p25264 as top concept of scheme http://www.yso.fi/onto/tero/deprecatedconceptscheme
INFO: Marking loose concept http://www.yso.fi/onto/yso/p25265 as top concept of scheme http://www.yso.fi/onto/tero/deprecatedconceptscheme
INFO: Marking loose concept http://www.yso.fi/onto/yso/p25277 as top concept of scheme http://www.yso.fi/onto/tero/deprecatedconceptscheme
INFO: Marking loose concept http://www.yso.fi/onto/yso/p25281 as top concept of scheme http://www.yso.fi/onto/tero/deprecatedconceptscheme
INFO: Marking loose concept http://www.yso.fi/onto/yso/p253 as top concept of scheme http://www.yso.fi/onto/tero/deprecatedconceptscheme
INFO: Marking loose concept http://www.yso.fi/onto/yso/p2530 as top concept of scheme http://www.yso.fi/onto/tero/deprecatedconceptscheme
INFO: Marking loose concept http://www.yso.fi/onto/yso/p25321 as top concept of scheme http://www.yso.fi/onto/tero/deprecatedconceptscheme
INFO: Marking loose concept http://www.yso.fi/onto/yso/p25372 as top concept of scheme http://www.yso.fi/onto/tero/deprecatedconceptscheme
INFO: Marking loose concept http://www.yso.fi/onto/yso/p25411 as top concept of scheme http://www.yso.fi/onto/tero/deprecatedconceptscheme
INFO: Marking loose concept http://www.yso.fi/onto/yso/p25421 as top concept of scheme http://www.yso.fi/onto/tero/deprecatedconceptscheme
INFO: Marking loose concept http://www.yso.fi/onto/yso/p25450 as top concept of scheme http://www.yso.fi/onto/tero/deprecatedconceptscheme
INFO: Marking loose concept http://www.yso.fi/onto/yso/p25467 as top concept of scheme http://www.yso.fi/onto/tero/deprecatedconceptscheme
INFO: Marking loose concept http://www.yso.fi/onto/yso/p25480 as top concept of scheme http://www.yso.fi/onto/tero/deprecatedconceptscheme
INFO: Marking loose concept http://www.yso.fi/onto/yso/p25507 as top concept of scheme http://www.yso.fi/onto/tero/deprecatedconceptscheme
INFO: Marking loose concept http://www.yso.fi/onto/yso/p25543 as top concept of scheme http://www.yso.fi/onto/tero/deprecatedconceptscheme
INFO: Marking loose concept http://www.yso.fi/onto/yso/p25590 as top concept of scheme http://www.yso.fi/onto/tero/deprecatedconceptscheme
INFO: Marking loose concept http://www.yso.fi/onto/yso/p25624 as top concept of scheme http://www.yso.fi/onto/tero/deprecatedconceptscheme
INFO: Marking loose concept http://www.yso.fi/onto/yso/p25667 as top concept of scheme http://www.yso.fi/onto/tero/deprecatedconceptscheme
INFO: Marking loose concept http://www.yso.fi/onto/yso/p25694 as top concept of scheme http://www.yso.fi/onto/tero/deprecatedconceptscheme
INFO: Marking loose concept http://www.yso.fi/onto/yso/p25715 as top concept of scheme http://www.yso.fi/onto/tero/deprecatedconceptscheme
INFO: Marking loose concept http://www.yso.fi/onto/yso/p25730 as top concept of scheme http://www.yso.fi/onto/tero/deprecatedconceptscheme
INFO: Marking loose concept http://www.yso.fi/onto/yso/p2577 as top concept of scheme http://www.yso.fi/onto/tero/deprecatedconceptscheme
INFO: Marking loose concept http://www.yso.fi/onto/yso/p25772 as top concept of scheme http://www.yso.fi/onto/tero/deprecatedconceptscheme
INFO: Marking loose concept http://www.yso.fi/onto/yso/p2578 as top concept of scheme http://www.yso.fi/onto/tero/deprecatedconceptscheme
INFO: Marking loose concept http://www.yso.fi/onto/yso/p25783 as top concept of scheme http://www.yso.fi/onto/tero/deprecatedconceptscheme
INFO: Marking loose concept http://www.yso.fi/onto/yso/p25799 as top concept of scheme http://www.yso.fi/onto/tero/deprecatedconceptscheme
INFO: Marking loose concept http://www.yso.fi/onto/yso/p25832 as top concept of scheme http://www.yso.fi/onto/tero/deprecatedconceptscheme
INFO: Marking loose concept http://www.yso.fi/onto/yso/p25913 as top concept of scheme http://www.yso.fi/onto/tero/deprecatedconceptscheme
INFO: Marking loose concept http://www.yso.fi/onto/yso/p25914 as top concept of scheme http://www.yso.fi/onto/tero/deprecatedconceptscheme
INFO: Marking loose concept http://www.yso.fi/onto/yso/p25923 as top concept of scheme http://www.yso.fi/onto/tero/deprecatedconceptscheme
INFO: Marking loose concept http://www.yso.fi/onto/yso/p25954 as top concept of scheme http://www.yso.fi/onto/tero/deprecatedconceptscheme
INFO: Marking loose concept http://www.yso.fi/onto/yso/p25961 as top concept of scheme http://www.yso.fi/onto/tero/deprecatedconceptscheme
INFO: Marking loose concept http://www.yso.fi/onto/yso/p25971 as top concept of scheme http://www.yso.fi/onto/tero/deprecatedconceptscheme
INFO: Marking loose concept http://www.yso.fi/onto/yso/p25979 as top concept of scheme http://www.yso.fi/onto/tero/deprecatedconceptscheme
INFO: Marking loose concept http://www.yso.fi/onto/yso/p26049 as top concept of scheme http://www.yso.fi/onto/tero/deprecatedconceptscheme
INFO: Marking loose concept http://www.yso.fi/onto/yso/p26193 as top concept of scheme http://www.yso.fi/onto/tero/deprecatedconceptscheme
INFO: Marking loose concept http://www.yso.fi/onto/yso/p26199 as top concept of scheme http://www.yso.fi/onto/tero/deprecatedconceptscheme
INFO: Marking loose concept http://www.yso.fi/onto/yso/p2620 as top concept of scheme http://www.yso.fi/onto/tero/deprecatedconceptscheme
INFO: Marking loose concept http://www.yso.fi/onto/yso/p26225 as top concept of scheme http://www.yso.fi/onto/tero/deprecatedconceptscheme
INFO: Marking loose concept http://www.yso.fi/onto/yso/p26246 as top concept of scheme http://www.yso.fi/onto/tero/deprecatedconceptscheme
INFO: Marking loose concept http://www.yso.fi/onto/yso/p2628 as top concept of scheme http://www.yso.fi/onto/tero/deprecatedconceptscheme
INFO: Marking loose concept http://www.yso.fi/onto/yso/p263 as top concept of scheme http://www.yso.fi/onto/tero/deprecatedconceptscheme
INFO: Marking loose concept http://www.yso.fi/onto/yso/p26313 as top concept of scheme http://www.yso.fi/onto/tero/deprecatedconceptscheme
INFO: Marking loose concept http://www.yso.fi/onto/yso/p26338 as top concept of scheme http://www.yso.fi/onto/tero/deprecatedconceptscheme
INFO: Marking loose concept http://www.yso.fi/onto/yso/p26350 as top concept of scheme http://www.yso.fi/onto/tero/deprecatedconceptscheme
INFO: Marking loose concept http://www.yso.fi/onto/yso/p26362 as top concept of scheme http://www.yso.fi/onto/tero/deprecatedconceptscheme
INFO: Marking loose concept http://www.yso.fi/onto/yso/p26380 as top concept of scheme http://www.yso.fi/onto/tero/deprecatedconceptscheme
INFO: Marking loose concept http://www.yso.fi/onto/yso/p26384 as top concept of scheme http://www.yso.fi/onto/tero/deprecatedconceptscheme
INFO: Marking loose concept http://www.yso.fi/onto/yso/p26415 as top concept of scheme http://www.yso.fi/onto/tero/deprecatedconceptscheme
INFO: Marking loose concept http://www.yso.fi/onto/yso/p26452 as top concept of scheme http://www.yso.fi/onto/tero/deprecatedconceptscheme
INFO: Marking loose concept http://www.yso.fi/onto/yso/p26458 as top concept of scheme http://www.yso.fi/onto/tero/deprecatedconceptscheme
INFO: Marking loose concept http://www.yso.fi/onto/yso/p26465 as top concept of scheme http://www.yso.fi/onto/tero/deprecatedconceptscheme
INFO: Marking loose concept http://www.yso.fi/onto/yso/p26485 as top concept of scheme http://www.yso.fi/onto/tero/deprecatedconceptscheme
INFO: Marking loose concept http://www.yso.fi/onto/yso/p26497 as top concept of scheme http://www.yso.fi/onto/tero/deprecatedconceptscheme
INFO: Marking loose concept http://www.yso.fi/onto/yso/p26515 as top concept of scheme http://www.yso.fi/onto/tero/deprecatedconceptscheme
INFO: Marking loose concept http://www.yso.fi/onto/yso/p26516 as top concept of scheme http://www.yso.fi/onto/tero/deprecatedconceptscheme
INFO: Marking loose concept http://www.yso.fi/onto/yso/p26518 as top concept of scheme http://www.yso.fi/onto/tero/deprecatedconceptscheme
INFO: Marking loose concept http://www.yso.fi/onto/yso/p26521 as top concept of scheme http://www.yso.fi/onto/tero/deprecatedconceptscheme
INFO: Marking loose concept http://www.yso.fi/onto/yso/p26523 as top concept of scheme http://www.yso.fi/onto/tero/deprecatedconceptscheme
INFO: Marking loose concept http://www.yso.fi/onto/yso/p26558 as top concept of scheme http://www.yso.fi/onto/tero/deprecatedconceptscheme
INFO: Marking loose concept http://www.yso.fi/onto/yso/p26603 as top concept of scheme http://www.yso.fi/onto/tero/deprecatedconceptscheme
INFO: Marking loose concept http://www.yso.fi/onto/yso/p26604 as top concept of scheme http://www.yso.fi/onto/tero/deprecatedconceptscheme
INFO: Marking loose concept http://www.yso.fi/onto/yso/p26637 as top concept of scheme http://www.yso.fi/onto/tero/deprecatedconceptscheme
INFO: Marking loose concept http://www.yso.fi/onto/yso/p2673 as top concept of scheme http://www.yso.fi/onto/tero/deprecatedconceptscheme
INFO: Marking loose concept http://www.yso.fi/onto/yso/p26743 as top concept of scheme http://www.yso.fi/onto/tero/deprecatedconceptscheme
INFO: Marking loose concept http://www.yso.fi/onto/yso/p268 as top concept of scheme http://www.yso.fi/onto/tero/deprecatedconceptscheme
INFO: Marking loose concept http://www.yso.fi/onto/yso/p2689 as top concept of scheme http://www.yso.fi/onto/tero/deprecatedconceptscheme
INFO: Marking loose concept http://www.yso.fi/onto/yso/p26903 as top concept of scheme http://www.yso.fi/onto/tero/deprecatedconceptscheme
INFO: Marking loose concept http://www.yso.fi/onto/yso/p2697 as top concept of scheme http://www.yso.fi/onto/tero/deprecatedconceptscheme
INFO: Marking loose concept http://www.yso.fi/onto/yso/p26980 as top concept of scheme http://www.yso.fi/onto/tero/deprecatedconceptscheme
INFO: Marking loose concept http://www.yso.fi/onto/yso/p27027 as top concept of scheme http://www.yso.fi/onto/tero/deprecatedconceptscheme
INFO: Marking loose concept http://www.yso.fi/onto/yso/p2706 as top concept of scheme http://www.yso.fi/onto/tero/deprecatedconceptscheme
INFO: Marking loose concept http://www.yso.fi/onto/yso/p27094 as top concept of scheme http://www.yso.fi/onto/tero/deprecatedconceptscheme
INFO: Marking loose concept http://www.yso.fi/onto/yso/p27124 as top concept of scheme http://www.yso.fi/onto/tero/deprecatedconceptscheme
INFO: Marking loose concept http://www.yso.fi/onto/yso/p27145 as top concept of scheme http://www.yso.fi/onto/tero/deprecatedconceptscheme
INFO: Marking loose concept http://www.yso.fi/onto/yso/p2715 as top concept of scheme http://www.yso.fi/onto/tero/deprecatedconceptscheme
INFO: Marking loose concept http://www.yso.fi/onto/yso/p27158 as top concept of scheme http://www.yso.fi/onto/tero/deprecatedconceptscheme
INFO: Marking loose concept http://www.yso.fi/onto/yso/p27296 as top concept of scheme http://www.yso.fi/onto/tero/deprecatedconceptscheme
INFO: Marking loose concept http://www.yso.fi/onto/yso/p2731 as top concept of scheme http://www.yso.fi/onto/tero/deprecatedconceptscheme
INFO: Marking loose concept http://www.yso.fi/onto/yso/p27441 as top concept of scheme http://www.yso.fi/onto/tero/deprecatedconceptscheme
INFO: Marking loose concept http://www.yso.fi/onto/yso/p2753 as top concept of scheme http://www.yso.fi/onto/tero/deprecatedconceptscheme
INFO: Marking loose concept http://www.yso.fi/onto/yso/p27607 as top concept of scheme http://www.yso.fi/onto/tero/deprecatedconceptscheme
INFO: Marking loose concept http://www.yso.fi/onto/yso/p27709 as top concept of scheme http://www.yso.fi/onto/tero/deprecatedconceptscheme
INFO: Marking loose concept http://www.yso.fi/onto/yso/p27710 as top concept of scheme http://www.yso.fi/onto/tero/deprecatedconceptscheme
INFO: Marking loose concept http://www.yso.fi/onto/yso/p27711 as top concept of scheme http://www.yso.fi/onto/tero/deprecatedconceptscheme
INFO: Marking loose concept http://www.yso.fi/onto/yso/p2773 as top concept of scheme http://www.yso.fi/onto/tero/deprecatedconceptscheme
INFO: Marking loose concept http://www.yso.fi/onto/yso/p2777 as top concept of scheme http://www.yso.fi/onto/tero/deprecatedconceptscheme
INFO: Marking loose concept http://www.yso.fi/onto/yso/p27842 as top concept of scheme http://www.yso.fi/onto/tero/deprecatedconceptscheme
INFO: Marking loose concept http://www.yso.fi/onto/yso/p27870 as top concept of scheme http://www.yso.fi/onto/tero/deprecatedconceptscheme
INFO: Marking loose concept http://www.yso.fi/onto/yso/p2794 as top concept of scheme http://www.yso.fi/onto/tero/deprecatedconceptscheme
INFO: Marking loose concept http://www.yso.fi/onto/yso/p28 as top concept of scheme http://www.yso.fi/onto/tero/deprecatedconceptscheme
INFO: Marking loose concept http://www.yso.fi/onto/yso/p2801 as top concept of scheme http://www.yso.fi/onto/tero/deprecatedconceptscheme
INFO: Marking loose concept http://www.yso.fi/onto/yso/p28186 as top concept of scheme http://www.yso.fi/onto/tero/deprecatedconceptscheme
INFO: Marking loose concept http://www.yso.fi/onto/yso/p28187 as top concept of scheme http://www.yso.fi/onto/tero/deprecatedconceptscheme
INFO: Marking loose concept http://www.yso.fi/onto/yso/p28188 as top concept of scheme http://www.yso.fi/onto/tero/deprecatedconceptscheme
INFO: Marking loose concept http://www.yso.fi/onto/yso/p28194 as top concept of scheme http://www.yso.fi/onto/tero/deprecatedconceptscheme
INFO: Marking loose concept http://www.yso.fi/onto/yso/p2826 as top concept of scheme http://www.yso.fi/onto/tero/deprecatedconceptscheme
INFO: Marking loose concept http://www.yso.fi/onto/yso/p283 as top concept of scheme http://www.yso.fi/onto/tero/deprecatedconceptscheme
INFO: Marking loose concept http://www.yso.fi/onto/yso/p28344 as top concept of scheme http://www.yso.fi/onto/tero/deprecatedconceptscheme
INFO: Marking loose concept http://www.yso.fi/onto/yso/p2838 as top concept of scheme http://www.yso.fi/onto/tero/deprecatedconceptscheme
INFO: Marking loose concept http://www.yso.fi/onto/yso/p28440 as top concept of scheme http://www.yso.fi/onto/tero/deprecatedconceptscheme
INFO: Marking loose concept http://www.yso.fi/onto/yso/p28450 as top concept of scheme http://www.yso.fi/onto/tero/deprecatedconceptscheme
INFO: Marking loose concept http://www.yso.fi/onto/yso/p2855 as top concept of scheme http://www.yso.fi/onto/tero/deprecatedconceptscheme
INFO: Marking loose concept http://www.yso.fi/onto/yso/p2864 as top concept of scheme http://www.yso.fi/onto/tero/deprecatedconceptscheme
INFO: Marking loose concept http://www.yso.fi/onto/yso/p2866 as top concept of scheme http://www.yso.fi/onto/tero/deprecatedconceptscheme
INFO: Marking loose concept http://www.yso.fi/onto/yso/p28686 as top concept of scheme http://www.yso.fi/onto/tero/deprecatedconceptscheme
INFO: Marking loose concept http://www.yso.fi/onto/yso/p2871 as top concept of scheme http://www.yso.fi/onto/tero/deprecatedconceptscheme
INFO: Marking loose concept http://www.yso.fi/onto/yso/p28714 as top concept of scheme http://www.yso.fi/onto/tero/deprecatedconceptscheme
INFO: Marking loose concept http://www.yso.fi/onto/yso/p28769 as top concept of scheme http://www.yso.fi/onto/tero/deprecatedconceptscheme
INFO: Marking loose concept http://www.yso.fi/onto/yso/p2880 as top concept of scheme http://www.yso.fi/onto/tero/deprecatedconceptscheme
INFO: Marking loose concept http://www.yso.fi/onto/yso/p2881 as top concept of scheme http://www.yso.fi/onto/tero/deprecatedconceptscheme
INFO: Marking loose concept http://www.yso.fi/onto/yso/p28824 as top concept of scheme http://www.yso.fi/onto/tero/deprecatedconceptscheme
INFO: Marking loose concept http://www.yso.fi/onto/yso/p28996 as top concept of scheme http://www.yso.fi/onto/tero/deprecatedconceptscheme
INFO: Marking loose concept http://www.yso.fi/onto/yso/p293 as top concept of scheme http://www.yso.fi/onto/tero/deprecatedconceptscheme
INFO: Marking loose concept http://www.yso.fi/onto/yso/p29746 as top concept of scheme http://www.yso.fi/onto/tero/deprecatedconceptscheme
INFO: Marking loose concept http://www.yso.fi/onto/yso/p2979 as top concept of scheme http://www.yso.fi/onto/tero/deprecatedconceptscheme
INFO: Marking loose concept http://www.yso.fi/onto/yso/p29790 as top concept of scheme http://www.yso.fi/onto/tero/deprecatedconceptscheme
INFO: Marking loose concept http://www.yso.fi/onto/yso/p29888 as top concept of scheme http://www.yso.fi/onto/tero/deprecatedconceptscheme
INFO: Marking loose concept http://www.yso.fi/onto/yso/p29911 as top concept of scheme http://www.yso.fi/onto/tero/deprecatedconceptscheme
INFO: Marking loose concept http://www.yso.fi/onto/yso/p2993 as top concept of scheme http://www.yso.fi/onto/tero/deprecatedconceptscheme
INFO: Marking loose concept http://www.yso.fi/onto/yso/p30 as top concept of scheme http://www.yso.fi/onto/tero/deprecatedconceptscheme
INFO: Marking loose concept http://www.yso.fi/onto/yso/p30083 as top concept of scheme http://www.yso.fi/onto/tero/deprecatedconceptscheme
INFO: Marking loose concept http://www.yso.fi/onto/yso/p30157 as top concept of scheme http://www.yso.fi/onto/tero/deprecatedconceptscheme
INFO: Marking loose concept http://www.yso.fi/onto/yso/p302 as top concept of scheme http://www.yso.fi/onto/tero/deprecatedconceptscheme
INFO: Marking loose concept http://www.yso.fi/onto/yso/p30229 as top concept of scheme http://www.yso.fi/onto/tero/deprecatedconceptscheme
INFO: Marking loose concept http://www.yso.fi/onto/yso/p3027 as top concept of scheme http://www.yso.fi/onto/tero/deprecatedconceptscheme
INFO: Marking loose concept http://www.yso.fi/onto/yso/p3052 as top concept of scheme http://www.yso.fi/onto/tero/deprecatedconceptscheme
INFO: Marking loose concept http://www.yso.fi/onto/yso/p307 as top concept of scheme http://www.yso.fi/onto/tero/deprecatedconceptscheme
INFO: Marking loose concept http://www.yso.fi/onto/yso/p3071 as top concept of scheme http://www.yso.fi/onto/tero/deprecatedconceptscheme
INFO: Marking loose concept http://www.yso.fi/onto/yso/p3077 as top concept of scheme http://www.yso.fi/onto/tero/deprecatedconceptscheme
INFO: Marking loose concept http://www.yso.fi/onto/yso/p3083 as top concept of scheme http://www.yso.fi/onto/tero/deprecatedconceptscheme
INFO: Marking loose concept http://www.yso.fi/onto/yso/p3092 as top concept of scheme http://www.yso.fi/onto/tero/deprecatedconceptscheme
INFO: Marking loose concept http://www.yso.fi/onto/yso/p3112 as top concept of scheme http://www.yso.fi/onto/tero/deprecatedconceptscheme
INFO: Marking loose concept http://www.yso.fi/onto/yso/p3120 as top concept of scheme http://www.yso.fi/onto/tero/deprecatedconceptscheme
INFO: Marking loose concept http://www.yso.fi/onto/yso/p3124 as top concept of scheme http://www.yso.fi/onto/tero/deprecatedconceptscheme
INFO: Marking loose concept http://www.yso.fi/onto/yso/p3152 as top concept of scheme http://www.yso.fi/onto/tero/deprecatedconceptscheme
INFO: Marking loose concept http://www.yso.fi/onto/yso/p317 as top concept of scheme http://www.yso.fi/onto/tero/deprecatedconceptscheme
INFO: Marking loose concept http://www.yso.fi/onto/yso/p3198 as top concept of scheme http://www.yso.fi/onto/tero/deprecatedconceptscheme
INFO: Marking loose concept http://www.yso.fi/onto/yso/p3214 as top concept of scheme http://www.yso.fi/onto/tero/deprecatedconceptscheme
INFO: Marking loose concept http://www.yso.fi/onto/yso/p3237 as top concept of scheme http://www.yso.fi/onto/tero/deprecatedconceptscheme
INFO: Marking loose concept http://www.yso.fi/onto/yso/p3256 as top concept of scheme http://www.yso.fi/onto/tero/deprecatedconceptscheme
INFO: Marking loose concept http://www.yso.fi/onto/yso/p3273 as top concept of scheme http://www.yso.fi/onto/tero/deprecatedconceptscheme
INFO: Marking loose concept http://www.yso.fi/onto/yso/p3274 as top concept of scheme http://www.yso.fi/onto/tero/deprecatedconceptscheme
INFO: Marking loose concept http://www.yso.fi/onto/yso/p3323 as top concept of scheme http://www.yso.fi/onto/tero/deprecatedconceptscheme
INFO: Marking loose concept http://www.yso.fi/onto/yso/p3378 as top concept of scheme http://www.yso.fi/onto/tero/deprecatedconceptscheme
INFO: Marking loose concept http://www.yso.fi/onto/yso/p3379 as top concept of scheme http://www.yso.fi/onto/tero/deprecatedconceptscheme
INFO: Marking loose concept http://www.yso.fi/onto/yso/p338 as top concept of scheme http://www.yso.fi/onto/tero/deprecatedconceptscheme
INFO: Marking loose concept http://www.yso.fi/onto/yso/p3380 as top concept of scheme http://www.yso.fi/onto/tero/deprecatedconceptscheme
INFO: Marking loose concept http://www.yso.fi/onto/yso/p3410 as top concept of scheme http://www.yso.fi/onto/tero/deprecatedconceptscheme
INFO: Marking loose concept http://www.yso.fi/onto/yso/p3411 as top concept of scheme http://www.yso.fi/onto/tero/deprecatedconceptscheme
INFO: Marking loose concept http://www.yso.fi/onto/yso/p3414 as top concept of scheme http://www.yso.fi/onto/tero/deprecatedconceptscheme
INFO: Marking loose concept http://www.yso.fi/onto/yso/p3431 as top concept of scheme http://www.yso.fi/onto/tero/deprecatedconceptscheme
INFO: Marking loose concept http://www.yso.fi/onto/yso/p3438 as top concept of scheme http://www.yso.fi/onto/tero/deprecatedconceptscheme
INFO: Marking loose concept http://www.yso.fi/onto/yso/p3456 as top concept of scheme http://www.yso.fi/onto/tero/deprecatedconceptscheme
INFO: Marking loose concept http://www.yso.fi/onto/yso/p3471 as top concept of scheme http://www.yso.fi/onto/tero/deprecatedconceptscheme
INFO: Marking loose concept http://www.yso.fi/onto/yso/p3498 as top concept of scheme http://www.yso.fi/onto/tero/deprecatedconceptscheme
INFO: Marking loose concept http://www.yso.fi/onto/yso/p3520 as top concept of scheme http://www.yso.fi/onto/tero/deprecatedconceptscheme
INFO: Marking loose concept http://www.yso.fi/onto/yso/p353 as top concept of scheme http://www.yso.fi/onto/tero/deprecatedconceptscheme
INFO: Marking loose concept http://www.yso.fi/onto/yso/p3530 as top concept of scheme http://www.yso.fi/onto/tero/deprecatedconceptscheme
INFO: Marking loose concept http://www.yso.fi/onto/yso/p3531 as top concept of scheme http://www.yso.fi/onto/tero/deprecatedconceptscheme
INFO: Marking loose concept http://www.yso.fi/onto/yso/p3546 as top concept of scheme http://www.yso.fi/onto/tero/deprecatedconceptscheme
INFO: Marking loose concept http://www.yso.fi/onto/yso/p3548 as top concept of scheme http://www.yso.fi/onto/tero/deprecatedconceptscheme
INFO: Marking loose concept http://www.yso.fi/onto/yso/p355 as top concept of scheme http://www.yso.fi/onto/tero/deprecatedconceptscheme
INFO: Marking loose concept http://www.yso.fi/onto/yso/p3561 as top concept of scheme http://www.yso.fi/onto/tero/deprecatedconceptscheme
INFO: Marking loose concept http://www.yso.fi/onto/yso/p3579 as top concept of scheme http://www.yso.fi/onto/tero/deprecatedconceptscheme
INFO: Marking loose concept http://www.yso.fi/onto/yso/p3580 as top concept of scheme http://www.yso.fi/onto/tero/deprecatedconceptscheme
INFO: Marking loose concept http://www.yso.fi/onto/yso/p3584 as top concept of scheme http://www.yso.fi/onto/tero/deprecatedconceptscheme
INFO: Marking loose concept http://www.yso.fi/onto/yso/p359 as top concept of scheme http://www.yso.fi/onto/tero/deprecatedconceptscheme
INFO: Marking loose concept http://www.yso.fi/onto/yso/p3623 as top concept of scheme http://www.yso.fi/onto/tero/deprecatedconceptscheme
INFO: Marking loose concept http://www.yso.fi/onto/yso/p363 as top concept of scheme http://www.yso.fi/onto/tero/deprecatedconceptscheme
INFO: Marking loose concept http://www.yso.fi/onto/yso/p3639 as top concept of scheme http://www.yso.fi/onto/tero/deprecatedconceptscheme
INFO: Marking loose concept http://www.yso.fi/onto/yso/p3652 as top concept of scheme http://www.yso.fi/onto/tero/deprecatedconceptscheme
INFO: Marking loose concept http://www.yso.fi/onto/yso/p36817 as top concept of scheme http://www.yso.fi/onto/tero/deprecatedconceptscheme
INFO: Marking loose concept http://www.yso.fi/onto/yso/p369 as top concept of scheme http://www.yso.fi/onto/tero/deprecatedconceptscheme
INFO: Marking loose concept http://www.yso.fi/onto/yso/p370 as top concept of scheme http://www.yso.fi/onto/tero/deprecatedconceptscheme
INFO: Marking loose concept http://www.yso.fi/onto/yso/p3700 as top concept of scheme http://www.yso.fi/onto/tero/deprecatedconceptscheme
INFO: Marking loose concept http://www.yso.fi/onto/yso/p3704 as top concept of scheme http://www.yso.fi/onto/tero/deprecatedconceptscheme
INFO: Marking loose concept http://www.yso.fi/onto/yso/p3710 as top concept of scheme http://www.yso.fi/onto/tero/deprecatedconceptscheme
INFO: Marking loose concept http://www.yso.fi/onto/yso/p3725 as top concept of scheme http://www.yso.fi/onto/tero/deprecatedconceptscheme
INFO: Marking loose concept http://www.yso.fi/onto/yso/p3735 as top concept of scheme http://www.yso.fi/onto/tero/deprecatedconceptscheme
INFO: Marking loose concept http://www.yso.fi/onto/yso/p3740 as top concept of scheme http://www.yso.fi/onto/tero/deprecatedconceptscheme
INFO: Marking loose concept http://www.yso.fi/onto/yso/p3763 as top concept of scheme http://www.yso.fi/onto/tero/deprecatedconceptscheme
INFO: Marking loose concept http://www.yso.fi/onto/yso/p3767 as top concept of scheme http://www.yso.fi/onto/tero/deprecatedconceptscheme
INFO: Marking loose concept http://www.yso.fi/onto/yso/p3772 as top concept of scheme http://www.yso.fi/onto/tero/deprecatedconceptscheme
INFO: Marking loose concept http://www.yso.fi/onto/yso/p37785 as top concept of scheme http://www.yso.fi/onto/tero/deprecatedconceptscheme
INFO: Marking loose concept http://www.yso.fi/onto/yso/p380 as top concept of scheme http://www.yso.fi/onto/tero/deprecatedconceptscheme
INFO: Marking loose concept http://www.yso.fi/onto/yso/p38015 as top concept of scheme http://www.yso.fi/onto/tero/deprecatedconceptscheme
INFO: Marking loose concept http://www.yso.fi/onto/yso/p381 as top concept of scheme http://www.yso.fi/onto/tero/deprecatedconceptscheme
INFO: Marking loose concept http://www.yso.fi/onto/yso/p3859 as top concept of scheme http://www.yso.fi/onto/tero/deprecatedconceptscheme
INFO: Marking loose concept http://www.yso.fi/onto/yso/p38608 as top concept of scheme http://www.yso.fi/onto/tero/deprecatedconceptscheme
INFO: Marking loose concept http://www.yso.fi/onto/yso/p38696 as top concept of scheme http://www.yso.fi/onto/tero/deprecatedconceptscheme
INFO: Marking loose concept http://www.yso.fi/onto/yso/p3871 as top concept of scheme http://www.yso.fi/onto/tero/deprecatedconceptscheme
INFO: Marking loose concept http://www.yso.fi/onto/yso/p3882 as top concept of scheme http://www.yso.fi/onto/tero/deprecatedconceptscheme
INFO: Marking loose concept http://www.yso.fi/onto/yso/p389 as top concept of scheme http://www.yso.fi/onto/tero/deprecatedconceptscheme
INFO: Marking loose concept http://www.yso.fi/onto/yso/p38945 as top concept of scheme http://www.yso.fi/onto/tero/deprecatedconceptscheme
INFO: Marking loose concept http://www.yso.fi/onto/yso/p3898 as top concept of scheme http://www.yso.fi/onto/tero/deprecatedconceptscheme
INFO: Marking loose concept http://www.yso.fi/onto/yso/p3899 as top concept of scheme http://www.yso.fi/onto/tero/deprecatedconceptscheme
INFO: Marking loose concept http://www.yso.fi/onto/yso/p39033 as top concept of scheme http://www.yso.fi/onto/tero/deprecatedconceptscheme
INFO: Marking loose concept http://www.yso.fi/onto/yso/p39036 as top concept of scheme http://www.yso.fi/onto/tero/deprecatedconceptscheme
INFO: Marking loose concept http://www.yso.fi/onto/yso/p39186 as top concept of scheme http://www.yso.fi/onto/tero/deprecatedconceptscheme
INFO: Marking loose concept http://www.yso.fi/onto/yso/p39252 as top concept of scheme http://www.yso.fi/onto/tero/deprecatedconceptscheme
INFO: Marking loose concept http://www.yso.fi/onto/yso/p3936 as top concept of scheme http://www.yso.fi/onto/tero/deprecatedconceptscheme
INFO: Marking loose concept http://www.yso.fi/onto/yso/p3939 as top concept of scheme http://www.yso.fi/onto/tero/deprecatedconceptscheme
INFO: Marking loose concept http://www.yso.fi/onto/yso/p39504 as top concept of scheme http://www.yso.fi/onto/tero/deprecatedconceptscheme
INFO: Marking loose concept http://www.yso.fi/onto/yso/p3959 as top concept of scheme http://www.yso.fi/onto/tero/deprecatedconceptscheme
INFO: Marking loose concept http://www.yso.fi/onto/yso/p39592 as top concept of scheme http://www.yso.fi/onto/tero/deprecatedconceptscheme
INFO: Marking loose concept http://www.yso.fi/onto/yso/p39608 as top concept of scheme http://www.yso.fi/onto/tero/deprecatedconceptscheme
INFO: Marking loose concept http://www.yso.fi/onto/yso/p3970 as top concept of scheme http://www.yso.fi/onto/tero/deprecatedconceptscheme
INFO: Marking loose concept http://www.yso.fi/onto/yso/p3977 as top concept of scheme http://www.yso.fi/onto/tero/deprecatedconceptscheme
INFO: Marking loose concept http://www.yso.fi/onto/yso/p3980 as top concept of scheme http://www.yso.fi/onto/tero/deprecatedconceptscheme
INFO: Marking loose concept http://www.yso.fi/onto/yso/p400 as top concept of scheme http://www.yso.fi/onto/tero/deprecatedconceptscheme
INFO: Marking loose concept http://www.yso.fi/onto/yso/p4007 as top concept of scheme http://www.yso.fi/onto/tero/deprecatedconceptscheme
INFO: Marking loose concept http://www.yso.fi/onto/yso/p4008 as top concept of scheme http://www.yso.fi/onto/tero/deprecatedconceptscheme
INFO: Marking loose concept http://www.yso.fi/onto/yso/p40174 as top concept of scheme http://www.yso.fi/onto/tero/deprecatedconceptscheme
INFO: Marking loose concept http://www.yso.fi/onto/yso/p404 as top concept of scheme http://www.yso.fi/onto/tero/deprecatedconceptscheme
INFO: Marking loose concept http://www.yso.fi/onto/yso/p4048 as top concept of scheme http://www.yso.fi/onto/tero/deprecatedconceptscheme
INFO: Marking loose concept http://www.yso.fi/onto/yso/p4065 as top concept of scheme http://www.yso.fi/onto/tero/deprecatedconceptscheme
INFO: Marking loose concept http://www.yso.fi/onto/yso/p4073 as top concept of scheme http://www.yso.fi/onto/tero/deprecatedconceptscheme
INFO: Marking loose concept http://www.yso.fi/onto/yso/p4078 as top concept of scheme http://www.yso.fi/onto/tero/deprecatedconceptscheme
INFO: Marking loose concept http://www.yso.fi/onto/yso/p413 as top concept of scheme http://www.yso.fi/onto/tero/deprecatedconceptscheme
INFO: Marking loose concept http://www.yso.fi/onto/yso/p4151 as top concept of scheme http://www.yso.fi/onto/tero/deprecatedconceptscheme
INFO: Marking loose concept http://www.yso.fi/onto/yso/p4162 as top concept of scheme http://www.yso.fi/onto/tero/deprecatedconceptscheme
INFO: Marking loose concept http://www.yso.fi/onto/yso/p4172 as top concept of scheme http://www.yso.fi/onto/tero/deprecatedconceptscheme
INFO: Marking loose concept http://www.yso.fi/onto/yso/p4178 as top concept of scheme http://www.yso.fi/onto/tero/deprecatedconceptscheme
INFO: Marking loose concept http://www.yso.fi/onto/yso/p4184 as top concept of scheme http://www.yso.fi/onto/tero/deprecatedconceptscheme
INFO: Marking loose concept http://www.yso.fi/onto/yso/p4188 as top concept of scheme http://www.yso.fi/onto/tero/deprecatedconceptscheme
INFO: Marking loose concept http://www.yso.fi/onto/yso/p4199 as top concept of scheme http://www.yso.fi/onto/tero/deprecatedconceptscheme
INFO: Marking loose concept http://www.yso.fi/onto/yso/p42 as top concept of scheme http://www.yso.fi/onto/tero/deprecatedconceptscheme
INFO: Marking loose concept http://www.yso.fi/onto/yso/p4204 as top concept of scheme http://www.yso.fi/onto/tero/deprecatedconceptscheme
INFO: Marking loose concept http://www.yso.fi/onto/yso/p4216 as top concept of scheme http://www.yso.fi/onto/tero/deprecatedconceptscheme
INFO: Marking loose concept http://www.yso.fi/onto/yso/p4217 as top concept of scheme http://www.yso.fi/onto/tero/deprecatedconceptscheme
INFO: Marking loose concept http://www.yso.fi/onto/yso/p4220 as top concept of scheme http://www.yso.fi/onto/tero/deprecatedconceptscheme
INFO: Marking loose concept http://www.yso.fi/onto/yso/p423 as top concept of scheme http://www.yso.fi/onto/tero/deprecatedconceptscheme
INFO: Marking loose concept http://www.yso.fi/onto/yso/p424 as top concept of scheme http://www.yso.fi/onto/tero/deprecatedconceptscheme
INFO: Marking loose concept http://www.yso.fi/onto/yso/p4246 as top concept of scheme http://www.yso.fi/onto/tero/deprecatedconceptscheme
INFO: Marking loose concept http://www.yso.fi/onto/yso/p4269 as top concept of scheme http://www.yso.fi/onto/tero/deprecatedconceptscheme
INFO: Marking loose concept http://www.yso.fi/onto/yso/p4308 as top concept of scheme http://www.yso.fi/onto/tero/deprecatedconceptscheme
INFO: Marking loose concept http://www.yso.fi/onto/yso/p4309 as top concept of scheme http://www.yso.fi/onto/tero/deprecatedconceptscheme
INFO: Marking loose concept http://www.yso.fi/onto/yso/p4312 as top concept of scheme http://www.yso.fi/onto/tero/deprecatedconceptscheme
INFO: Marking loose concept http://www.yso.fi/onto/yso/p4322 as top concept of scheme http://www.yso.fi/onto/tero/deprecatedconceptscheme
INFO: Marking loose concept http://www.yso.fi/onto/yso/p4338 as top concept of scheme http://www.yso.fi/onto/tero/deprecatedconceptscheme
INFO: Marking loose concept http://www.yso.fi/onto/yso/p4385 as top concept of scheme http://www.yso.fi/onto/tero/deprecatedconceptscheme
INFO: Marking loose concept http://www.yso.fi/onto/yso/p4389 as top concept of scheme http://www.yso.fi/onto/tero/deprecatedconceptscheme
INFO: Marking loose concept http://www.yso.fi/onto/yso/p4414 as top concept of scheme http://www.yso.fi/onto/tero/deprecatedconceptscheme
INFO: Marking loose concept http://www.yso.fi/onto/yso/p4425 as top concept of scheme http://www.yso.fi/onto/tero/deprecatedconceptscheme
INFO: Marking loose concept http://www.yso.fi/onto/yso/p4428 as top concept of scheme http://www.yso.fi/onto/tero/deprecatedconceptscheme
INFO: Marking loose concept http://www.yso.fi/onto/yso/p4431 as top concept of scheme http://www.yso.fi/onto/tero/deprecatedconceptscheme
INFO: Marking loose concept http://www.yso.fi/onto/yso/p4436 as top concept of scheme http://www.yso.fi/onto/tero/deprecatedconceptscheme
INFO: Marking loose concept http://www.yso.fi/onto/yso/p445 as top concept of scheme http://www.yso.fi/onto/tero/deprecatedconceptscheme
INFO: Marking loose concept http://www.yso.fi/onto/yso/p4458 as top concept of scheme http://www.yso.fi/onto/tero/deprecatedconceptscheme
INFO: Marking loose concept http://www.yso.fi/onto/yso/p4459 as top concept of scheme http://www.yso.fi/onto/tero/deprecatedconceptscheme
INFO: Marking loose concept http://www.yso.fi/onto/yso/p4467 as top concept of scheme http://www.yso.fi/onto/tero/deprecatedconceptscheme
INFO: Marking loose concept http://www.yso.fi/onto/yso/p4474 as top concept of scheme http://www.yso.fi/onto/tero/deprecatedconceptscheme
INFO: Marking loose concept http://www.yso.fi/onto/yso/p449 as top concept of scheme http://www.yso.fi/onto/tero/deprecatedconceptscheme
INFO: Marking loose concept http://www.yso.fi/onto/yso/p4497 as top concept of scheme http://www.yso.fi/onto/tero/deprecatedconceptscheme
INFO: Marking loose concept http://www.yso.fi/onto/yso/p4533 as top concept of scheme http://www.yso.fi/onto/tero/deprecatedconceptscheme
INFO: Marking loose concept http://www.yso.fi/onto/yso/p4563 as top concept of scheme http://www.yso.fi/onto/tero/deprecatedconceptscheme
INFO: Marking loose concept http://www.yso.fi/onto/yso/p4566 as top concept of scheme http://www.yso.fi/onto/tero/deprecatedconceptscheme
INFO: Marking loose concept http://www.yso.fi/onto/yso/p4573 as top concept of scheme http://www.yso.fi/onto/tero/deprecatedconceptscheme
INFO: Marking loose concept http://www.yso.fi/onto/yso/p4578 as top concept of scheme http://www.yso.fi/onto/tero/deprecatedconceptscheme
INFO: Marking loose concept http://www.yso.fi/onto/yso/p4580 as top concept of scheme http://www.yso.fi/onto/tero/deprecatedconceptscheme
INFO: Marking loose concept http://www.yso.fi/onto/yso/p4590 as top concept of scheme http://www.yso.fi/onto/tero/deprecatedconceptscheme
INFO: Marking loose concept http://www.yso.fi/onto/yso/p4596 as top concept of scheme http://www.yso.fi/onto/tero/deprecatedconceptscheme
INFO: Marking loose concept http://www.yso.fi/onto/yso/p4605 as top concept of scheme http://www.yso.fi/onto/tero/deprecatedconceptscheme
INFO: Marking loose concept http://www.yso.fi/onto/yso/p4608 as top concept of scheme http://www.yso.fi/onto/tero/deprecatedconceptscheme
INFO: Marking loose concept http://www.yso.fi/onto/yso/p464 as top concept of scheme http://www.yso.fi/onto/tero/deprecatedconceptscheme
INFO: Marking loose concept http://www.yso.fi/onto/yso/p465 as top concept of scheme http://www.yso.fi/onto/tero/deprecatedconceptscheme
INFO: Marking loose concept http://www.yso.fi/onto/yso/p4671 as top concept of scheme http://www.yso.fi/onto/tero/deprecatedconceptscheme
INFO: Marking loose concept http://www.yso.fi/onto/yso/p4681 as top concept of scheme http://www.yso.fi/onto/tero/deprecatedconceptscheme
INFO: Marking loose concept http://www.yso.fi/onto/yso/p470 as top concept of scheme http://www.yso.fi/onto/tero/deprecatedconceptscheme
INFO: Marking loose concept http://www.yso.fi/onto/yso/p4720 as top concept of scheme http://www.yso.fi/onto/tero/deprecatedconceptscheme
INFO: Marking loose concept http://www.yso.fi/onto/yso/p4721 as top concept of scheme http://www.yso.fi/onto/tero/deprecatedconceptscheme
INFO: Marking loose concept http://www.yso.fi/onto/yso/p4753 as top concept of scheme http://www.yso.fi/onto/tero/deprecatedconceptscheme
INFO: Marking loose concept http://www.yso.fi/onto/yso/p4811 as top concept of scheme http://www.yso.fi/onto/tero/deprecatedconceptscheme
INFO: Marking loose concept http://www.yso.fi/onto/yso/p4813 as top concept of scheme http://www.yso.fi/onto/tero/deprecatedconceptscheme
INFO: Marking loose concept http://www.yso.fi/onto/yso/p4830 as top concept of scheme http://www.yso.fi/onto/tero/deprecatedconceptscheme
INFO: Marking loose concept http://www.yso.fi/onto/yso/p4838 as top concept of scheme http://www.yso.fi/onto/tero/deprecatedconceptscheme
INFO: Marking loose concept http://www.yso.fi/onto/yso/p484 as top concept of scheme http://www.yso.fi/onto/tero/deprecatedconceptscheme
INFO: Marking loose concept http://www.yso.fi/onto/yso/p4850 as top concept of scheme http://www.yso.fi/onto/tero/deprecatedconceptscheme
INFO: Marking loose concept http://www.yso.fi/onto/yso/p4861 as top concept of scheme http://www.yso.fi/onto/tero/deprecatedconceptscheme
INFO: Marking loose concept http://www.yso.fi/onto/yso/p4904 as top concept of scheme http://www.yso.fi/onto/tero/deprecatedconceptscheme
INFO: Marking loose concept http://www.yso.fi/onto/yso/p497 as top concept of scheme http://www.yso.fi/onto/tero/deprecatedconceptscheme
INFO: Marking loose concept http://www.yso.fi/onto/yso/p4990 as top concept of scheme http://www.yso.fi/onto/tero/deprecatedconceptscheme
INFO: Marking loose concept http://www.yso.fi/onto/yso/p5002 as top concept of scheme http://www.yso.fi/onto/tero/deprecatedconceptscheme
INFO: Marking loose concept http://www.yso.fi/onto/yso/p5050 as top concept of scheme http://www.yso.fi/onto/tero/deprecatedconceptscheme
INFO: Marking loose concept http://www.yso.fi/onto/yso/p5073 as top concept of scheme http://www.yso.fi/onto/tero/deprecatedconceptscheme
INFO: Marking loose concept http://www.yso.fi/onto/yso/p5077 as top concept of scheme http://www.yso.fi/onto/tero/deprecatedconceptscheme
INFO: Marking loose concept http://www.yso.fi/onto/yso/p5090 as top concept of scheme http://www.yso.fi/onto/tero/deprecatedconceptscheme
INFO: Marking loose concept http://www.yso.fi/onto/yso/p5093 as top concept of scheme http://www.yso.fi/onto/tero/deprecatedconceptscheme
INFO: Marking loose concept http://www.yso.fi/onto/yso/p5119 as top concept of scheme http://www.yso.fi/onto/tero/deprecatedconceptscheme
INFO: Marking loose concept http://www.yso.fi/onto/yso/p5133 as top concept of scheme http://www.yso.fi/onto/tero/deprecatedconceptscheme
INFO: Marking loose concept http://www.yso.fi/onto/yso/p5136 as top concept of scheme http://www.yso.fi/onto/tero/deprecatedconceptscheme
INFO: Marking loose concept http://www.yso.fi/onto/yso/p5143 as top concept of scheme http://www.yso.fi/onto/tero/deprecatedconceptscheme
INFO: Marking loose concept http://www.yso.fi/onto/yso/p5162 as top concept of scheme http://www.yso.fi/onto/tero/deprecatedconceptscheme
INFO: Marking loose concept http://www.yso.fi/onto/yso/p5163 as top concept of scheme http://www.yso.fi/onto/tero/deprecatedconceptscheme
INFO: Marking loose concept http://www.yso.fi/onto/yso/p5180 as top concept of scheme http://www.yso.fi/onto/tero/deprecatedconceptscheme
INFO: Marking loose concept http://www.yso.fi/onto/yso/p5185 as top concept of scheme http://www.yso.fi/onto/tero/deprecatedconceptscheme
INFO: Marking loose concept http://www.yso.fi/onto/yso/p5193 as top concept of scheme http://www.yso.fi/onto/tero/deprecatedconceptscheme
INFO: Marking loose concept http://www.yso.fi/onto/yso/p5195 as top concept of scheme http://www.yso.fi/onto/tero/deprecatedconceptscheme
INFO: Marking loose concept http://www.yso.fi/onto/yso/p52 as top concept of scheme http://www.yso.fi/onto/tero/deprecatedconceptscheme
INFO: Marking loose concept http://www.yso.fi/onto/yso/p520 as top concept of scheme http://www.yso.fi/onto/tero/deprecatedconceptscheme
INFO: Marking loose concept http://www.yso.fi/onto/yso/p524 as top concept of scheme http://www.yso.fi/onto/tero/deprecatedconceptscheme
INFO: Marking loose concept http://www.yso.fi/onto/yso/p5242 as top concept of scheme http://www.yso.fi/onto/tero/deprecatedconceptscheme
INFO: Marking loose concept http://www.yso.fi/onto/yso/p5262 as top concept of scheme http://www.yso.fi/onto/tero/deprecatedconceptscheme
INFO: Marking loose concept http://www.yso.fi/onto/yso/p5282 as top concept of scheme http://www.yso.fi/onto/tero/deprecatedconceptscheme
INFO: Marking loose concept http://www.yso.fi/onto/yso/p5283 as top concept of scheme http://www.yso.fi/onto/tero/deprecatedconceptscheme
INFO: Marking loose concept http://www.yso.fi/onto/yso/p5308 as top concept of scheme http://www.yso.fi/onto/tero/deprecatedconceptscheme
INFO: Marking loose concept http://www.yso.fi/onto/yso/p5324 as top concept of scheme http://www.yso.fi/onto/tero/deprecatedconceptscheme
INFO: Marking loose concept http://www.yso.fi/onto/yso/p5330 as top concept of scheme http://www.yso.fi/onto/tero/deprecatedconceptscheme
INFO: Marking loose concept http://www.yso.fi/onto/yso/p5339 as top concept of scheme http://www.yso.fi/onto/tero/deprecatedconceptscheme
INFO: Marking loose concept http://www.yso.fi/onto/yso/p5341 as top concept of scheme http://www.yso.fi/onto/tero/deprecatedconceptscheme
INFO: Marking loose concept http://www.yso.fi/onto/yso/p5345 as top concept of scheme http://www.yso.fi/onto/tero/deprecatedconceptscheme
INFO: Marking loose concept http://www.yso.fi/onto/yso/p5365 as top concept of scheme http://www.yso.fi/onto/tero/deprecatedconceptscheme
INFO: Marking loose concept http://www.yso.fi/onto/yso/p5373 as top concept of scheme http://www.yso.fi/onto/tero/deprecatedconceptscheme
INFO: Marking loose concept http://www.yso.fi/onto/yso/p5382 as top concept of scheme http://www.yso.fi/onto/tero/deprecatedconceptscheme
INFO: Marking loose concept http://www.yso.fi/onto/yso/p5397 as top concept of scheme http://www.yso.fi/onto/tero/deprecatedconceptscheme
INFO: Marking loose concept http://www.yso.fi/onto/yso/p54 as top concept of scheme http://www.yso.fi/onto/tero/deprecatedconceptscheme
INFO: Marking loose concept http://www.yso.fi/onto/yso/p5403 as top concept of scheme http://www.yso.fi/onto/tero/deprecatedconceptscheme
INFO: Marking loose concept http://www.yso.fi/onto/yso/p5408 as top concept of scheme http://www.yso.fi/onto/tero/deprecatedconceptscheme
INFO: Marking loose concept http://www.yso.fi/onto/yso/p541 as top concept of scheme http://www.yso.fi/onto/tero/deprecatedconceptscheme
INFO: Marking loose concept http://www.yso.fi/onto/yso/p5416 as top concept of scheme http://www.yso.fi/onto/tero/deprecatedconceptscheme
INFO: Marking loose concept http://www.yso.fi/onto/yso/p5427 as top concept of scheme http://www.yso.fi/onto/tero/deprecatedconceptscheme
INFO: Marking loose concept http://www.yso.fi/onto/yso/p5428 as top concept of scheme http://www.yso.fi/onto/tero/deprecatedconceptscheme
INFO: Marking loose concept http://www.yso.fi/onto/yso/p5432 as top concept of scheme http://www.yso.fi/onto/tero/deprecatedconceptscheme
INFO: Marking loose concept http://www.yso.fi/onto/yso/p5440 as top concept of scheme http://www.yso.fi/onto/tero/deprecatedconceptscheme
INFO: Marking loose concept http://www.yso.fi/onto/yso/p5442 as top concept of scheme http://www.yso.fi/onto/tero/deprecatedconceptscheme
INFO: Marking loose concept http://www.yso.fi/onto/yso/p545 as top concept of scheme http://www.yso.fi/onto/tero/deprecatedconceptscheme
INFO: Marking loose concept http://www.yso.fi/onto/yso/p5466 as top concept of scheme http://www.yso.fi/onto/tero/deprecatedconceptscheme
INFO: Marking loose concept http://www.yso.fi/onto/yso/p5474 as top concept of scheme http://www.yso.fi/onto/tero/deprecatedconceptscheme
INFO: Marking loose concept http://www.yso.fi/onto/yso/p5494 as top concept of scheme http://www.yso.fi/onto/tero/deprecatedconceptscheme
INFO: Marking loose concept http://www.yso.fi/onto/yso/p5516 as top concept of scheme http://www.yso.fi/onto/tero/deprecatedconceptscheme
INFO: Marking loose concept http://www.yso.fi/onto/yso/p5524 as top concept of scheme http://www.yso.fi/onto/tero/deprecatedconceptscheme
INFO: Marking loose concept http://www.yso.fi/onto/yso/p5532 as top concept of scheme http://www.yso.fi/onto/tero/deprecatedconceptscheme
INFO: Marking loose concept http://www.yso.fi/onto/yso/p5537 as top concept of scheme http://www.yso.fi/onto/tero/deprecatedconceptscheme
INFO: Marking loose concept http://www.yso.fi/onto/yso/p5545 as top concept of scheme http://www.yso.fi/onto/tero/deprecatedconceptscheme
INFO: Marking loose concept http://www.yso.fi/onto/yso/p5559 as top concept of scheme http://www.yso.fi/onto/tero/deprecatedconceptscheme
INFO: Marking loose concept http://www.yso.fi/onto/yso/p5565 as top concept of scheme http://www.yso.fi/onto/tero/deprecatedconceptscheme
INFO: Marking loose concept http://www.yso.fi/onto/yso/p5596 as top concept of scheme http://www.yso.fi/onto/tero/deprecatedconceptscheme
INFO: Marking loose concept http://www.yso.fi/onto/yso/p5637 as top concept of scheme http://www.yso.fi/onto/tero/deprecatedconceptscheme
INFO: Marking loose concept http://www.yso.fi/onto/yso/p5661 as top concept of scheme http://www.yso.fi/onto/tero/deprecatedconceptscheme
INFO: Marking loose concept http://www.yso.fi/onto/yso/p5665 as top concept of scheme http://www.yso.fi/onto/tero/deprecatedconceptscheme
INFO: Marking loose concept http://www.yso.fi/onto/yso/p5669 as top concept of scheme http://www.yso.fi/onto/tero/deprecatedconceptscheme
INFO: Marking loose concept http://www.yso.fi/onto/yso/p5680 as top concept of scheme http://www.yso.fi/onto/tero/deprecatedconceptscheme
INFO: Marking loose concept http://www.yso.fi/onto/yso/p5685 as top concept of scheme http://www.yso.fi/onto/tero/deprecatedconceptscheme
INFO: Marking loose concept http://www.yso.fi/onto/yso/p5693 as top concept of scheme http://www.yso.fi/onto/tero/deprecatedconceptscheme
INFO: Marking loose concept http://www.yso.fi/onto/yso/p5718 as top concept of scheme http://www.yso.fi/onto/tero/deprecatedconceptscheme
INFO: Marking loose concept http://www.yso.fi/onto/yso/p5802 as top concept of scheme http://www.yso.fi/onto/tero/deprecatedconceptscheme
INFO: Marking loose concept http://www.yso.fi/onto/yso/p5818 as top concept of scheme http://www.yso.fi/onto/tero/deprecatedconceptscheme
INFO: Marking loose concept http://www.yso.fi/onto/yso/p5820 as top concept of scheme http://www.yso.fi/onto/tero/deprecatedconceptscheme
INFO: Marking loose concept http://www.yso.fi/onto/yso/p5829 as top concept of scheme http://www.yso.fi/onto/tero/deprecatedconceptscheme
INFO: Marking loose concept http://www.yso.fi/onto/yso/p5833 as top concept of scheme http://www.yso.fi/onto/tero/deprecatedconceptscheme
INFO: Marking loose concept http://www.yso.fi/onto/yso/p5842 as top concept of scheme http://www.yso.fi/onto/tero/deprecatedconceptscheme
INFO: Marking loose concept http://www.yso.fi/onto/yso/p5843 as top concept of scheme http://www.yso.fi/onto/tero/deprecatedconceptscheme
INFO: Marking loose concept http://www.yso.fi/onto/yso/p5851 as top concept of scheme http://www.yso.fi/onto/tero/deprecatedconceptscheme
INFO: Marking loose concept http://www.yso.fi/onto/yso/p5875 as top concept of scheme http://www.yso.fi/onto/tero/deprecatedconceptscheme
INFO: Marking loose concept http://www.yso.fi/onto/yso/p5906 as top concept of scheme http://www.yso.fi/onto/tero/deprecatedconceptscheme
INFO: Marking loose concept http://www.yso.fi/onto/yso/p5956 as top concept of scheme http://www.yso.fi/onto/tero/deprecatedconceptscheme
INFO: Marking loose concept http://www.yso.fi/onto/yso/p596 as top concept of scheme http://www.yso.fi/onto/tero/deprecatedconceptscheme
INFO: Marking loose concept http://www.yso.fi/onto/yso/p60 as top concept of scheme http://www.yso.fi/onto/tero/deprecatedconceptscheme
INFO: Marking loose concept http://www.yso.fi/onto/yso/p6012 as top concept of scheme http://www.yso.fi/onto/tero/deprecatedconceptscheme
INFO: Marking loose concept http://www.yso.fi/onto/yso/p6024 as top concept of scheme http://www.yso.fi/onto/tero/deprecatedconceptscheme
INFO: Marking loose concept http://www.yso.fi/onto/yso/p603 as top concept of scheme http://www.yso.fi/onto/tero/deprecatedconceptscheme
INFO: Marking loose concept http://www.yso.fi/onto/yso/p6051 as top concept of scheme http://www.yso.fi/onto/tero/deprecatedconceptscheme
INFO: Marking loose concept http://www.yso.fi/onto/yso/p6053 as top concept of scheme http://www.yso.fi/onto/tero/deprecatedconceptscheme
INFO: Marking loose concept http://www.yso.fi/onto/yso/p6084 as top concept of scheme http://www.yso.fi/onto/tero/deprecatedconceptscheme
INFO: Marking loose concept http://www.yso.fi/onto/yso/p613 as top concept of scheme http://www.yso.fi/onto/tero/deprecatedconceptscheme
INFO: Marking loose concept http://www.yso.fi/onto/yso/p6136 as top concept of scheme http://www.yso.fi/onto/tero/deprecatedconceptscheme
INFO: Marking loose concept http://www.yso.fi/onto/yso/p614 as top concept of scheme http://www.yso.fi/onto/tero/deprecatedconceptscheme
INFO: Marking loose concept http://www.yso.fi/onto/yso/p6143 as top concept of scheme http://www.yso.fi/onto/tero/deprecatedconceptscheme
INFO: Marking loose concept http://www.yso.fi/onto/yso/p6155 as top concept of scheme http://www.yso.fi/onto/tero/deprecatedconceptscheme
INFO: Marking loose concept http://www.yso.fi/onto/yso/p6208 as top concept of scheme http://www.yso.fi/onto/tero/deprecatedconceptscheme
INFO: Marking loose concept http://www.yso.fi/onto/yso/p621 as top concept of scheme http://www.yso.fi/onto/tero/deprecatedconceptscheme
INFO: Marking loose concept http://www.yso.fi/onto/yso/p6216 as top concept of scheme http://www.yso.fi/onto/tero/deprecatedconceptscheme
INFO: Marking loose concept http://www.yso.fi/onto/yso/p6242 as top concept of scheme http://www.yso.fi/onto/tero/deprecatedconceptscheme
INFO: Marking loose concept http://www.yso.fi/onto/yso/p6320 as top concept of scheme http://www.yso.fi/onto/tero/deprecatedconceptscheme
INFO: Marking loose concept http://www.yso.fi/onto/yso/p6327 as top concept of scheme http://www.yso.fi/onto/tero/deprecatedconceptscheme
INFO: Marking loose concept http://www.yso.fi/onto/yso/p6342 as top concept of scheme http://www.yso.fi/onto/tero/deprecatedconceptscheme
INFO: Marking loose concept http://www.yso.fi/onto/yso/p6347 as top concept of scheme http://www.yso.fi/onto/tero/deprecatedconceptscheme
INFO: Marking loose concept http://www.yso.fi/onto/yso/p6368 as top concept of scheme http://www.yso.fi/onto/tero/deprecatedconceptscheme
INFO: Marking loose concept http://www.yso.fi/onto/yso/p637 as top concept of scheme http://www.yso.fi/onto/tero/deprecatedconceptscheme
INFO: Marking loose concept http://www.yso.fi/onto/yso/p6370 as top concept of scheme http://www.yso.fi/onto/tero/deprecatedconceptscheme
INFO: Marking loose concept http://www.yso.fi/onto/yso/p6397 as top concept of scheme http://www.yso.fi/onto/tero/deprecatedconceptscheme
INFO: Marking loose concept http://www.yso.fi/onto/yso/p6403 as top concept of scheme http://www.yso.fi/onto/tero/deprecatedconceptscheme
INFO: Marking loose concept http://www.yso.fi/onto/yso/p641 as top concept of scheme http://www.yso.fi/onto/tero/deprecatedconceptscheme
INFO: Marking loose concept http://www.yso.fi/onto/yso/p6415 as top concept of scheme http://www.yso.fi/onto/tero/deprecatedconceptscheme
INFO: Marking loose concept http://www.yso.fi/onto/yso/p6420 as top concept of scheme http://www.yso.fi/onto/tero/deprecatedconceptscheme
INFO: Marking loose concept http://www.yso.fi/onto/yso/p6429 as top concept of scheme http://www.yso.fi/onto/tero/deprecatedconceptscheme
INFO: Marking loose concept http://www.yso.fi/onto/yso/p6434 as top concept of scheme http://www.yso.fi/onto/tero/deprecatedconceptscheme
INFO: Marking loose concept http://www.yso.fi/onto/yso/p6437 as top concept of scheme http://www.yso.fi/onto/tero/deprecatedconceptscheme
INFO: Marking loose concept http://www.yso.fi/onto/yso/p6465 as top concept of scheme http://www.yso.fi/onto/tero/deprecatedconceptscheme
INFO: Marking loose concept http://www.yso.fi/onto/yso/p6466 as top concept of scheme http://www.yso.fi/onto/tero/deprecatedconceptscheme
INFO: Marking loose concept http://www.yso.fi/onto/yso/p648 as top concept of scheme http://www.yso.fi/onto/tero/deprecatedconceptscheme
INFO: Marking loose concept http://www.yso.fi/onto/yso/p649 as top concept of scheme http://www.yso.fi/onto/tero/deprecatedconceptscheme
INFO: Marking loose concept http://www.yso.fi/onto/yso/p6495 as top concept of scheme http://www.yso.fi/onto/tero/deprecatedconceptscheme
INFO: Marking loose concept http://www.yso.fi/onto/yso/p6496 as top concept of scheme http://www.yso.fi/onto/tero/deprecatedconceptscheme
INFO: Marking loose concept http://www.yso.fi/onto/yso/p6519 as top concept of scheme http://www.yso.fi/onto/tero/deprecatedconceptscheme
INFO: Marking loose concept http://www.yso.fi/onto/yso/p652 as top concept of scheme http://www.yso.fi/onto/tero/deprecatedconceptscheme
INFO: Marking loose concept http://www.yso.fi/onto/yso/p653 as top concept of scheme http://www.yso.fi/onto/tero/deprecatedconceptscheme
INFO: Marking loose concept http://www.yso.fi/onto/yso/p6531 as top concept of scheme http://www.yso.fi/onto/tero/deprecatedconceptscheme
INFO: Marking loose concept http://www.yso.fi/onto/yso/p6535 as top concept of scheme http://www.yso.fi/onto/tero/deprecatedconceptscheme
INFO: Marking loose concept http://www.yso.fi/onto/yso/p6544 as top concept of scheme http://www.yso.fi/onto/tero/deprecatedconceptscheme
INFO: Marking loose concept http://www.yso.fi/onto/yso/p656 as top concept of scheme http://www.yso.fi/onto/tero/deprecatedconceptscheme
INFO: Marking loose concept http://www.yso.fi/onto/yso/p6561 as top concept of scheme http://www.yso.fi/onto/tero/deprecatedconceptscheme
INFO: Marking loose concept http://www.yso.fi/onto/yso/p6567 as top concept of scheme http://www.yso.fi/onto/tero/deprecatedconceptscheme
INFO: Marking loose concept http://www.yso.fi/onto/yso/p6573 as top concept of scheme http://www.yso.fi/onto/tero/deprecatedconceptscheme
INFO: Marking loose concept http://www.yso.fi/onto/yso/p6574 as top concept of scheme http://www.yso.fi/onto/tero/deprecatedconceptscheme
INFO: Marking loose concept http://www.yso.fi/onto/yso/p6590 as top concept of scheme http://www.yso.fi/onto/tero/deprecatedconceptscheme
INFO: Marking loose concept http://www.yso.fi/onto/yso/p6615 as top concept of scheme http://www.yso.fi/onto/tero/deprecatedconceptscheme
INFO: Marking loose concept http://www.yso.fi/onto/yso/p6637 as top concept of scheme http://www.yso.fi/onto/tero/deprecatedconceptscheme
INFO: Marking loose concept http://www.yso.fi/onto/yso/p6650 as top concept of scheme http://www.yso.fi/onto/tero/deprecatedconceptscheme
INFO: Marking loose concept http://www.yso.fi/onto/yso/p669 as top concept of scheme http://www.yso.fi/onto/tero/deprecatedconceptscheme
INFO: Marking loose concept http://www.yso.fi/onto/yso/p673 as top concept of scheme http://www.yso.fi/onto/tero/deprecatedconceptscheme
INFO: Marking loose concept http://www.yso.fi/onto/yso/p6756 as top concept of scheme http://www.yso.fi/onto/tero/deprecatedconceptscheme
INFO: Marking loose concept http://www.yso.fi/onto/yso/p6764 as top concept of scheme http://www.yso.fi/onto/tero/deprecatedconceptscheme
INFO: Marking loose concept http://www.yso.fi/onto/yso/p6773 as top concept of scheme http://www.yso.fi/onto/tero/deprecatedconceptscheme
INFO: Marking loose concept http://www.yso.fi/onto/yso/p6774 as top concept of scheme http://www.yso.fi/onto/tero/deprecatedconceptscheme
INFO: Marking loose concept http://www.yso.fi/onto/yso/p6782 as top concept of scheme http://www.yso.fi/onto/tero/deprecatedconceptscheme
INFO: Marking loose concept http://www.yso.fi/onto/yso/p6831 as top concept of scheme http://www.yso.fi/onto/tero/deprecatedconceptscheme
INFO: Marking loose concept http://www.yso.fi/onto/yso/p6843 as top concept of scheme http://www.yso.fi/onto/tero/deprecatedconceptscheme
INFO: Marking loose concept http://www.yso.fi/onto/yso/p6853 as top concept of scheme http://www.yso.fi/onto/tero/deprecatedconceptscheme
INFO: Marking loose concept http://www.yso.fi/onto/yso/p6863 as top concept of scheme http://www.yso.fi/onto/tero/deprecatedconceptscheme
INFO: Marking loose concept http://www.yso.fi/onto/yso/p6881 as top concept of scheme http://www.yso.fi/onto/tero/deprecatedconceptscheme
INFO: Marking loose concept http://www.yso.fi/onto/yso/p6883 as top concept of scheme http://www.yso.fi/onto/tero/deprecatedconceptscheme
INFO: Marking loose concept http://www.yso.fi/onto/yso/p689 as top concept of scheme http://www.yso.fi/onto/tero/deprecatedconceptscheme
INFO: Marking loose concept http://www.yso.fi/onto/yso/p6912 as top concept of scheme http://www.yso.fi/onto/tero/deprecatedconceptscheme
INFO: Marking loose concept http://www.yso.fi/onto/yso/p6918 as top concept of scheme http://www.yso.fi/onto/tero/deprecatedconceptscheme
INFO: Marking loose concept http://www.yso.fi/onto/yso/p6954 as top concept of scheme http://www.yso.fi/onto/tero/deprecatedconceptscheme
INFO: Marking loose concept http://www.yso.fi/onto/yso/p6995 as top concept of scheme http://www.yso.fi/onto/tero/deprecatedconceptscheme
INFO: Marking loose concept http://www.yso.fi/onto/yso/p7018 as top concept of scheme http://www.yso.fi/onto/tero/deprecatedconceptscheme
INFO: Marking loose concept http://www.yso.fi/onto/yso/p7022 as top concept of scheme http://www.yso.fi/onto/tero/deprecatedconceptscheme
INFO: Marking loose concept http://www.yso.fi/onto/yso/p703 as top concept of scheme http://www.yso.fi/onto/tero/deprecatedconceptscheme
INFO: Marking loose concept http://www.yso.fi/onto/yso/p7030 as top concept of scheme http://www.yso.fi/onto/tero/deprecatedconceptscheme
INFO: Marking loose concept http://www.yso.fi/onto/yso/p7031 as top concept of scheme http://www.yso.fi/onto/tero/deprecatedconceptscheme
INFO: Marking loose concept http://www.yso.fi/onto/yso/p7036 as top concept of scheme http://www.yso.fi/onto/tero/deprecatedconceptscheme
INFO: Marking loose concept http://www.yso.fi/onto/yso/p7038 as top concept of scheme http://www.yso.fi/onto/tero/deprecatedconceptscheme
INFO: Marking loose concept http://www.yso.fi/onto/yso/p707 as top concept of scheme http://www.yso.fi/onto/tero/deprecatedconceptscheme
INFO: Marking loose concept http://www.yso.fi/onto/yso/p7168 as top concept of scheme http://www.yso.fi/onto/tero/deprecatedconceptscheme
INFO: Marking loose concept http://www.yso.fi/onto/yso/p7176 as top concept of scheme http://www.yso.fi/onto/tero/deprecatedconceptscheme
INFO: Marking loose concept http://www.yso.fi/onto/yso/p7203 as top concept of scheme http://www.yso.fi/onto/tero/deprecatedconceptscheme
INFO: Marking loose concept http://www.yso.fi/onto/yso/p721 as top concept of scheme http://www.yso.fi/onto/tero/deprecatedconceptscheme
INFO: Marking loose concept http://www.yso.fi/onto/yso/p7212 as top concept of scheme http://www.yso.fi/onto/tero/deprecatedconceptscheme
INFO: Marking loose concept http://www.yso.fi/onto/yso/p7222 as top concept of scheme http://www.yso.fi/onto/tero/deprecatedconceptscheme
INFO: Marking loose concept http://www.yso.fi/onto/yso/p7227 as top concept of scheme http://www.yso.fi/onto/tero/deprecatedconceptscheme
INFO: Marking loose concept http://www.yso.fi/onto/yso/p7246 as top concept of scheme http://www.yso.fi/onto/tero/deprecatedconceptscheme
INFO: Marking loose concept http://www.yso.fi/onto/yso/p7251 as top concept of scheme http://www.yso.fi/onto/tero/deprecatedconceptscheme
INFO: Marking loose concept http://www.yso.fi/onto/yso/p7262 as top concept of scheme http://www.yso.fi/onto/tero/deprecatedconceptscheme
INFO: Marking loose concept http://www.yso.fi/onto/yso/p7266 as top concept of scheme http://www.yso.fi/onto/tero/deprecatedconceptscheme
INFO: Marking loose concept http://www.yso.fi/onto/yso/p7284 as top concept of scheme http://www.yso.fi/onto/tero/deprecatedconceptscheme
INFO: Marking loose concept http://www.yso.fi/onto/yso/p7305 as top concept of scheme http://www.yso.fi/onto/tero/deprecatedconceptscheme
INFO: Marking loose concept http://www.yso.fi/onto/yso/p7317 as top concept of scheme http://www.yso.fi/onto/tero/deprecatedconceptscheme
INFO: Marking loose concept http://www.yso.fi/onto/yso/p7329 as top concept of scheme http://www.yso.fi/onto/tero/deprecatedconceptscheme
INFO: Marking loose concept http://www.yso.fi/onto/yso/p733 as top concept of scheme http://www.yso.fi/onto/tero/deprecatedconceptscheme
INFO: Marking loose concept http://www.yso.fi/onto/yso/p7341 as top concept of scheme http://www.yso.fi/onto/tero/deprecatedconceptscheme
INFO: Marking loose concept http://www.yso.fi/onto/yso/p7353 as top concept of scheme http://www.yso.fi/onto/tero/deprecatedconceptscheme
INFO: Marking loose concept http://www.yso.fi/onto/yso/p7355 as top concept of scheme http://www.yso.fi/onto/tero/deprecatedconceptscheme
INFO: Marking loose concept http://www.yso.fi/onto/yso/p7361 as top concept of scheme http://www.yso.fi/onto/tero/deprecatedconceptscheme
INFO: Marking loose concept http://www.yso.fi/onto/yso/p7364 as top concept of scheme http://www.yso.fi/onto/tero/deprecatedconceptscheme
INFO: Marking loose concept http://www.yso.fi/onto/yso/p7365 as top concept of scheme http://www.yso.fi/onto/tero/deprecatedconceptscheme
INFO: Marking loose concept http://www.yso.fi/onto/yso/p7374 as top concept of scheme http://www.yso.fi/onto/tero/deprecatedconceptscheme
INFO: Marking loose concept http://www.yso.fi/onto/yso/p7386 as top concept of scheme http://www.yso.fi/onto/tero/deprecatedconceptscheme
INFO: Marking loose concept http://www.yso.fi/onto/yso/p7387 as top concept of scheme http://www.yso.fi/onto/tero/deprecatedconceptscheme
INFO: Marking loose concept http://www.yso.fi/onto/yso/p7388 as top concept of scheme http://www.yso.fi/onto/tero/deprecatedconceptscheme
INFO: Marking loose concept http://www.yso.fi/onto/yso/p7392 as top concept of scheme http://www.yso.fi/onto/tero/deprecatedconceptscheme
INFO: Marking loose concept http://www.yso.fi/onto/yso/p7402 as top concept of scheme http://www.yso.fi/onto/tero/deprecatedconceptscheme
INFO: Marking loose concept http://www.yso.fi/onto/yso/p7411 as top concept of scheme http://www.yso.fi/onto/tero/deprecatedconceptscheme
INFO: Marking loose concept http://www.yso.fi/onto/yso/p7412 as top concept of scheme http://www.yso.fi/onto/tero/deprecatedconceptscheme
INFO: Marking loose concept http://www.yso.fi/onto/yso/p7414 as top concept of scheme http://www.yso.fi/onto/tero/deprecatedconceptscheme
INFO: Marking loose concept http://www.yso.fi/onto/yso/p7471 as top concept of scheme http://www.yso.fi/onto/tero/deprecatedconceptscheme
INFO: Marking loose concept http://www.yso.fi/onto/yso/p748 as top concept of scheme http://www.yso.fi/onto/tero/deprecatedconceptscheme
INFO: Marking loose concept http://www.yso.fi/onto/yso/p7484 as top concept of scheme http://www.yso.fi/onto/tero/deprecatedconceptscheme
INFO: Marking loose concept http://www.yso.fi/onto/yso/p749 as top concept of scheme http://www.yso.fi/onto/tero/deprecatedconceptscheme
INFO: Marking loose concept http://www.yso.fi/onto/yso/p7538 as top concept of scheme http://www.yso.fi/onto/tero/deprecatedconceptscheme
INFO: Marking loose concept http://www.yso.fi/onto/yso/p7539 as top concept of scheme http://www.yso.fi/onto/tero/deprecatedconceptscheme
INFO: Marking loose concept http://www.yso.fi/onto/yso/p7592 as top concept of scheme http://www.yso.fi/onto/tero/deprecatedconceptscheme
INFO: Marking loose concept http://www.yso.fi/onto/yso/p7601 as top concept of scheme http://www.yso.fi/onto/tero/deprecatedconceptscheme
INFO: Marking loose concept http://www.yso.fi/onto/yso/p7604 as top concept of scheme http://www.yso.fi/onto/tero/deprecatedconceptscheme
INFO: Marking loose concept http://www.yso.fi/onto/yso/p7635 as top concept of scheme http://www.yso.fi/onto/tero/deprecatedconceptscheme
INFO: Marking loose concept http://www.yso.fi/onto/yso/p7638 as top concept of scheme http://www.yso.fi/onto/tero/deprecatedconceptscheme
INFO: Marking loose concept http://www.yso.fi/onto/yso/p7639 as top concept of scheme http://www.yso.fi/onto/tero/deprecatedconceptscheme
INFO: Marking loose concept http://www.yso.fi/onto/yso/p7651 as top concept of scheme http://www.yso.fi/onto/tero/deprecatedconceptscheme
INFO: Marking loose concept http://www.yso.fi/onto/yso/p7658 as top concept of scheme http://www.yso.fi/onto/tero/deprecatedconceptscheme
INFO: Marking loose concept http://www.yso.fi/onto/yso/p766 as top concept of scheme http://www.yso.fi/onto/tero/deprecatedconceptscheme
INFO: Marking loose concept http://www.yso.fi/onto/yso/p7669 as top concept of scheme http://www.yso.fi/onto/tero/deprecatedconceptscheme
INFO: Marking loose concept http://www.yso.fi/onto/yso/p7679 as top concept of scheme http://www.yso.fi/onto/tero/deprecatedconceptscheme
INFO: Marking loose concept http://www.yso.fi/onto/yso/p7681 as top concept of scheme http://www.yso.fi/onto/tero/deprecatedconceptscheme
INFO: Marking loose concept http://www.yso.fi/onto/yso/p7698 as top concept of scheme http://www.yso.fi/onto/tero/deprecatedconceptscheme
INFO: Marking loose concept http://www.yso.fi/onto/yso/p772 as top concept of scheme http://www.yso.fi/onto/tero/deprecatedconceptscheme
INFO: Marking loose concept http://www.yso.fi/onto/yso/p7728 as top concept of scheme http://www.yso.fi/onto/tero/deprecatedconceptscheme
INFO: Marking loose concept http://www.yso.fi/onto/yso/p773 as top concept of scheme http://www.yso.fi/onto/tero/deprecatedconceptscheme
INFO: Marking loose concept http://www.yso.fi/onto/yso/p7732 as top concept of scheme http://www.yso.fi/onto/tero/deprecatedconceptscheme
INFO: Marking loose concept http://www.yso.fi/onto/yso/p774 as top concept of scheme http://www.yso.fi/onto/tero/deprecatedconceptscheme
INFO: Marking loose concept http://www.yso.fi/onto/yso/p7762 as top concept of scheme http://www.yso.fi/onto/tero/deprecatedconceptscheme
INFO: Marking loose concept http://www.yso.fi/onto/yso/p7783 as top concept of scheme http://www.yso.fi/onto/tero/deprecatedconceptscheme
INFO: Marking loose concept http://www.yso.fi/onto/yso/p7790 as top concept of scheme http://www.yso.fi/onto/tero/deprecatedconceptscheme
INFO: Marking loose concept http://www.yso.fi/onto/yso/p7796 as top concept of scheme http://www.yso.fi/onto/tero/deprecatedconceptscheme
INFO: Marking loose concept http://www.yso.fi/onto/yso/p7803 as top concept of scheme http://www.yso.fi/onto/tero/deprecatedconceptscheme
INFO: Marking loose concept http://www.yso.fi/onto/yso/p781 as top concept of scheme http://www.yso.fi/onto/tero/deprecatedconceptscheme
INFO: Marking loose concept http://www.yso.fi/onto/yso/p7812 as top concept of scheme http://www.yso.fi/onto/tero/deprecatedconceptscheme
INFO: Marking loose concept http://www.yso.fi/onto/yso/p7840 as top concept of scheme http://www.yso.fi/onto/tero/deprecatedconceptscheme
INFO: Marking loose concept http://www.yso.fi/onto/yso/p7844 as top concept of scheme http://www.yso.fi/onto/tero/deprecatedconceptscheme
INFO: Marking loose concept http://www.yso.fi/onto/yso/p7850 as top concept of scheme http://www.yso.fi/onto/tero/deprecatedconceptscheme
INFO: Marking loose concept http://www.yso.fi/onto/yso/p7851 as top concept of scheme http://www.yso.fi/onto/tero/deprecatedconceptscheme
INFO: Marking loose concept http://www.yso.fi/onto/yso/p7864 as top concept of scheme http://www.yso.fi/onto/tero/deprecatedconceptscheme
INFO: Marking loose concept http://www.yso.fi/onto/yso/p7867 as top concept of scheme http://www.yso.fi/onto/tero/deprecatedconceptscheme
INFO: Marking loose concept http://www.yso.fi/onto/yso/p7869 as top concept of scheme http://www.yso.fi/onto/tero/deprecatedconceptscheme
INFO: Marking loose concept http://www.yso.fi/onto/yso/p7876 as top concept of scheme http://www.yso.fi/onto/tero/deprecatedconceptscheme
INFO: Marking loose concept http://www.yso.fi/onto/yso/p7898 as top concept of scheme http://www.yso.fi/onto/tero/deprecatedconceptscheme
INFO: Marking loose concept http://www.yso.fi/onto/yso/p7901 as top concept of scheme http://www.yso.fi/onto/tero/deprecatedconceptscheme
INFO: Marking loose concept http://www.yso.fi/onto/yso/p7907 as top concept of scheme http://www.yso.fi/onto/tero/deprecatedconceptscheme
INFO: Marking loose concept http://www.yso.fi/onto/yso/p7976 as top concept of scheme http://www.yso.fi/onto/tero/deprecatedconceptscheme
INFO: Marking loose concept http://www.yso.fi/onto/yso/p7991 as top concept of scheme http://www.yso.fi/onto/tero/deprecatedconceptscheme
INFO: Marking loose concept http://www.yso.fi/onto/yso/p8009 as top concept of scheme http://www.yso.fi/onto/tero/deprecatedconceptscheme
INFO: Marking loose concept http://www.yso.fi/onto/yso/p8010 as top concept of scheme http://www.yso.fi/onto/tero/deprecatedconceptscheme
INFO: Marking loose concept http://www.yso.fi/onto/yso/p8019 as top concept of scheme http://www.yso.fi/onto/tero/deprecatedconceptscheme
INFO: Marking loose concept http://www.yso.fi/onto/yso/p8040 as top concept of scheme http://www.yso.fi/onto/tero/deprecatedconceptscheme
INFO: Marking loose concept http://www.yso.fi/onto/yso/p8048 as top concept of scheme http://www.yso.fi/onto/tero/deprecatedconceptscheme
INFO: Marking loose concept http://www.yso.fi/onto/yso/p8049 as top concept of scheme http://www.yso.fi/onto/tero/deprecatedconceptscheme
INFO: Marking loose concept http://www.yso.fi/onto/yso/p8058 as top concept of scheme http://www.yso.fi/onto/tero/deprecatedconceptscheme
INFO: Marking loose concept http://www.yso.fi/onto/yso/p8115 as top concept of scheme http://www.yso.fi/onto/tero/deprecatedconceptscheme
INFO: Marking loose concept http://www.yso.fi/onto/yso/p8140 as top concept of scheme http://www.yso.fi/onto/tero/deprecatedconceptscheme
INFO: Marking loose concept http://www.yso.fi/onto/yso/p8162 as top concept of scheme http://www.yso.fi/onto/tero/deprecatedconceptscheme
INFO: Marking loose concept http://www.yso.fi/onto/yso/p821 as top concept of scheme http://www.yso.fi/onto/tero/deprecatedconceptscheme
INFO: Marking loose concept http://www.yso.fi/onto/yso/p8217 as top concept of scheme http://www.yso.fi/onto/tero/deprecatedconceptscheme
INFO: Marking loose concept http://www.yso.fi/onto/yso/p8236 as top concept of scheme http://www.yso.fi/onto/tero/deprecatedconceptscheme
INFO: Marking loose concept http://www.yso.fi/onto/yso/p8242 as top concept of scheme http://www.yso.fi/onto/tero/deprecatedconceptscheme
INFO: Marking loose concept http://www.yso.fi/onto/yso/p8284 as top concept of scheme http://www.yso.fi/onto/tero/deprecatedconceptscheme
INFO: Marking loose concept http://www.yso.fi/onto/yso/p8308 as top concept of scheme http://www.yso.fi/onto/tero/deprecatedconceptscheme
INFO: Marking loose concept http://www.yso.fi/onto/yso/p8334 as top concept of scheme http://www.yso.fi/onto/tero/deprecatedconceptscheme
INFO: Marking loose concept http://www.yso.fi/onto/yso/p8335 as top concept of scheme http://www.yso.fi/onto/tero/deprecatedconceptscheme
INFO: Marking loose concept http://www.yso.fi/onto/yso/p8367 as top concept of scheme http://www.yso.fi/onto/tero/deprecatedconceptscheme
INFO: Marking loose concept http://www.yso.fi/onto/yso/p8375 as top concept of scheme http://www.yso.fi/onto/tero/deprecatedconceptscheme
INFO: Marking loose concept http://www.yso.fi/onto/yso/p8382 as top concept of scheme http://www.yso.fi/onto/tero/deprecatedconceptscheme
INFO: Marking loose concept http://www.yso.fi/onto/yso/p8406 as top concept of scheme http://www.yso.fi/onto/tero/deprecatedconceptscheme
INFO: Marking loose concept http://www.yso.fi/onto/yso/p841 as top concept of scheme http://www.yso.fi/onto/tero/deprecatedconceptscheme
INFO: Marking loose concept http://www.yso.fi/onto/yso/p8451 as top concept of scheme http://www.yso.fi/onto/tero/deprecatedconceptscheme
INFO: Marking loose concept http://www.yso.fi/onto/yso/p8469 as top concept of scheme http://www.yso.fi/onto/tero/deprecatedconceptscheme
INFO: Marking loose concept http://www.yso.fi/onto/yso/p8477 as top concept of scheme http://www.yso.fi/onto/tero/deprecatedconceptscheme
INFO: Marking loose concept http://www.yso.fi/onto/yso/p8485 as top concept of scheme http://www.yso.fi/onto/tero/deprecatedconceptscheme
INFO: Marking loose concept http://www.yso.fi/onto/yso/p8487 as top concept of scheme http://www.yso.fi/onto/tero/deprecatedconceptscheme
INFO: Marking loose concept http://www.yso.fi/onto/yso/p8495 as top concept of scheme http://www.yso.fi/onto/tero/deprecatedconceptscheme
INFO: Marking loose concept http://www.yso.fi/onto/yso/p8498 as top concept of scheme http://www.yso.fi/onto/tero/deprecatedconceptscheme
INFO: Marking loose concept http://www.yso.fi/onto/yso/p8547 as top concept of scheme http://www.yso.fi/onto/tero/deprecatedconceptscheme
INFO: Marking loose concept http://www.yso.fi/onto/yso/p858 as top concept of scheme http://www.yso.fi/onto/tero/deprecatedconceptscheme
INFO: Marking loose concept http://www.yso.fi/onto/yso/p8595 as top concept of scheme http://www.yso.fi/onto/tero/deprecatedconceptscheme
INFO: Marking loose concept http://www.yso.fi/onto/yso/p8601 as top concept of scheme http://www.yso.fi/onto/tero/deprecatedconceptscheme
INFO: Marking loose concept http://www.yso.fi/onto/yso/p8615 as top concept of scheme http://www.yso.fi/onto/tero/deprecatedconceptscheme
INFO: Marking loose concept http://www.yso.fi/onto/yso/p8620 as top concept of scheme http://www.yso.fi/onto/tero/deprecatedconceptscheme
INFO: Marking loose concept http://www.yso.fi/onto/yso/p8637 as top concept of scheme http://www.yso.fi/onto/tero/deprecatedconceptscheme
INFO: Marking loose concept http://www.yso.fi/onto/yso/p8641 as top concept of scheme http://www.yso.fi/onto/tero/deprecatedconceptscheme
INFO: Marking loose concept http://www.yso.fi/onto/yso/p8644 as top concept of scheme http://www.yso.fi/onto/tero/deprecatedconceptscheme
INFO: Marking loose concept http://www.yso.fi/onto/yso/p8662 as top concept of scheme http://www.yso.fi/onto/tero/deprecatedconceptscheme
INFO: Marking loose concept http://www.yso.fi/onto/yso/p8690 as top concept of scheme http://www.yso.fi/onto/tero/deprecatedconceptscheme
INFO: Marking loose concept http://www.yso.fi/onto/yso/p8703 as top concept of scheme http://www.yso.fi/onto/tero/deprecatedconceptscheme
INFO: Marking loose concept http://www.yso.fi/onto/yso/p871 as top concept of scheme http://www.yso.fi/onto/tero/deprecatedconceptscheme
INFO: Marking loose concept http://www.yso.fi/onto/yso/p8733 as top concept of scheme http://www.yso.fi/onto/tero/deprecatedconceptscheme
INFO: Marking loose concept http://www.yso.fi/onto/yso/p8757 as top concept of scheme http://www.yso.fi/onto/tero/deprecatedconceptscheme
INFO: Marking loose concept http://www.yso.fi/onto/yso/p8766 as top concept of scheme http://www.yso.fi/onto/tero/deprecatedconceptscheme
INFO: Marking loose concept http://www.yso.fi/onto/yso/p8787 as top concept of scheme http://www.yso.fi/onto/tero/deprecatedconceptscheme
INFO: Marking loose concept http://www.yso.fi/onto/yso/p881 as top concept of scheme http://www.yso.fi/onto/tero/deprecatedconceptscheme
INFO: Marking loose concept http://www.yso.fi/onto/yso/p8836 as top concept of scheme http://www.yso.fi/onto/tero/deprecatedconceptscheme
INFO: Marking loose concept http://www.yso.fi/onto/yso/p884 as top concept of scheme http://www.yso.fi/onto/tero/deprecatedconceptscheme
INFO: Marking loose concept http://www.yso.fi/onto/yso/p8849 as top concept of scheme http://www.yso.fi/onto/tero/deprecatedconceptscheme
INFO: Marking loose concept http://www.yso.fi/onto/yso/p8854 as top concept of scheme http://www.yso.fi/onto/tero/deprecatedconceptscheme
INFO: Marking loose concept http://www.yso.fi/onto/yso/p8861 as top concept of scheme http://www.yso.fi/onto/tero/deprecatedconceptscheme
INFO: Marking loose concept http://www.yso.fi/onto/yso/p8864 as top concept of scheme http://www.yso.fi/onto/tero/deprecatedconceptscheme
INFO: Marking loose concept http://www.yso.fi/onto/yso/p8870 as top concept of scheme http://www.yso.fi/onto/tero/deprecatedconceptscheme
INFO: Marking loose concept http://www.yso.fi/onto/yso/p889 as top concept of scheme http://www.yso.fi/onto/tero/deprecatedconceptscheme
INFO: Marking loose concept http://www.yso.fi/onto/yso/p8905 as top concept of scheme http://www.yso.fi/onto/tero/deprecatedconceptscheme
INFO: Marking loose concept http://www.yso.fi/onto/yso/p8906 as top concept of scheme http://www.yso.fi/onto/tero/deprecatedconceptscheme
INFO: Marking loose concept http://www.yso.fi/onto/yso/p8916 as top concept of scheme http://www.yso.fi/onto/tero/deprecatedconceptscheme
INFO: Marking loose concept http://www.yso.fi/onto/yso/p8924 as top concept of scheme http://www.yso.fi/onto/tero/deprecatedconceptscheme
INFO: Marking loose concept http://www.yso.fi/onto/yso/p8927 as top concept of scheme http://www.yso.fi/onto/tero/deprecatedconceptscheme
INFO: Marking loose concept http://www.yso.fi/onto/yso/p8930 as top concept of scheme http://www.yso.fi/onto/tero/deprecatedconceptscheme
INFO: Marking loose concept http://www.yso.fi/onto/yso/p9020 as top concept of scheme http://www.yso.fi/onto/tero/deprecatedconceptscheme
INFO: Marking loose concept http://www.yso.fi/onto/yso/p9040 as top concept of scheme http://www.yso.fi/onto/tero/deprecatedconceptscheme
INFO: Marking loose concept http://www.yso.fi/onto/yso/p9065 as top concept of scheme http://www.yso.fi/onto/tero/deprecatedconceptscheme
INFO: Marking loose concept http://www.yso.fi/onto/yso/p9069 as top concept of scheme http://www.yso.fi/onto/tero/deprecatedconceptscheme
INFO: Marking loose concept http://www.yso.fi/onto/yso/p9076 as top concept of scheme http://www.yso.fi/onto/tero/deprecatedconceptscheme
INFO: Marking loose concept http://www.yso.fi/onto/yso/p9104 as top concept of scheme http://www.yso.fi/onto/tero/deprecatedconceptscheme
INFO: Marking loose concept http://www.yso.fi/onto/yso/p9107 as top concept of scheme http://www.yso.fi/onto/tero/deprecatedconceptscheme
INFO: Marking loose concept http://www.yso.fi/onto/yso/p9118 as top concept of scheme http://www.yso.fi/onto/tero/deprecatedconceptscheme
INFO: Marking loose concept http://www.yso.fi/onto/yso/p9132 as top concept of scheme http://www.yso.fi/onto/tero/deprecatedconceptscheme
INFO: Marking loose concept http://www.yso.fi/onto/yso/p9149 as top concept of scheme http://www.yso.fi/onto/tero/deprecatedconceptscheme
INFO: Marking loose concept http://www.yso.fi/onto/yso/p9175 as top concept of scheme http://www.yso.fi/onto/tero/deprecatedconceptscheme
INFO: Marking loose concept http://www.yso.fi/onto/yso/p9183 as top concept of scheme http://www.yso.fi/onto/tero/deprecatedconceptscheme
INFO: Marking loose concept http://www.yso.fi/onto/yso/p9186 as top concept of scheme http://www.yso.fi/onto/tero/deprecatedconceptscheme
INFO: Marking loose concept http://www.yso.fi/onto/yso/p9199 as top concept of scheme http://www.yso.fi/onto/tero/deprecatedconceptscheme
INFO: Marking loose concept http://www.yso.fi/onto/yso/p9206 as top concept of scheme http://www.yso.fi/onto/tero/deprecatedconceptscheme
INFO: Marking loose concept http://www.yso.fi/onto/yso/p9223 as top concept of scheme http://www.yso.fi/onto/tero/deprecatedconceptscheme
INFO: Marking loose concept http://www.yso.fi/onto/yso/p9246 as top concept of scheme http://www.yso.fi/onto/tero/deprecatedconceptscheme
INFO: Marking loose concept http://www.yso.fi/onto/yso/p9256 as top concept of scheme http://www.yso.fi/onto/tero/deprecatedconceptscheme
INFO: Marking loose concept http://www.yso.fi/onto/yso/p9257 as top concept of scheme http://www.yso.fi/onto/tero/deprecatedconceptscheme
INFO: Marking loose concept http://www.yso.fi/onto/yso/p9272 as top concept of scheme http://www.yso.fi/onto/tero/deprecatedconceptscheme
INFO: Marking loose concept http://www.yso.fi/onto/yso/p9276 as top concept of scheme http://www.yso.fi/onto/tero/deprecatedconceptscheme
INFO: Marking loose concept http://www.yso.fi/onto/yso/p9286 as top concept of scheme http://www.yso.fi/onto/tero/deprecatedconceptscheme
INFO: Marking loose concept http://www.yso.fi/onto/yso/p9303 as top concept of scheme http://www.yso.fi/onto/tero/deprecatedconceptscheme
INFO: Marking loose concept http://www.yso.fi/onto/yso/p9304 as top concept of scheme http://www.yso.fi/onto/tero/deprecatedconceptscheme
INFO: Marking loose concept http://www.yso.fi/onto/yso/p9313 as top concept of scheme http://www.yso.fi/onto/tero/deprecatedconceptscheme
INFO: Marking loose concept http://www.yso.fi/onto/yso/p9324 as top concept of scheme http://www.yso.fi/onto/tero/deprecatedconceptscheme
INFO: Marking loose concept http://www.yso.fi/onto/yso/p9354 as top concept of scheme http://www.yso.fi/onto/tero/deprecatedconceptscheme
INFO: Marking loose concept http://www.yso.fi/onto/yso/p9382 as top concept of scheme http://www.yso.fi/onto/tero/deprecatedconceptscheme
INFO: Marking loose concept http://www.yso.fi/onto/yso/p9402 as top concept of scheme http://www.yso.fi/onto/tero/deprecatedconceptscheme
INFO: Marking loose concept http://www.yso.fi/onto/yso/p9435 as top concept of scheme http://www.yso.fi/onto/tero/deprecatedconceptscheme
INFO: Marking loose concept http://www.yso.fi/onto/yso/p9466 as top concept of scheme http://www.yso.fi/onto/tero/deprecatedconceptscheme
INFO: Marking loose concept http://www.yso.fi/onto/yso/p9483 as top concept of scheme http://www.yso.fi/onto/tero/deprecatedconceptscheme
INFO: Marking loose concept http://www.yso.fi/onto/yso/p9497 as top concept of scheme http://www.yso.fi/onto/tero/deprecatedconceptscheme
INFO: Marking loose concept http://www.yso.fi/onto/yso/p9500 as top concept of scheme http://www.yso.fi/onto/tero/deprecatedconceptscheme
INFO: Marking loose concept http://www.yso.fi/onto/yso/p951 as top concept of scheme http://www.yso.fi/onto/tero/deprecatedconceptscheme
INFO: Marking loose concept http://www.yso.fi/onto/yso/p9511 as top concept of scheme http://www.yso.fi/onto/tero/deprecatedconceptscheme
INFO: Marking loose concept http://www.yso.fi/onto/yso/p9518 as top concept of scheme http://www.yso.fi/onto/tero/deprecatedconceptscheme
INFO: Marking loose concept http://www.yso.fi/onto/yso/p9540 as top concept of scheme http://www.yso.fi/onto/tero/deprecatedconceptscheme
INFO: Marking loose concept http://www.yso.fi/onto/yso/p9556 as top concept of scheme http://www.yso.fi/onto/tero/deprecatedconceptscheme
INFO: Marking loose concept http://www.yso.fi/onto/yso/p9578 as top concept of scheme http://www.yso.fi/onto/tero/deprecatedconceptscheme
INFO: Marking loose concept http://www.yso.fi/onto/yso/p9581 as top concept of scheme http://www.yso.fi/onto/tero/deprecatedconceptscheme
INFO: Marking loose concept http://www.yso.fi/onto/yso/p9582 as top concept of scheme http://www.yso.fi/onto/tero/deprecatedconceptscheme
INFO: Marking loose concept http://www.yso.fi/onto/yso/p9585 as top concept of scheme http://www.yso.fi/onto/tero/deprecatedconceptscheme
INFO: Marking loose concept http://www.yso.fi/onto/yso/p9600 as top concept of scheme http://www.yso.fi/onto/tero/deprecatedconceptscheme
INFO: Marking loose concept http://www.yso.fi/onto/yso/p9612 as top concept of scheme http://www.yso.fi/onto/tero/deprecatedconceptscheme
INFO: Marking loose concept http://www.yso.fi/onto/yso/p9627 as top concept of scheme http://www.yso.fi/onto/tero/deprecatedconceptscheme
INFO: Marking loose concept http://www.yso.fi/onto/yso/p9629 as top concept of scheme http://www.yso.fi/onto/tero/deprecatedconceptscheme
INFO: Marking loose concept http://www.yso.fi/onto/yso/p9641 as top concept of scheme http://www.yso.fi/onto/tero/deprecatedconceptscheme
INFO: Marking loose concept http://www.yso.fi/onto/yso/p9643 as top concept of scheme http://www.yso.fi/onto/tero/deprecatedconceptscheme
INFO: Marking loose concept http://www.yso.fi/onto/yso/p9650 as top concept of scheme http://www.yso.fi/onto/tero/deprecatedconceptscheme
INFO: Marking loose concept http://www.yso.fi/onto/yso/p9655 as top concept of scheme http://www.yso.fi/onto/tero/deprecatedconceptscheme
INFO: Marking loose concept http://www.yso.fi/onto/yso/p9660 as top concept of scheme http://www.yso.fi/onto/tero/deprecatedconceptscheme
INFO: Marking loose concept http://www.yso.fi/onto/yso/p9687 as top concept of scheme http://www.yso.fi/onto/tero/deprecatedconceptscheme
INFO: Marking loose concept http://www.yso.fi/onto/yso/p9690 as top concept of scheme http://www.yso.fi/onto/tero/deprecatedconceptscheme
INFO: Marking loose concept http://www.yso.fi/onto/yso/p9691 as top concept of scheme http://www.yso.fi/onto/tero/deprecatedconceptscheme
INFO: Marking loose concept http://www.yso.fi/onto/yso/p9712 as top concept of scheme http://www.yso.fi/onto/tero/deprecatedconceptscheme
INFO: Marking loose concept http://www.yso.fi/onto/yso/p9729 as top concept of scheme http://www.yso.fi/onto/tero/deprecatedconceptscheme
INFO: Marking loose concept http://www.yso.fi/onto/yso/p9736 as top concept of scheme http://www.yso.fi/onto/tero/deprecatedconceptscheme
INFO: Marking loose concept http://www.yso.fi/onto/yso/p9744 as top concept of scheme http://www.yso.fi/onto/tero/deprecatedconceptscheme
INFO: Marking loose concept http://www.yso.fi/onto/yso/p976 as top concept of scheme http://www.yso.fi/onto/tero/deprecatedconceptscheme
INFO: Marking loose concept http://www.yso.fi/onto/yso/p9762 as top concept of scheme http://www.yso.fi/onto/tero/deprecatedconceptscheme
INFO: Marking loose concept http://www.yso.fi/onto/yso/p979 as top concept of scheme http://www.yso.fi/onto/tero/deprecatedconceptscheme
INFO: Marking loose concept http://www.yso.fi/onto/yso/p9818 as top concept of scheme http://www.yso.fi/onto/tero/deprecatedconceptscheme
INFO: Marking loose concept http://www.yso.fi/onto/yso/p9835 as top concept of scheme http://www.yso.fi/onto/tero/deprecatedconceptscheme
INFO: Marking loose concept http://www.yso.fi/onto/yso/p9851 as top concept of scheme http://www.yso.fi/onto/tero/deprecatedconceptscheme
INFO: Marking loose concept http://www.yso.fi/onto/yso/p9859 as top concept of scheme http://www.yso.fi/onto/tero/deprecatedconceptscheme
INFO: Marking loose concept http://www.yso.fi/onto/yso/p9863 as top concept of scheme http://www.yso.fi/onto/tero/deprecatedconceptscheme
INFO: Marking loose concept http://www.yso.fi/onto/yso/p9878 as top concept of scheme http://www.yso.fi/onto/tero/deprecatedconceptscheme
INFO: Marking loose concept http://www.yso.fi/onto/yso/p9879 as top concept of scheme http://www.yso.fi/onto/tero/deprecatedconceptscheme
INFO: Marking loose concept http://www.yso.fi/onto/yso/p9880 as top concept of scheme http://www.yso.fi/onto/tero/deprecatedconceptscheme
INFO: Marking loose concept http://www.yso.fi/onto/yso/p9896 as top concept of scheme http://www.yso.fi/onto/tero/deprecatedconceptscheme
INFO: Marking loose concept http://www.yso.fi/onto/yso/p9905 as top concept of scheme http://www.yso.fi/onto/tero/deprecatedconceptscheme
INFO: Marking loose concept http://www.yso.fi/onto/yso/p9906 as top concept of scheme http://www.yso.fi/onto/tero/deprecatedconceptscheme
INFO: Marking loose concept http://www.yso.fi/onto/yso/p9920 as top concept of scheme http://www.yso.fi/onto/tero/deprecatedconceptscheme
INFO: Marking loose concept http://www.yso.fi/onto/yso/p9936 as top concept of scheme http://www.yso.fi/onto/tero/deprecatedconceptscheme
INFO: Marking loose concept http://www.yso.fi/onto/yso/p9941 as top concept of scheme http://www.yso.fi/onto/tero/deprecatedconceptscheme
INFO: Marking loose concept http://www.yso.fi/onto/yso/p995 as top concept of scheme http://www.yso.fi/onto/tero/deprecatedconceptscheme
INFO: Marking loose concept http://www.yso.fi/onto/yso/p9956 as top concept of scheme http://www.yso.fi/onto/tero/deprecatedconceptscheme
INFO: Marking loose concept http://www.yso.fi/onto/yso/p9958 as top concept of scheme http://www.yso.fi/onto/tero/deprecatedconceptscheme
INFO: Marking loose concept http://www.yso.fi/onto/yso/p9965 as top concept of scheme http://www.yso.fi/onto/tero/deprecatedconceptscheme
INFO: Marking loose concept http://www.yso.fi/onto/yso/p9975 as top concept of scheme http://www.yso.fi/onto/tero/deprecatedconceptscheme
INFO: Marking loose concept http://www.yso.fi/onto/yso/p9980 as top concept of scheme http://www.yso.fi/onto/tero/deprecatedconceptscheme
INFO: Marking loose concept http://www.yso.fi/onto/yso/p9986 as top concept of scheme http://www.yso.fi/onto/tero/deprecatedconceptscheme
INFO: Marking loose concept http://www.yso.fi/onto/yso/p9989 as top concept of scheme http://www.yso.fi/onto/tero/deprecatedconceptscheme
WARNING: Hierarchy cycle removed at p10720 -> p10720
WARNING: Concepts http://www.yso.fi/onto/tero/D000855 and http://www.yso.fi/onto/tero/p2414 connected by both skos:broaderTransitive and skos:related, removing skos:related
WARNING: Concepts http://www.yso.fi/onto/tero/D002214 and http://www.yso.fi/onto/yso/p22274 connected by both skos:broaderTransitive and skos:related, removing skos:related
WARNING: Concepts http://www.yso.fi/onto/tero/D005473 and http://www.yso.fi/onto/tero/D000928 connected by both skos:broaderTransitive and skos:related, removing skos:related
WARNING: Concepts http://www.yso.fi/onto/tero/D006463 and http://www.yso.fi/onto/tero/p5886 connected by both skos:broaderTransitive and skos:related, removing skos:related
WARNING: Concepts http://www.yso.fi/onto/tero/D007434 and http://www.yso.fi/onto/tero/D003273 connected by both skos:broaderTransitive and skos:related, removing skos:related
WARNING: Concepts http://www.yso.fi/onto/tero/D009336 and http://www.yso.fi/onto/tero/D010335 connected by both skos:broaderTransitive and skos:related, removing skos:related
WARNING: Concepts http://www.yso.fi/onto/tero/D011736 and http://www.yso.fi/onto/tero/D014803 connected by both skos:broaderTransitive and skos:related, removing skos:related
WARNING: Concepts http://www.yso.fi/onto/tero/D012256 and http://www.yso.fi/onto/tero/D014803 connected by both skos:broaderTransitive and skos:related, removing skos:related
WARNING: Concepts http://www.yso.fi/onto/tero/D012882 and http://www.yso.fi/onto/tero/D003942 connected by both skos:broaderTransitive and skos:related, removing skos:related
WARNING: Concepts http://www.yso.fi/onto/tero/D013831 and http://www.yso.fi/onto/tero/D014803 connected by both skos:broaderTransitive and skos:related, removing skos:related
WARNING: Concepts http://www.yso.fi/onto/tero/D019973 and http://www.yso.fi/onto/tero/p8291 connected by both skos:broaderTransitive and skos:related, removing skos:related
WARNING: Concepts http://www.yso.fi/onto/tero/T00023 and http://www.yso.fi/onto/tero/p300 connected by both skos:broaderTransitive and skos:related, removing skos:related
WARNING: Concepts http://www.yso.fi/onto/tero/T00098 and http://www.yso.fi/onto/tero/p3625 connected by both skos:broaderTransitive and skos:related, removing skos:related
WARNING: Concepts http://www.yso.fi/onto/tero/T00122 and http://www.yso.fi/onto/tero/p17315 connected by both skos:broaderTransitive and skos:related, removing skos:related
WARNING: Concepts http://www.yso.fi/onto/tero/T00224 and http://www.yso.fi/onto/tero/D003273 connected by both skos:broaderTransitive and skos:related, removing skos:related
WARNING: Concepts http://www.yso.fi/onto/tero/T00769 and http://www.yso.fi/onto/tero/p1718 connected by both skos:broaderTransitive and skos:related, removing skos:related
WARNING: Concepts http://www.yso.fi/onto/tero/T00830 and http://www.yso.fi/onto/tero/p8452 connected by both skos:broaderTransitive and skos:related, removing skos:related
WARNING: Concepts http://www.yso.fi/onto/tero/T01046 and http://www.yso.fi/onto/yso/p506 connected by both skos:broaderTransitive and skos:related, removing skos:related
WARNING: Concepts http://www.yso.fi/onto/tero/TNR1143 and http://www.yso.fi/onto/tero/TNR716 connected by both skos:broaderTransitive and skos:related, removing skos:related
WARNING: Concepts http://www.yso.fi/onto/tero/TNR1143 and http://www.yso.fi/onto/tero/p10213 connected by both skos:broaderTransitive and skos:related, removing skos:related
WARNING: Concepts http://www.yso.fi/onto/tero/TNR1526 and http://www.yso.fi/onto/tero/p125 connected by both skos:broaderTransitive and skos:related, removing skos:related
WARNING: Concepts http://www.yso.fi/onto/tero/TNR1569 and http://www.yso.fi/onto/yso/p17837 connected by both skos:broaderTransitive and skos:related, removing skos:related
WARNING: Concepts http://www.yso.fi/onto/tero/TNR1684 and http://www.yso.fi/onto/tero/p8955 connected by both skos:broaderTransitive and skos:related, removing skos:related
WARNING: Concepts http://www.yso.fi/onto/tero/TNR322 and http://www.yso.fi/onto/tero/p2402 connected by both skos:broaderTransitive and skos:related, removing skos:related
WARNING: Concepts http://www.yso.fi/onto/tero/TNR645 and http://www.yso.fi/onto/tero/p1307 connected by both skos:broaderTransitive and skos:related, removing skos:related
WARNING: Concepts http://www.yso.fi/onto/tero/TNR647 and http://www.yso.fi/onto/tero/p1307 connected by both skos:broaderTransitive and skos:related, removing skos:related
WARNING: Concepts http://www.yso.fi/onto/tero/TNR651 and http://www.yso.fi/onto/tero/p1307 connected by both skos:broaderTransitive and skos:related, removing skos:related
WARNING: Concepts http://www.yso.fi/onto/tero/TNR91 and http://www.yso.fi/onto/yso/p813 connected by both skos:broaderTransitive and skos:related, removing skos:related
WARNING: Concepts http://www.yso.fi/onto/tero/TTL1089 and http://www.yso.fi/onto/tero/p10001 connected by both skos:broaderTransitive and skos:related, removing skos:related
WARNING: Concepts http://www.yso.fi/onto/tero/TTL1381 and http://www.yso.fi/onto/tero/D005355 connected by both skos:broaderTransitive and skos:related, removing skos:related
WARNING: Concepts http://www.yso.fi/onto/tero/TTL1911 and http://www.yso.fi/onto/tero/p20402 connected by both skos:broaderTransitive and skos:related, removing skos:related
WARNING: Concepts http://www.yso.fi/onto/tero/TTL2644 and http://www.yso.fi/onto/tero/TTL1765 connected by both skos:broaderTransitive and skos:related, removing skos:related
WARNING: Concepts http://www.yso.fi/onto/tero/TTL3181 and http://www.yso.fi/onto/tero/p6131 connected by both skos:broaderTransitive and skos:related, removing skos:related
WARNING: Concepts http://www.yso.fi/onto/tero/TTL3229 and http://www.yso.fi/onto/yso/p17085 connected by both skos:broaderTransitive and skos:related, removing skos:related
WARNING: Concepts http://www.yso.fi/onto/tero/TTL966 and http://www.yso.fi/onto/tero/TTL2540 connected by both skos:broaderTransitive and skos:related, removing skos:related
WARNING: Concepts http://www.yso.fi/onto/tero/p10573 and http://www.yso.fi/onto/tero/p3625 connected by both skos:broaderTransitive and skos:related, removing skos:related
WARNING: Concepts http://www.yso.fi/onto/tero/p10851 and http://www.yso.fi/onto/tero/p824 connected by both skos:broaderTransitive and skos:related, removing skos:related
WARNING: Concepts http://www.yso.fi/onto/tero/p10872 and http://www.yso.fi/onto/tero/T00583 connected by both skos:broaderTransitive and skos:related, removing skos:related
WARNING: Concepts http://www.yso.fi/onto/tero/p10872 and http://www.yso.fi/onto/tero/p2339 connected by both skos:broaderTransitive and skos:related, removing skos:related
WARNING: Concepts http://www.yso.fi/onto/tero/p11335 and http://www.yso.fi/onto/yso/p23843 connected by both skos:broaderTransitive and skos:related, removing skos:related
WARNING: Concepts http://www.yso.fi/onto/tero/p11485 and http://www.yso.fi/onto/tero/p391 connected by both skos:broaderTransitive and skos:related, removing skos:related
WARNING: Concepts http://www.yso.fi/onto/tero/p11616 and http://www.yso.fi/onto/tero/p11617 connected by both skos:broaderTransitive and skos:related, removing skos:related
WARNING: Concepts http://www.yso.fi/onto/tero/p11948 and http://www.yso.fi/onto/yso/p1404 connected by both skos:broaderTransitive and skos:related, removing skos:related
WARNING: Concepts http://www.yso.fi/onto/tero/p12570 and http://www.yso.fi/onto/tero/p1307 connected by both skos:broaderTransitive and skos:related, removing skos:related
WARNING: Concepts http://www.yso.fi/onto/tero/p13312 and http://www.yso.fi/onto/tero/p11482 connected by both skos:broaderTransitive and skos:related, removing skos:related
WARNING: Concepts http://www.yso.fi/onto/tero/p13362 and http://www.yso.fi/onto/tero/p10429 connected by both skos:broaderTransitive and skos:related, removing skos:related
WARNING: Concepts http://www.yso.fi/onto/tero/p13975 and http://www.yso.fi/onto/tero/D017282 connected by both skos:broaderTransitive and skos:related, removing skos:related
WARNING: Concepts http://www.yso.fi/onto/tero/p14804 and http://www.yso.fi/onto/yso/p506 connected by both skos:broaderTransitive and skos:related, removing skos:related
WARNING: Concepts http://www.yso.fi/onto/tero/p15852 and http://www.yso.fi/onto/tero/p1660 connected by both skos:broaderTransitive and skos:related, removing skos:related
WARNING: Concepts http://www.yso.fi/onto/tero/p15993 and http://www.yso.fi/onto/tero/p1307 connected by both skos:broaderTransitive and skos:related, removing skos:related
WARNING: Concepts http://www.yso.fi/onto/tero/p17049 and http://www.yso.fi/onto/tero/p824 connected by both skos:broaderTransitive and skos:related, removing skos:related
WARNING: Concepts http://www.yso.fi/onto/tero/p1712 and http://www.yso.fi/onto/tero/p1710 connected by both skos:broaderTransitive and skos:related, removing skos:related
WARNING: Concepts http://www.yso.fi/onto/tero/p17964 and http://www.yso.fi/onto/tero/p6335 connected by both skos:broaderTransitive and skos:related, removing skos:related
WARNING: Concepts http://www.yso.fi/onto/tero/p18351 and http://www.yso.fi/onto/yso/p10402 connected by both skos:broaderTransitive and skos:related, removing skos:related
WARNING: Concepts http://www.yso.fi/onto/tero/p18533 and http://www.yso.fi/onto/tero/p391 connected by both skos:broaderTransitive and skos:related, removing skos:related
WARNING: Concepts http://www.yso.fi/onto/tero/p1925 and http://www.yso.fi/onto/tero/p3286 connected by both skos:broaderTransitive and skos:related, removing skos:related
WARNING: Concepts http://www.yso.fi/onto/tero/p228 and http://www.yso.fi/onto/tero/p3286 connected by both skos:broaderTransitive and skos:related, removing skos:related
WARNING: Concepts http://www.yso.fi/onto/tero/p2303 and http://www.yso.fi/onto/tero/p11376 connected by both skos:broaderTransitive and skos:related, removing skos:related
WARNING: Concepts http://www.yso.fi/onto/tero/p2944 and http://www.yso.fi/onto/yso/p12638 connected by both skos:broaderTransitive and skos:related, removing skos:related
WARNING: Concepts http://www.yso.fi/onto/tero/p3284 and http://www.yso.fi/onto/tero/p3281 connected by both skos:broaderTransitive and skos:related, removing skos:related
WARNING: Concepts http://www.yso.fi/onto/tero/p331 and http://www.yso.fi/onto/tero/p10429 connected by both skos:broaderTransitive and skos:related, removing skos:related
WARNING: Concepts http://www.yso.fi/onto/tero/p3665 and http://www.yso.fi/onto/tero/D010437 connected by both skos:broaderTransitive and skos:related, removing skos:related
WARNING: Concepts http://www.yso.fi/onto/tero/p3901 and http://www.yso.fi/onto/yso/p3902 connected by both skos:broaderTransitive and skos:related, removing skos:related
WARNING: Concepts http://www.yso.fi/onto/tero/p4134 and http://www.yso.fi/onto/yso/p3024 connected by both skos:broaderTransitive and skos:related, removing skos:related
WARNING: Concepts http://www.yso.fi/onto/tero/p416 and http://www.yso.fi/onto/tero/p469 connected by both skos:broaderTransitive and skos:related, removing skos:related
WARNING: Concepts http://www.yso.fi/onto/tero/p4357 and http://www.yso.fi/onto/yso/p506 connected by both skos:broaderTransitive and skos:related, removing skos:related
WARNING: Concepts http://www.yso.fi/onto/tero/p4683 and http://www.yso.fi/onto/yso/p4684 connected by both skos:broaderTransitive and skos:related, removing skos:related
WARNING: Concepts http://www.yso.fi/onto/tero/p4710 and http://www.yso.fi/onto/tero/p6580 connected by both skos:broaderTransitive and skos:related, removing skos:related
WARNING: Concepts http://www.yso.fi/onto/tero/p4965 and http://www.yso.fi/onto/tero/p3286 connected by both skos:broaderTransitive and skos:related, removing skos:related
WARNING: Concepts http://www.yso.fi/onto/tero/p5068 and http://www.yso.fi/onto/yso/p23819 connected by both skos:broaderTransitive and skos:related, removing skos:related
WARNING: Concepts http://www.yso.fi/onto/tero/p5096 and http://www.yso.fi/onto/yso/p5099 connected by both skos:broaderTransitive and skos:related, removing skos:related
WARNING: Concepts http://www.yso.fi/onto/tero/p5390 and http://www.yso.fi/onto/tero/p67 connected by both skos:broaderTransitive and skos:related, removing skos:related
WARNING: Concepts http://www.yso.fi/onto/tero/p5594 and http://www.yso.fi/onto/tero/p5590 connected by both skos:broaderTransitive and skos:related, removing skos:related
WARNING: Concepts http://www.yso.fi/onto/tero/p5679 and http://www.yso.fi/onto/tero/p5682 connected by both skos:broaderTransitive and skos:related, removing skos:related
WARNING: Concepts http://www.yso.fi/onto/tero/p6911 and http://www.yso.fi/onto/tero/p4354 connected by both skos:broaderTransitive and skos:related, removing skos:related
WARNING: Concepts http://www.yso.fi/onto/tero/p6914 and http://www.yso.fi/onto/tero/p4354 connected by both skos:broaderTransitive and skos:related, removing skos:related
WARNING: Concepts http://www.yso.fi/onto/tero/p7548 and http://www.yso.fi/onto/tero/p15748 connected by both skos:broaderTransitive and skos:related, removing skos:related
WARNING: Concepts http://www.yso.fi/onto/tero/p8783 and http://www.yso.fi/onto/yso/p8784 connected by both skos:broaderTransitive and skos:related, removing skos:related
WARNING: Concepts http://www.yso.fi/onto/tero/p9142 and http://www.yso.fi/onto/tero/p9414 connected by both skos:broaderTransitive and skos:related, removing skos:related
WARNING: Concepts http://www.yso.fi/onto/tero/p9294 and http://www.yso.fi/onto/yso/p21156 connected by both skos:broaderTransitive and skos:related, removing skos:related
WARNING: Concepts http://www.yso.fi/onto/tero/p9887 and http://www.yso.fi/onto/tero/p2710 connected by both skos:broaderTransitive and skos:related, removing skos:related
WARNING: Concepts http://www.yso.fi/onto/tero/t126 and http://www.yso.fi/onto/yso/p824 connected by both skos:broaderTransitive and skos:related, removing skos:related
WARNING: Concepts http://www.yso.fi/onto/tero/t31612 and http://www.yso.fi/onto/tero/p1307 connected by both skos:broaderTransitive and skos:related, removing skos:related
WARNING: Concepts http://www.yso.fi/onto/tero/t31614 and http://www.yso.fi/onto/tero/p1307 connected by both skos:broaderTransitive and skos:related, removing skos:related
WARNING: Concepts http://www.yso.fi/onto/tero/t31623 and http://www.yso.fi/onto/tero/p1307 connected by both skos:broaderTransitive and skos:related, removing skos:related
WARNING: Concepts http://www.yso.fi/onto/tero/t32284 and http://www.yso.fi/onto/tero/p8746 connected by both skos:broaderTransitive and skos:related, removing skos:related
WARNING: Concepts http://www.yso.fi/onto/yso/p10242 and http://www.yso.fi/onto/yso/p1514 connected by both skos:broaderTransitive and skos:related, removing skos:related
WARNING: Concepts http://www.yso.fi/onto/yso/p10745 and http://www.yso.fi/onto/yso/p3515 connected by both skos:broaderTransitive and skos:related, removing skos:related
WARNING: Concepts http://www.yso.fi/onto/yso/p11485 and http://www.yso.fi/onto/yso/p391 connected by both skos:broaderTransitive and skos:related, removing skos:related
WARNING: Concepts http://www.yso.fi/onto/yso/p13116 and http://www.yso.fi/onto/yso/p593 connected by both skos:broaderTransitive and skos:related, removing skos:related
WARNING: Concepts http://www.yso.fi/onto/yso/p13312 and http://www.yso.fi/onto/yso/p593 connected by both skos:broaderTransitive and skos:related, removing skos:related
WARNING: Concepts http://www.yso.fi/onto/yso/p13823 and http://www.yso.fi/onto/yso/p593 connected by both skos:broaderTransitive and skos:related, removing skos:related
WARNING: Concepts http://www.yso.fi/onto/yso/p14075 and http://www.yso.fi/onto/yso/p392 connected by both skos:broaderTransitive and skos:related, removing skos:related
WARNING: Concepts http://www.yso.fi/onto/yso/p1439 and http://www.yso.fi/onto/yso/p593 connected by both skos:broaderTransitive and skos:related, removing skos:related
WARNING: Concepts http://www.yso.fi/onto/yso/p14642 and http://www.yso.fi/onto/yso/p593 connected by both skos:broaderTransitive and skos:related, removing skos:related
WARNING: Concepts http://www.yso.fi/onto/yso/p15130 and http://www.yso.fi/onto/yso/p3515 connected by both skos:broaderTransitive and skos:related, removing skos:related
WARNING: Concepts http://www.yso.fi/onto/yso/p15290 and http://www.yso.fi/onto/yso/p392 connected by both skos:broaderTransitive and skos:related, removing skos:related
WARNING: Concepts http://www.yso.fi/onto/yso/p15969 and http://www.yso.fi/onto/yso/p3515 connected by both skos:broaderTransitive and skos:related, removing skos:related
WARNING: Concepts http://www.yso.fi/onto/yso/p16461 and http://www.yso.fi/onto/yso/p4941 connected by both skos:broaderTransitive and skos:related, removing skos:related
WARNING: Concepts http://www.yso.fi/onto/yso/p16802 and http://www.yso.fi/onto/yso/p14917 connected by both skos:broaderTransitive and skos:related, removing skos:related
WARNING: Concepts http://www.yso.fi/onto/yso/p17247 and http://www.yso.fi/onto/yso/p593 connected by both skos:broaderTransitive and skos:related, removing skos:related
WARNING: Concepts http://www.yso.fi/onto/yso/p17748 and http://www.yso.fi/onto/yso/p593 connected by both skos:broaderTransitive and skos:related, removing skos:related
WARNING: Concepts http://www.yso.fi/onto/yso/p1793 and http://www.yso.fi/onto/yso/p8240 connected by both skos:broaderTransitive and skos:related, removing skos:related
WARNING: Concepts http://www.yso.fi/onto/yso/p17965 and http://www.yso.fi/onto/yso/p593 connected by both skos:broaderTransitive and skos:related, removing skos:related
WARNING: Concepts http://www.yso.fi/onto/yso/p18935 and http://www.yso.fi/onto/yso/p593 connected by both skos:broaderTransitive and skos:related, removing skos:related
WARNING: Concepts http://www.yso.fi/onto/yso/p19310 and http://www.yso.fi/onto/yso/p3515 connected by both skos:broaderTransitive and skos:related, removing skos:related
WARNING: Concepts http://www.yso.fi/onto/yso/p19441 and http://www.yso.fi/onto/yso/p593 connected by both skos:broaderTransitive and skos:related, removing skos:related
WARNING: Concepts http://www.yso.fi/onto/yso/p20484 and http://www.yso.fi/onto/yso/p593 connected by both skos:broaderTransitive and skos:related, removing skos:related
WARNING: Concepts http://www.yso.fi/onto/yso/p22273 and http://www.yso.fi/onto/yso/p22274 connected by both skos:broaderTransitive and skos:related, removing skos:related
WARNING: Concepts http://www.yso.fi/onto/yso/p22934 and http://www.yso.fi/onto/yso/p593 connected by both skos:broaderTransitive and skos:related, removing skos:related
WARNING: Concepts http://www.yso.fi/onto/yso/p24181 and http://www.yso.fi/onto/yso/p10973 connected by both skos:broaderTransitive and skos:related, removing skos:related
WARNING: Concepts http://www.yso.fi/onto/yso/p24181 and http://www.yso.fi/onto/yso/p4790 connected by both skos:broaderTransitive and skos:related, removing skos:related
WARNING: Concepts http://www.yso.fi/onto/yso/p24842 and http://www.yso.fi/onto/yso/p2512 connected by both skos:broaderTransitive and skos:related, removing skos:related
WARNING: Concepts http://www.yso.fi/onto/yso/p24995 and http://www.yso.fi/onto/yso/p593 connected by both skos:broaderTransitive and skos:related, removing skos:related
WARNING: Concepts http://www.yso.fi/onto/yso/p25569 and http://www.yso.fi/onto/yso/p138 connected by both skos:broaderTransitive and skos:related, removing skos:related
WARNING: Concepts http://www.yso.fi/onto/yso/p26865 and http://www.yso.fi/onto/yso/p593 connected by both skos:broaderTransitive and skos:related, removing skos:related
WARNING: Concepts http://www.yso.fi/onto/yso/p26866 and http://www.yso.fi/onto/yso/p593 connected by both skos:broaderTransitive and skos:related, removing skos:related
WARNING: Concepts http://www.yso.fi/onto/yso/p27683 and http://www.yso.fi/onto/yso/p593 connected by both skos:broaderTransitive and skos:related, removing skos:related
WARNING: Concepts http://www.yso.fi/onto/yso/p27826 and http://www.yso.fi/onto/yso/p138 connected by both skos:broaderTransitive and skos:related, removing skos:related
WARNING: Concepts http://www.yso.fi/onto/yso/p29426 and http://www.yso.fi/onto/yso/p593 connected by both skos:broaderTransitive and skos:related, removing skos:related
WARNING: Concepts http://www.yso.fi/onto/yso/p29818 and http://www.yso.fi/onto/yso/p1514 connected by both skos:broaderTransitive and skos:related, removing skos:related
WARNING: Concepts http://www.yso.fi/onto/yso/p29864 and http://www.yso.fi/onto/yso/p1514 connected by both skos:broaderTransitive and skos:related, removing skos:related
WARNING: Concepts http://www.yso.fi/onto/yso/p3121 and http://www.yso.fi/onto/yso/p14849 connected by both skos:broaderTransitive and skos:related, removing skos:related
WARNING: Concepts http://www.yso.fi/onto/yso/p3514 and http://www.yso.fi/onto/yso/p3515 connected by both skos:broaderTransitive and skos:related, removing skos:related
WARNING: Concepts http://www.yso.fi/onto/yso/p3545 and http://www.yso.fi/onto/yso/p593 connected by both skos:broaderTransitive and skos:related, removing skos:related
WARNING: Concepts http://www.yso.fi/onto/yso/p368 and http://www.yso.fi/onto/yso/p3670 connected by both skos:broaderTransitive and skos:related, removing skos:related
WARNING: Concepts http://www.yso.fi/onto/yso/p38554 and http://www.yso.fi/onto/yso/p38554 connected by both skos:broaderTransitive and skos:related, removing skos:related
WARNING: Concepts http://www.yso.fi/onto/yso/p390 and http://www.yso.fi/onto/yso/p391 connected by both skos:broaderTransitive and skos:related, removing skos:related
WARNING: Concepts http://www.yso.fi/onto/yso/p40311 and http://www.yso.fi/onto/yso/p3690 connected by both skos:broaderTransitive and skos:related, removing skos:related
WARNING: Concepts http://www.yso.fi/onto/yso/p4940 and http://www.yso.fi/onto/yso/p4941 connected by both skos:broaderTransitive and skos:related, removing skos:related
WARNING: Concepts http://www.yso.fi/onto/yso/p5689 and http://www.yso.fi/onto/yso/p1542 connected by both skos:broaderTransitive and skos:related, removing skos:related
WARNING: Concepts http://www.yso.fi/onto/yso/p592 and http://www.yso.fi/onto/yso/p593 connected by both skos:broaderTransitive and skos:related, removing skos:related
WARNING: Concepts http://www.yso.fi/onto/yso/p6387 and http://www.yso.fi/onto/yso/p2985 connected by both skos:broaderTransitive and skos:related, removing skos:related
WARNING: Concepts http://www.yso.fi/onto/yso/p6527 and http://www.yso.fi/onto/yso/p21323 connected by both skos:broaderTransitive and skos:related, removing skos:related
WARNING: Concepts http://www.yso.fi/onto/yso/p7404 and http://www.yso.fi/onto/yso/p7403 connected by both skos:broaderTransitive and skos:related, removing skos:related
WARNING: Concepts http://www.yso.fi/onto/yso/p7548 and http://www.yso.fi/onto/yso/p15748 connected by both skos:broaderTransitive and skos:related, removing skos:related
WARNING: Concepts http://www.yso.fi/onto/yso/p7899 and http://www.yso.fi/onto/yso/p392 connected by both skos:broaderTransitive and skos:related, removing skos:related
WARNING: Concepts http://www.yso.fi/onto/yso/p8522 and http://www.yso.fi/onto/yso/p14917 connected by both skos:broaderTransitive and skos:related, removing skos:related
WARNING: Concepts http://www.yso.fi/onto/yso/p8769 and http://www.yso.fi/onto/yso/p4941 connected by both skos:broaderTransitive and skos:related, removing skos:related
WARNING: Eliminating redundant hierarchical relationship: http://www.yso.fi/onto/tero/D000998 skos:broader http://www.yso.fi/onto/yso/p1077
WARNING: Eliminating redundant hierarchical relationship: http://www.yso.fi/onto/tero/D002219 skos:broader http://www.yso.fi/onto/yso/p27282
WARNING: Eliminating redundant hierarchical relationship: http://www.yso.fi/onto/tero/D004672 skos:broader http://www.yso.fi/onto/yso/p1804
WARNING: Eliminating redundant hierarchical relationship: http://www.yso.fi/onto/tero/D004926 skos:broader http://www.yso.fi/onto/yso/p1749
WARNING: Eliminating redundant hierarchical relationship: http://www.yso.fi/onto/tero/D007003 skos:broader http://www.yso.fi/onto/yso/p132
WARNING: Eliminating redundant hierarchical relationship: http://www.yso.fi/onto/tero/D007244 skos:broader http://www.yso.fi/onto/yso/p1804
WARNING: Eliminating redundant hierarchical relationship: http://www.yso.fi/onto/tero/D007434 skos:broader http://www.yso.fi/onto/yso/p2150
WARNING: Eliminating redundant hierarchical relationship: http://www.yso.fi/onto/tero/D007709 skos:broader http://www.yso.fi/onto/yso/p1749
WARNING: Eliminating redundant hierarchical relationship: http://www.yso.fi/onto/tero/D009336 skos:broader http://www.yso.fi/onto/yso/p27713
WARNING: Eliminating redundant hierarchical relationship: http://www.yso.fi/onto/tero/D010070 skos:broader http://www.yso.fi/onto/yso/p324
WARNING: Eliminating redundant hierarchical relationship: http://www.yso.fi/onto/tero/D010523 skos:broader http://www.yso.fi/onto/yso/p295
WARNING: Eliminating redundant hierarchical relationship: http://www.yso.fi/onto/tero/D013345 skos:broader http://www.yso.fi/onto/yso/p16148
WARNING: Eliminating redundant hierarchical relationship: http://www.yso.fi/onto/tero/D014202 skos:broader http://www.yso.fi/onto/yso/p2414
WARNING: Eliminating redundant hierarchical relationship: http://www.yso.fi/onto/tero/D020246 skos:broader http://www.yso.fi/onto/yso/p1659
WARNING: Eliminating redundant hierarchical relationship: http://www.yso.fi/onto/tero/D020323 skos:broader http://www.yso.fi/onto/yso/p2414
WARNING: Eliminating redundant hierarchical relationship: http://www.yso.fi/onto/tero/D045703 skos:broader http://www.yso.fi/onto/yso/p1435
WARNING: Eliminating redundant hierarchical relationship: http://www.yso.fi/onto/tero/T00224 skos:broader http://www.yso.fi/onto/yso/p2150
WARNING: Eliminating redundant hierarchical relationship: http://www.yso.fi/onto/tero/T00481 skos:broader http://www.yso.fi/onto/yso/p1435
WARNING: Eliminating redundant hierarchical relationship: http://www.yso.fi/onto/tero/TNR1963 skos:broader http://www.yso.fi/onto/yso/p132
WARNING: Eliminating redundant hierarchical relationship: http://www.yso.fi/onto/tero/TNR2110 skos:broader http://www.yso.fi/onto/yso/p3320
WARNING: Eliminating redundant hierarchical relationship: http://www.yso.fi/onto/tero/TNR665 skos:broader http://www.yso.fi/onto/yso/p9414
WARNING: Eliminating redundant hierarchical relationship: http://www.yso.fi/onto/tero/TTL1084 skos:broader http://www.yso.fi/onto/yso/p12854
WARNING: Eliminating redundant hierarchical relationship: http://www.yso.fi/onto/tero/TTL1420 skos:broader http://www.yso.fi/onto/tero/p11376
WARNING: Eliminating redundant hierarchical relationship: http://www.yso.fi/onto/tero/TTL1420 skos:broader http://www.yso.fi/onto/yso/p11376
WARNING: Eliminating redundant hierarchical relationship: http://www.yso.fi/onto/tero/TTL2094 skos:broader http://www.yso.fi/onto/yso/p1435
WARNING: Eliminating redundant hierarchical relationship: http://www.yso.fi/onto/tero/TTL3383 skos:broader http://www.yso.fi/onto/yso/p1435
WARNING: Eliminating redundant hierarchical relationship: http://www.yso.fi/onto/tero/p10017 skos:broader http://www.yso.fi/onto/yso/p38217
WARNING: Eliminating redundant hierarchical relationship: http://www.yso.fi/onto/tero/p10141 skos:broader http://www.yso.fi/onto/yso/p132
WARNING: Eliminating redundant hierarchical relationship: http://www.yso.fi/onto/tero/p10500 skos:broader http://www.yso.fi/onto/yso/p2633
WARNING: Eliminating redundant hierarchical relationship: http://www.yso.fi/onto/tero/p10618 skos:broader http://www.yso.fi/onto/yso/p1736
WARNING: Eliminating redundant hierarchical relationship: http://www.yso.fi/onto/tero/p10886 skos:broader http://www.yso.fi/onto/yso/p1435
WARNING: Eliminating redundant hierarchical relationship: http://www.yso.fi/onto/tero/p10962 skos:broader http://www.yso.fi/onto/yso/p132
WARNING: Eliminating redundant hierarchical relationship: http://www.yso.fi/onto/tero/p11555 skos:broader http://www.yso.fi/onto/yso/p3097
WARNING: Eliminating redundant hierarchical relationship: http://www.yso.fi/onto/tero/p11577 skos:broader http://www.yso.fi/onto/yso/p838
WARNING: Eliminating redundant hierarchical relationship: http://www.yso.fi/onto/tero/p11616 skos:broader http://www.yso.fi/onto/yso/p5591
WARNING: Eliminating redundant hierarchical relationship: http://www.yso.fi/onto/tero/p11718 skos:broader http://www.yso.fi/onto/yso/p5591
WARNING: Eliminating redundant hierarchical relationship: http://www.yso.fi/onto/tero/p11720 skos:broader http://www.yso.fi/onto/yso/p3761
WARNING: Eliminating redundant hierarchical relationship: http://www.yso.fi/onto/tero/p11874 skos:broader http://www.yso.fi/onto/yso/p11875
WARNING: Eliminating redundant hierarchical relationship: http://www.yso.fi/onto/tero/p12205 skos:broader http://www.yso.fi/onto/yso/p1435
WARNING: Eliminating redundant hierarchical relationship: http://www.yso.fi/onto/tero/p12265 skos:broader http://www.yso.fi/onto/yso/p1435
WARNING: Eliminating redundant hierarchical relationship: http://www.yso.fi/onto/tero/p12334 skos:broader http://www.yso.fi/onto/yso/p2633
WARNING: Eliminating redundant hierarchical relationship: http://www.yso.fi/onto/tero/p1255 skos:broader http://www.yso.fi/onto/yso/p1188
WARNING: Eliminating redundant hierarchical relationship: http://www.yso.fi/onto/tero/p12570 skos:broader http://www.yso.fi/onto/yso/p838
WARNING: Eliminating redundant hierarchical relationship: http://www.yso.fi/onto/tero/p13101 skos:broader http://www.yso.fi/onto/yso/p1736
WARNING: Eliminating redundant hierarchical relationship: http://www.yso.fi/onto/tero/p13358 skos:broader http://www.yso.fi/onto/yso/p3632
WARNING: Eliminating redundant hierarchical relationship: http://www.yso.fi/onto/tero/p14111 skos:broader http://www.yso.fi/onto/yso/p2633
WARNING: Eliminating redundant hierarchical relationship: http://www.yso.fi/onto/tero/p14613 skos:broader http://www.yso.fi/onto/yso/p13750
WARNING: Eliminating redundant hierarchical relationship: http://www.yso.fi/onto/tero/p1491 skos:broader http://www.yso.fi/onto/yso/p1493
WARNING: Eliminating redundant hierarchical relationship: http://www.yso.fi/onto/tero/p15197 skos:broader http://www.yso.fi/onto/yso/p1435
WARNING: Eliminating redundant hierarchical relationship: http://www.yso.fi/onto/tero/p15222 skos:broader http://www.yso.fi/onto/yso/p1493
WARNING: Eliminating redundant hierarchical relationship: http://www.yso.fi/onto/tero/p15700 skos:broader http://www.yso.fi/onto/tero/p1804
WARNING: Eliminating redundant hierarchical relationship: http://www.yso.fi/onto/tero/p15700 skos:broader http://www.yso.fi/onto/yso/p1804
WARNING: Eliminating redundant hierarchical relationship: http://www.yso.fi/onto/tero/p15794 skos:broader http://www.yso.fi/onto/yso/p3632
WARNING: Eliminating redundant hierarchical relationship: http://www.yso.fi/onto/tero/p15937 skos:broader http://www.yso.fi/onto/yso/p4354
WARNING: Eliminating redundant hierarchical relationship: http://www.yso.fi/onto/tero/p1659 skos:broader http://www.yso.fi/onto/yso/p2633
WARNING: Eliminating redundant hierarchical relationship: http://www.yso.fi/onto/tero/p16613 skos:broader http://www.yso.fi/onto/yso/p11344
WARNING: Eliminating redundant hierarchical relationship: http://www.yso.fi/onto/tero/p17053 skos:broader http://www.yso.fi/onto/yso/p12047
WARNING: Eliminating redundant hierarchical relationship: http://www.yso.fi/onto/tero/p17064 skos:broader http://www.yso.fi/onto/yso/p8198
WARNING: Eliminating redundant hierarchical relationship: http://www.yso.fi/onto/tero/p17068 skos:broader http://www.yso.fi/onto/yso/p2633
WARNING: Eliminating redundant hierarchical relationship: http://www.yso.fi/onto/tero/p1707 skos:broader http://www.yso.fi/onto/yso/p1435
WARNING: Eliminating redundant hierarchical relationship: http://www.yso.fi/onto/tero/p1712 skos:broader http://www.yso.fi/onto/yso/p16148
WARNING: Eliminating redundant hierarchical relationship: http://www.yso.fi/onto/tero/p17173 skos:broader http://www.yso.fi/onto/yso/p678
WARNING: Eliminating redundant hierarchical relationship: http://www.yso.fi/onto/tero/p17313 skos:broader http://www.yso.fi/onto/yso/p3971
WARNING: Eliminating redundant hierarchical relationship: http://www.yso.fi/onto/tero/p1741 skos:broader http://www.yso.fi/onto/yso/p1435
WARNING: Eliminating redundant hierarchical relationship: http://www.yso.fi/onto/tero/p17647 skos:broader http://www.yso.fi/onto/yso/p392
WARNING: Eliminating redundant hierarchical relationship: http://www.yso.fi/onto/tero/p18067 skos:broader http://www.yso.fi/onto/yso/p1435
WARNING: Eliminating redundant hierarchical relationship: http://www.yso.fi/onto/tero/p18200 skos:broader http://www.yso.fi/onto/yso/p1298
WARNING: Eliminating redundant hierarchical relationship: http://www.yso.fi/onto/tero/p1852 skos:broader http://www.yso.fi/onto/yso/p3097
WARNING: Eliminating redundant hierarchical relationship: http://www.yso.fi/onto/tero/p18662 skos:broader http://www.yso.fi/onto/yso/p1435
WARNING: Eliminating redundant hierarchical relationship: http://www.yso.fi/onto/tero/p19234 skos:broader http://www.yso.fi/onto/yso/p1435
WARNING: Eliminating redundant hierarchical relationship: http://www.yso.fi/onto/tero/p19265 skos:broader http://www.yso.fi/onto/yso/p392
WARNING: Eliminating redundant hierarchical relationship: http://www.yso.fi/onto/tero/p19273 skos:broader http://www.yso.fi/onto/yso/p1263
WARNING: Eliminating redundant hierarchical relationship: http://www.yso.fi/onto/tero/p19394 skos:broader http://www.yso.fi/onto/yso/p1749
WARNING: Eliminating redundant hierarchical relationship: http://www.yso.fi/onto/tero/p1940 skos:broader http://www.yso.fi/onto/yso/p132
WARNING: Eliminating redundant hierarchical relationship: http://www.yso.fi/onto/tero/p19816 skos:broader http://www.yso.fi/onto/yso/p5886
WARNING: Eliminating redundant hierarchical relationship: http://www.yso.fi/onto/tero/p19996 skos:broader http://www.yso.fi/onto/yso/p392
WARNING: Eliminating redundant hierarchical relationship: http://www.yso.fi/onto/tero/p20086 skos:broader http://www.yso.fi/onto/yso/p1287
WARNING: Eliminating redundant hierarchical relationship: http://www.yso.fi/onto/tero/p20402 skos:broader http://www.yso.fi/onto/yso/p1435
WARNING: Eliminating redundant hierarchical relationship: http://www.yso.fi/onto/tero/p20496 skos:broader http://www.yso.fi/onto/yso/p38217
WARNING: Eliminating redundant hierarchical relationship: http://www.yso.fi/onto/tero/p2070 skos:broader http://www.yso.fi/onto/yso/p476
WARNING: Eliminating redundant hierarchical relationship: http://www.yso.fi/onto/tero/p2120 skos:broader http://www.yso.fi/onto/yso/p1435
WARNING: Eliminating redundant hierarchical relationship: http://www.yso.fi/onto/tero/p2176 skos:broader http://www.yso.fi/onto/yso/p1435
WARNING: Eliminating redundant hierarchical relationship: http://www.yso.fi/onto/tero/p2303 skos:broader http://www.yso.fi/onto/yso/p2304
WARNING: Eliminating redundant hierarchical relationship: http://www.yso.fi/onto/tero/p2361 skos:broader http://www.yso.fi/onto/yso/p1435
WARNING: Eliminating redundant hierarchical relationship: http://www.yso.fi/onto/tero/p2421 skos:broader http://www.yso.fi/onto/yso/p1188
WARNING: Eliminating redundant hierarchical relationship: http://www.yso.fi/onto/tero/p2433 skos:broader http://www.yso.fi/onto/yso/p5591
WARNING: Eliminating redundant hierarchical relationship: http://www.yso.fi/onto/tero/p25237 skos:broader http://www.yso.fi/onto/yso/p16178
WARNING: Eliminating redundant hierarchical relationship: http://www.yso.fi/onto/tero/p2587 skos:broader http://www.yso.fi/onto/yso/p392
WARNING: Eliminating redundant hierarchical relationship: http://www.yso.fi/onto/tero/p2766 skos:broader http://www.yso.fi/onto/yso/p2409
WARNING: Eliminating redundant hierarchical relationship: http://www.yso.fi/onto/tero/p2840 skos:broader http://www.yso.fi/onto/yso/p1435
WARNING: Eliminating redundant hierarchical relationship: http://www.yso.fi/onto/tero/p3324 skos:broader http://www.yso.fi/onto/yso/p3326
WARNING: Eliminating redundant hierarchical relationship: http://www.yso.fi/onto/tero/p3443 skos:broader http://www.yso.fi/onto/yso/p1435
WARNING: Eliminating redundant hierarchical relationship: http://www.yso.fi/onto/tero/p3670 skos:broader http://www.yso.fi/onto/yso/p1435
WARNING: Eliminating redundant hierarchical relationship: http://www.yso.fi/onto/tero/p3934 skos:broader http://www.yso.fi/onto/yso/p1435
WARNING: Eliminating redundant hierarchical relationship: http://www.yso.fi/onto/tero/p3939 skos:broader http://www.yso.fi/onto/yso/p1435
WARNING: Eliminating redundant hierarchical relationship: http://www.yso.fi/onto/tero/p4105 skos:broader http://www.yso.fi/onto/yso/p2633
WARNING: Eliminating redundant hierarchical relationship: http://www.yso.fi/onto/tero/p4156 skos:broader http://www.yso.fi/onto/yso/p49
WARNING: Eliminating redundant hierarchical relationship: http://www.yso.fi/onto/tero/p4801 skos:broader http://www.yso.fi/onto/yso/p132
WARNING: Eliminating redundant hierarchical relationship: http://www.yso.fi/onto/tero/p4847 skos:broader http://www.yso.fi/onto/yso/p1435
WARNING: Eliminating redundant hierarchical relationship: http://www.yso.fi/onto/tero/p4938 skos:broader http://www.yso.fi/onto/yso/p1435
WARNING: Eliminating redundant hierarchical relationship: http://www.yso.fi/onto/tero/p5216 skos:broader http://www.yso.fi/onto/yso/p1435
WARNING: Eliminating redundant hierarchical relationship: http://www.yso.fi/onto/tero/p5587 skos:broader http://www.yso.fi/onto/yso/p3670
WARNING: Eliminating redundant hierarchical relationship: http://www.yso.fi/onto/tero/p5594 skos:broader http://www.yso.fi/onto/yso/p5591
WARNING: Eliminating redundant hierarchical relationship: http://www.yso.fi/onto/tero/p5679 skos:broader http://www.yso.fi/onto/yso/p5682
WARNING: Eliminating redundant hierarchical relationship: http://www.yso.fi/onto/tero/p5742 skos:broader http://www.yso.fi/onto/yso/p1298
WARNING: Eliminating redundant hierarchical relationship: http://www.yso.fi/onto/tero/p6245 skos:broader http://www.yso.fi/onto/yso/p1435
WARNING: Eliminating redundant hierarchical relationship: http://www.yso.fi/onto/tero/p6624 skos:broader http://www.yso.fi/onto/yso/p838
WARNING: Eliminating redundant hierarchical relationship: http://www.yso.fi/onto/tero/p668 skos:broader http://www.yso.fi/onto/yso/p36
WARNING: Eliminating redundant hierarchical relationship: http://www.yso.fi/onto/tero/p6708 skos:broader http://www.yso.fi/onto/yso/p1435
WARNING: Eliminating redundant hierarchical relationship: http://www.yso.fi/onto/tero/p7067 skos:broader http://www.yso.fi/onto/yso/p1435
WARNING: Eliminating redundant hierarchical relationship: http://www.yso.fi/onto/tero/p7085 skos:broader http://www.yso.fi/onto/yso/p838
WARNING: Eliminating redundant hierarchical relationship: http://www.yso.fi/onto/tero/p7126 skos:broader http://www.yso.fi/onto/yso/p1298
WARNING: Eliminating redundant hierarchical relationship: http://www.yso.fi/onto/tero/p713 skos:broader http://www.yso.fi/onto/yso/p1707
WARNING: Eliminating redundant hierarchical relationship: http://www.yso.fi/onto/tero/p7436 skos:broader http://www.yso.fi/onto/yso/p1435
WARNING: Eliminating redundant hierarchical relationship: http://www.yso.fi/onto/tero/p7466 skos:broader http://www.yso.fi/onto/yso/p1435
WARNING: Eliminating redundant hierarchical relationship: http://www.yso.fi/onto/tero/p7595 skos:broader http://www.yso.fi/onto/yso/p2344
WARNING: Eliminating redundant hierarchical relationship: http://www.yso.fi/onto/tero/p7757 skos:broader http://www.yso.fi/onto/yso/p1435
WARNING: Eliminating redundant hierarchical relationship: http://www.yso.fi/onto/tero/p804 skos:broader http://www.yso.fi/onto/yso/p392
WARNING: Eliminating redundant hierarchical relationship: http://www.yso.fi/onto/tero/p810 skos:broader http://www.yso.fi/onto/yso/p11011
WARNING: Eliminating redundant hierarchical relationship: http://www.yso.fi/onto/tero/p8163 skos:broader http://www.yso.fi/onto/yso/p1433
WARNING: Eliminating redundant hierarchical relationship: http://www.yso.fi/onto/tero/p8163 skos:broader http://www.yso.fi/onto/yso/p1435
WARNING: Eliminating redundant hierarchical relationship: http://www.yso.fi/onto/tero/p8393 skos:broader http://www.yso.fi/onto/yso/p1736
WARNING: Eliminating redundant hierarchical relationship: http://www.yso.fi/onto/tero/p8427 skos:broader http://www.yso.fi/onto/yso/p1435
WARNING: Eliminating redundant hierarchical relationship: http://www.yso.fi/onto/tero/p8748 skos:broader http://www.yso.fi/onto/yso/p27713
WARNING: Eliminating redundant hierarchical relationship: http://www.yso.fi/onto/tero/p8783 skos:broader http://www.yso.fi/onto/yso/p14790
WARNING: Eliminating redundant hierarchical relationship: http://www.yso.fi/onto/tero/p9409 skos:broader http://www.yso.fi/onto/yso/p38759
WARNING: Eliminating redundant hierarchical relationship: http://www.yso.fi/onto/tero/p9410 skos:broader http://www.yso.fi/onto/yso/p38759
WARNING: Eliminating redundant hierarchical relationship: http://www.yso.fi/onto/tero/p9570 skos:broader http://www.yso.fi/onto/yso/p6602
WARNING: Eliminating redundant hierarchical relationship: http://www.yso.fi/onto/tero/p9573 skos:broader http://www.yso.fi/onto/yso/p1435
WARNING: Eliminating redundant hierarchical relationship: http://www.yso.fi/onto/tero/t31885 skos:broader http://www.yso.fi/onto/yso/p11483
WARNING: Eliminating redundant hierarchical relationship: http://www.yso.fi/onto/tero/t31885 skos:broader http://www.yso.fi/onto/yso/p1707
WARNING: Eliminating redundant hierarchical relationship: http://www.yso.fi/onto/tero/t32092 skos:broader http://www.yso.fi/onto/yso/p2442
WARNING: Eliminating redundant hierarchical relationship: http://www.yso.fi/onto/tero/t32149 skos:broader http://www.yso.fi/onto/yso/p39850
WARNING: Eliminating redundant hierarchical relationship: http://www.yso.fi/onto/tero/t32305 skos:broader http://www.yso.fi/onto/yso/p20931
WARNING: Eliminating redundant hierarchical relationship: http://www.yso.fi/onto/tero/t33202 skos:broader http://www.yso.fi/onto/yso/p838
WARNING: Eliminating redundant hierarchical relationship: http://www.yso.fi/onto/yso/p1741 skos:broader http://www.yso.fi/onto/yso/p1435
WARNING: Eliminating redundant hierarchical relationship: http://www.yso.fi/onto/yso/p41007 skos:broader http://www.yso.fi/onto/yso/p1435
WARNING: Eliminating redundant hierarchical relationship: http://www.yso.fi/onto/yso/p9737 skos:broader http://www.yso.fi/onto/yso/p1404
WARNING: Resource http://www.yso.fi/onto/tero/t33177 has more than one prefLabel@fi: choosing laki toimeentulotuesta (policy: shortest)
WARNING: Resource http://www.yso.fi/onto/tero/t33233 has more than one prefLabel@fi: choosing terveyssosiaalityö (policy: shortest)
WARNING: Resource http://www.yso.fi/onto/tero/t33238 has more than one prefLabel@fi: choosing erikoissairaanhoidon osastohoito (policy: shortest)
WARNING: Resource http://www.yso.fi/onto/yso/p13162 has more than one prefLabel@en: choosing Hungarian Australians (policy: shortest)
WARNING: Resource http://www.yso.fi/onto/yso/p22888 has more than one prefLabel@en: choosing Peruvians (policy: shortest)
WARNING: Resource http://www.yso.fi/onto/tero/D000928 has 'masennuslääkkeet'@fi as both prefLabel and altLabel; removing altLabel
WARNING: Resource http://www.yso.fi/onto/tero/D001526 has 'käytösoireet'@fi as both prefLabel and altLabel; removing altLabel
WARNING: Resource http://www.yso.fi/onto/tero/D001654 has 'sappiväriaineet'@fi as both prefLabel and altLabel; removing altLabel
WARNING: Resource http://www.yso.fi/onto/tero/D001826 has 'ruumiinnesteet'@fi as both prefLabel and altLabel; removing altLabel
WARNING: Resource http://www.yso.fi/onto/tero/D001833 has 'ruumiinlämmön säätely'@fi as both prefLabel and altLabel; removing altLabel
WARNING: Resource http://www.yso.fi/onto/tero/D003875 has 'lääkeihottumat'@fi as both prefLabel and altLabel; removing altLabel
WARNING: Resource http://www.yso.fi/onto/tero/D004035 has 'ruokavaliohoito'@fi as both prefLabel and altLabel; removing altLabel
WARNING: Resource http://www.yso.fi/onto/tero/D006969 has 'välitön yliherkkyys'@fi as both prefLabel and altLabel; removing altLabel
WARNING: Resource http://www.yso.fi/onto/tero/D008208 has 'imukudosjärjestelmä'@fi as both prefLabel and altLabel; removing altLabel
WARNING: Resource http://www.yso.fi/onto/tero/D009181 has 'sienitaudit'@fi as both prefLabel and altLabel; removing altLabel
WARNING: Resource http://www.yso.fi/onto/tero/D009461 has 'neurologiset oireet'@fi as both prefLabel and altLabel; removing altLabel
WARNING: Resource http://www.yso.fi/onto/tero/D010335 has 'patologinen prosessi'@fi as both prefLabel and altLabel; removing altLabel
WARNING: Resource http://www.yso.fi/onto/tero/D010592 has 'farmaseuttiset apuaineet'@fi as both prefLabel and altLabel; removing altLabel
WARNING: Resource http://www.yso.fi/onto/tero/D012120 has 'hengityshäiriöt'@fi as both prefLabel and altLabel; removing altLabel
WARNING: Resource http://www.yso.fi/onto/tero/D012130 has 'hengitysteiden yliherkkyys'@fi as both prefLabel and altLabel; removing altLabel
WARNING: Resource http://www.yso.fi/onto/tero/D012270 has 'ribosomit'@fi as both prefLabel and altLabel; removing altLabel
WARNING: Resource http://www.yso.fi/onto/tero/D012678 has 'aistihäiriöt'@fi as both prefLabel and altLabel; removing altLabel
WARNING: Resource http://www.yso.fi/onto/tero/D012882 has 'ihotestit'@fi as both prefLabel and altLabel; removing altLabel
WARNING: Resource http://www.yso.fi/onto/tero/D015835 has 'silmien liikehäiriöt'@fi as both prefLabel and altLabel; removing altLabel
WARNING: Resource http://www.yso.fi/onto/tero/D017933 has 'ääreishermosto'@fi as both prefLabel and altLabel; removing altLabel
WARNING: Resource http://www.yso.fi/onto/tero/D034841 has 'vatsaontelo'@fi as both prefLabel and altLabel; removing altLabel
WARNING: Resource http://www.yso.fi/onto/tero/D052439 has 'rasva-aineenvaihdunnan häiriöt'@fi as both prefLabel and altLabel; removing altLabel
WARNING: Resource http://www.yso.fi/onto/tero/p10441 has 'pesticides'@en as both prefLabel and altLabel; removing altLabel
WARNING: Resource http://www.yso.fi/onto/tero/p10962 has 'delirium tremens'@fi as both prefLabel and altLabel; removing altLabel
WARNING: Resource http://www.yso.fi/onto/tero/p11099 has 'riskit'@fi as both prefLabel and altLabel; removing altLabel
WARNING: Resource http://www.yso.fi/onto/tero/p1122 has 'rhinoviruses'@en as both prefLabel and altLabel; removing altLabel
WARNING: Resource http://www.yso.fi/onto/tero/p13358 has 'munasarjat'@fi as both prefLabel and altLabel; removing altLabel
WARNING: Resource http://www.yso.fi/onto/tero/p14972 has 'seulontatutkimukset'@fi as both prefLabel and altLabel; removing altLabel
WARNING: Resource http://www.yso.fi/onto/tero/p14975 has 'joints'@en as both prefLabel and altLabel; removing altLabel
WARNING: Resource http://www.yso.fi/onto/tero/p17865 has 'tietokoneavusteinen suunnittelu'@fi as both prefLabel and altLabel; removing altLabel
WARNING: Resource http://www.yso.fi/onto/tero/p17866 has 'tietokoneavusteinen valmistus'@fi as both prefLabel and altLabel; removing altLabel
WARNING: Resource http://www.yso.fi/onto/tero/p1974 has 'förbränning (kemisk reaktion)'@sv as both prefLabel and altLabel; removing altLabel
WARNING: Resource http://www.yso.fi/onto/tero/p3328 has 'EEG'@fi as both prefLabel and altLabel; removing altLabel
WARNING: Resource http://www.yso.fi/onto/tero/p3741 has 'tietokoneintegroitu tuotanto'@fi as both prefLabel and altLabel; removing altLabel
WARNING: Resource http://www.yso.fi/onto/tero/p4509 has 'hankinta'@fi as both prefLabel and altLabel; removing altLabel
WARNING: Resource http://www.yso.fi/onto/tero/p5463 has 'amfetamiini'@fi as both prefLabel and altLabel; removing altLabel
WARNING: Resource http://www.yso.fi/onto/tero/p717 has 'sairaanhoitopiirit'@fi as both prefLabel and altLabel; removing altLabel
WARNING: Resource http://www.yso.fi/onto/tero/p9039 has 'kivennäisaineet'@fi as both prefLabel and altLabel; removing altLabel
WARNING: Resource http://www.yso.fi/onto/tero/t32152 has 'tarsaltunnelsyndrom'@sv as both prefLabel and altLabel; removing altLabel
WARNING: Resource http://www.yso.fi/onto/yso/p24836 has 'customs clearance'@en as both prefLabel and altLabel; removing altLabel
WARNING: Resource http://www.yso.fi/onto/tero/D007428 has 'intradermal test'@en as both prefLabel and hiddenLabel; removing hiddenLabel
WARNING: Resource http://www.yso.fi/onto/tero/D018563 has 'disease notifications'@en as both prefLabel and hiddenLabel; removing hiddenLabel
WARNING: Resource http://www.yso.fi/onto/tero/t31667 has 'dagpenningar vid smittsam sjukdom'@sv as both prefLabel and hiddenLabel; removing hiddenLabel
WARNING: Resource http://www.yso.fi/onto/tero/t32245 has 'verisuoniepämuodostuma'@fi as both prefLabel and hiddenLabel; removing hiddenLabel
WARNING: Resource http://www.yso.fi/onto/yso/p15621 has 'edge effects'@en as both prefLabel and hiddenLabel; removing hiddenLabel
WARNING: Resource http://www.yso.fi/onto/yso/p27569 has 'tunteiden vapautustekniikka'@fi as both prefLabel and hiddenLabel; removing hiddenLabel
WARNING: Resource http://www.yso.fi/onto/yso/p29608 has 'heteroseksuálat'@se as both prefLabel and hiddenLabel; removing hiddenLabel
WARNING: Resource http://www.yso.fi/onto/yso/p37933 has 'joikers'@en as both prefLabel and hiddenLabel; removing hiddenLabel
WARNING: Resource http://www.yso.fi/onto/yso/p39442 has 'Oscar-pris'@sv as both prefLabel and hiddenLabel; removing hiddenLabel
WARNING: Resource http://www.yso.fi/onto/yso/p39580 has 'City Sámi'@en as both prefLabel and hiddenLabel; removing hiddenLabel
WARNING: Resource http://www.yso.fi/onto/yso/p39621 has 'Fisher Sámi'@en as both prefLabel and hiddenLabel; removing hiddenLabel
WARNING: Resource http://www.yso.fi/onto/yso/p39754 has 'leranimation'@sv as both prefLabel and hiddenLabel; removing hiddenLabel
WARNING: Resource http://www.yso.fi/onto/yso/p5341 has 'diskussionsprogram'@sv as both prefLabel and hiddenLabel; removing hiddenLabel
WARNING: Resource http://www.yso.fi/onto/yso/p5929 has 'páhkat'@se as both prefLabel and hiddenLabel; removing hiddenLabel
WARNING: Resource http://www.yso.fi/onto/tero/D018563 has 'notifications, disease'@en as both altLabel and hiddenLabel; removing hiddenLabel
WARNING: Resource http://www.yso.fi/onto/yso/p10046 has 'utbildningsfilmer'@sv as both altLabel and hiddenLabel; removing hiddenLabel
WARNING: Resource http://www.yso.fi/onto/yso/p10362 has 'mem'@sv as both altLabel and hiddenLabel; removing hiddenLabel
WARNING: Resource http://www.yso.fi/onto/yso/p11006 has 'hiiri'@fi as both altLabel and hiddenLabel; removing hiddenLabel
WARNING: Resource http://www.yso.fi/onto/yso/p12044 has 'southern lights'@en as both altLabel and hiddenLabel; removing hiddenLabel
WARNING: Resource http://www.yso.fi/onto/yso/p12197 has 'metavolcanic rock'@en as both altLabel and hiddenLabel; removing hiddenLabel
WARNING: Resource http://www.yso.fi/onto/yso/p13754 has 'commemorative coins'@en as both altLabel and hiddenLabel; removing hiddenLabel
WARNING: Resource http://www.yso.fi/onto/yso/p1459 has 'lingua franca'@fi as both altLabel and hiddenLabel; removing hiddenLabel
WARNING: Resource http://www.yso.fi/onto/yso/p15944 has 'kirkkolaki'@fi as both altLabel and hiddenLabel; removing hiddenLabel
WARNING: Resource http://www.yso.fi/onto/yso/p1674 has 'fyysinen kokonaisuus'@fi as both altLabel and hiddenLabel; removing hiddenLabel
WARNING: Resource http://www.yso.fi/onto/yso/p18381 has 'valutamarknad'@sv as both altLabel and hiddenLabel; removing hiddenLabel
WARNING: Resource http://www.yso.fi/onto/yso/p18849 has 'människa'@sv as both altLabel and hiddenLabel; removing hiddenLabel
WARNING: Resource http://www.yso.fi/onto/yso/p18997 has 'juutalaissota'@fi as both altLabel and hiddenLabel; removing hiddenLabel
WARNING: Resource http://www.yso.fi/onto/yso/p19055 has 'kiuas'@fi as both altLabel and hiddenLabel; removing hiddenLabel
WARNING: Resource http://www.yso.fi/onto/yso/p19365 has 'medelklass'@sv as both altLabel and hiddenLabel; removing hiddenLabel
WARNING: Resource http://www.yso.fi/onto/yso/p19778 has 'informationscenter'@sv as both altLabel and hiddenLabel; removing hiddenLabel
WARNING: Resource http://www.yso.fi/onto/yso/p19778 has 'informationscentrum'@sv as both altLabel and hiddenLabel; removing hiddenLabel
WARNING: Resource http://www.yso.fi/onto/yso/p20276 has 'orders'@en as both altLabel and hiddenLabel; removing hiddenLabel
WARNING: Resource http://www.yso.fi/onto/yso/p2108 has 'evenemang'@sv as both altLabel and hiddenLabel; removing hiddenLabel
WARNING: Resource http://www.yso.fi/onto/yso/p23383 has 'familjecentrum'@sv as both altLabel and hiddenLabel; removing hiddenLabel
WARNING: Resource http://www.yso.fi/onto/yso/p245 has 'eloton fyysinen kokonaisuus'@fi as both altLabel and hiddenLabel; removing hiddenLabel
WARNING: Resource http://www.yso.fi/onto/yso/p25099 has 'organisaatiomuutos'@fi as both altLabel and hiddenLabel; removing hiddenLabel
WARNING: Resource http://www.yso.fi/onto/yso/p25310 has 'vääryys'@fi as both altLabel and hiddenLabel; removing hiddenLabel
WARNING: Resource http://www.yso.fi/onto/yso/p25537 has 'dalit'@fi as both altLabel and hiddenLabel; removing hiddenLabel
WARNING: Resource http://www.yso.fi/onto/yso/p25594 has 'sjukhusserie'@sv as both altLabel and hiddenLabel; removing hiddenLabel
WARNING: Resource http://www.yso.fi/onto/yso/p2577 has 'erikoisala'@fi as both altLabel and hiddenLabel; removing hiddenLabel
WARNING: Resource http://www.yso.fi/onto/yso/p26492 has 'Hammurabin laki'@fi as both altLabel and hiddenLabel; removing hiddenLabel
WARNING: Resource http://www.yso.fi/onto/yso/p26785 has 'rajatarkastus'@fi as both altLabel and hiddenLabel; removing hiddenLabel
WARNING: Resource http://www.yso.fi/onto/yso/p26981 has 'netsuke'@fi as both altLabel and hiddenLabel; removing hiddenLabel
WARNING: Resource http://www.yso.fi/onto/yso/p27592 has 'kouluvalinta'@fi as both altLabel and hiddenLabel; removing hiddenLabel
WARNING: Resource http://www.yso.fi/onto/yso/p27921 has 'viikonloppu'@fi as both altLabel and hiddenLabel; removing hiddenLabel
WARNING: Resource http://www.yso.fi/onto/yso/p27996 has 'poronhoitoalue'@fi as both altLabel and hiddenLabel; removing hiddenLabel
WARNING: Resource http://www.yso.fi/onto/yso/p2826 has 'järjestetty tapahtuma'@fi as both altLabel and hiddenLabel; removing hiddenLabel
WARNING: Resource http://www.yso.fi/onto/yso/p2921 has 'uskonto'@fi as both altLabel and hiddenLabel; removing hiddenLabel
WARNING: Resource http://www.yso.fi/onto/yso/p29448 has 'etäpalvelu'@fi as both altLabel and hiddenLabel; removing hiddenLabel
WARNING: Resource http://www.yso.fi/onto/yso/p29752 has 'FOIA requests'@en as both altLabel and hiddenLabel; removing hiddenLabel
WARNING: Resource http://www.yso.fi/onto/yso/p29833 has 'MC (musik)'@sv as both altLabel and hiddenLabel; removing hiddenLabel
WARNING: Resource http://www.yso.fi/onto/yso/p30038 has 'raga'@sv as both altLabel and hiddenLabel; removing hiddenLabel
WARNING: Resource http://www.yso.fi/onto/yso/p347 has 'ihmisen määrittämä paikka'@fi as both altLabel and hiddenLabel; removing hiddenLabel
WARNING: Resource http://www.yso.fi/onto/yso/p3486 has 'kieltolaki'@fi as both altLabel and hiddenLabel; removing hiddenLabel
WARNING: Resource http://www.yso.fi/onto/yso/p3763 has 'kansalaisen asema'@fi as both altLabel and hiddenLabel; removing hiddenLabel
WARNING: Resource http://www.yso.fi/onto/yso/p38086 has 'sävellysmuoto'@fi as both altLabel and hiddenLabel; removing hiddenLabel
WARNING: Resource http://www.yso.fi/onto/yso/p38297 has 'Nilotes'@en as both altLabel and hiddenLabel; removing hiddenLabel
WARNING: Resource http://www.yso.fi/onto/yso/p39181 has 'nonsmoking spaces'@en as both altLabel and hiddenLabel; removing hiddenLabel
WARNING: Resource http://www.yso.fi/onto/yso/p39181 has 'suovahis guovllut'@se as both altLabel and hiddenLabel; removing hiddenLabel
WARNING: Resource http://www.yso.fi/onto/yso/p39268 has 'Chippewa'@en as both altLabel and hiddenLabel; removing hiddenLabel
WARNING: Resource http://www.yso.fi/onto/yso/p3957 has 'indoor fireplaces'@en as both altLabel and hiddenLabel; removing hiddenLabel
WARNING: Resource http://www.yso.fi/onto/yso/p39580 has 'City Saami'@en as both altLabel and hiddenLabel; removing hiddenLabel
WARNING: Resource http://www.yso.fi/onto/yso/p39580 has 'City Sami'@en as both altLabel and hiddenLabel; removing hiddenLabel
WARNING: Resource http://www.yso.fi/onto/yso/p39621 has 'Fisher Saami'@en as both altLabel and hiddenLabel; removing hiddenLabel
WARNING: Resource http://www.yso.fi/onto/yso/p39621 has 'Fisher Sami'@en as both altLabel and hiddenLabel; removing hiddenLabel
WARNING: Resource http://www.yso.fi/onto/yso/p3967 has 'malaijilaš-polynesialaš giella'@se as both altLabel and hiddenLabel; removing hiddenLabel
WARNING: Resource http://www.yso.fi/onto/yso/p39754 has 'leranimerad film'@sv as both altLabel and hiddenLabel; removing hiddenLabel
WARNING: Resource http://www.yso.fi/onto/yso/p39868 has 'bioaktivt glas'@sv as both altLabel and hiddenLabel; removing hiddenLabel
WARNING: Resource http://www.yso.fi/onto/yso/p40330 has 'exercise areas (rescue services)'@en as both altLabel and hiddenLabel; removing hiddenLabel
WARNING: Resource http://www.yso.fi/onto/yso/p4034 has 'kalenteriin liittyvä ajanjakso'@fi as both altLabel and hiddenLabel; removing hiddenLabel
WARNING: Resource http://www.yso.fi/onto/yso/p4035 has 'ajanjakso'@fi as both altLabel and hiddenLabel; removing hiddenLabel
WARNING: Resource http://www.yso.fi/onto/yso/p40560 has 'Israeli'@en as both altLabel and hiddenLabel; removing hiddenLabel
WARNING: Resource http://www.yso.fi/onto/yso/p4320 has 'investointi'@fi as both altLabel and hiddenLabel; removing hiddenLabel
WARNING: Resource http://www.yso.fi/onto/yso/p4320 has 'investeren'@se as both altLabel and hiddenLabel; removing hiddenLabel
WARNING: Resource http://www.yso.fi/onto/yso/p4434 has 'oppilasvalinta'@fi as both altLabel and hiddenLabel; removing hiddenLabel
WARNING: Resource http://www.yso.fi/onto/yso/p4435 has 'opiskelijavalinta'@fi as both altLabel and hiddenLabel; removing hiddenLabel
WARNING: Resource http://www.yso.fi/onto/yso/p4892 has 'trade events'@en as both altLabel and hiddenLabel; removing hiddenLabel
WARNING: Resource http://www.yso.fi/onto/yso/p534 has 'mysterier (oförklarliga fenomen)'@sv as both altLabel and hiddenLabel; removing hiddenLabel
WARNING: Resource http://www.yso.fi/onto/yso/p5468 has 'minister (church)'@en as both altLabel and hiddenLabel; removing hiddenLabel
WARNING: Resource http://www.yso.fi/onto/yso/p570 has 'yhteiskunnallinen ajanjakso'@fi as both altLabel and hiddenLabel; removing hiddenLabel
WARNING: Resource http://www.yso.fi/onto/yso/p5729 has 'ilmastonmuutos'@fi as both altLabel and hiddenLabel; removing hiddenLabel
WARNING: Resource http://www.yso.fi/onto/yso/p6043 has 'halsmandel'@sv as both altLabel and hiddenLabel; removing hiddenLabel
WARNING: Resource http://www.yso.fi/onto/yso/p6365 has 'kvinnors ställning'@sv as both altLabel and hiddenLabel; removing hiddenLabel
WARNING: Resource http://www.yso.fi/onto/yso/p6944 has 'elollinen fyysinen kokonaisuus'@fi as both altLabel and hiddenLabel; removing hiddenLabel
WARNING: Resource http://www.yso.fi/onto/yso/p7295 has 'merkintä'@fi as both altLabel and hiddenLabel; removing hiddenLabel
WARNING: Resource http://www.yso.fi/onto/yso/p7316 has 'infektio'@fi as both altLabel and hiddenLabel; removing hiddenLabel
WARNING: Resource http://www.yso.fi/onto/yso/p7417 has 'opiskelutekniikka'@fi as both altLabel and hiddenLabel; removing hiddenLabel
WARNING: Resource http://www.yso.fi/onto/yso/p7466 has 'kuitu'@fi as both altLabel and hiddenLabel; removing hiddenLabel
WARNING: Resource http://www.yso.fi/onto/yso/p7488 has 'rannikko'@fi as both altLabel and hiddenLabel; removing hiddenLabel
WARNING: Resource http://www.yso.fi/onto/yso/p750 has 'hinta'@fi as both altLabel and hiddenLabel; removing hiddenLabel
WARNING: Resource http://www.yso.fi/onto/yso/p8315 has 'foresters'@en as both altLabel and hiddenLabel; removing hiddenLabel
WARNING: Resource http://www.yso.fi/onto/yso/p926 has 'polymeeri'@fi as both altLabel and hiddenLabel; removing hiddenLabel
