/home/tskadmin/ontology/python3venv/lib/python3.12/site-packages/rdflib/plugin.py:114: UserWarning: pkg_resources is deprecated as an API. See https://setuptools.pypa.io/en/latest/pkg_resources.html. The pkg_resources package is slated for removal as early as 2025-11-30. Refrain from using this package or pin to Setuptools<81.
  from pkg_resources import iter_entry_points
DEBUG: Skosify starting. $Revision$
DEBUG: Phase 1: Parsing input files
DEBUG: Parsing input file ekso_julkaisu.ttl (format: turtle)
DEBUG: Parsing input file ekso-meta.ttl (format: turtle)
DEBUG: Parsing input file ekso-meta_publish.ttl (format: turtle)
DEBUG: Parsing input file ysoKehitys-2025.2-Kant_thematicGroupsRemoved.ttl (format: turtle)
DEBUG: Phase 2: Performing inferences
DEBUG: performing SPARQL Update transformation
DEBUG: update query: 
PREFIX dc11: <http://purl.org/dc/elements/1.1/>
PREFIX rdfs: <http://www.w3.org/2000/01/rdf-schema#>
PREFIX owl: <http://www.w3.org/2002/07/owl#>
PREFIX yso: <http://www.yso.fi/onto/yso/>
PREFIX ysometa: <http://www.yso.fi/onto/yso-meta/2007-03-02/>
PREFIX ysoupdate: <http://www.yso.fi/onto/yso-update/>
PREFIX sme-update: <http://www.yso.fi/yso-update/pohjoissaame/>
PREFIX skosxl: <http://www.w3.org/2008/05/skos-xl#>
PREFIX skos: <http://www.w3.org/2004/02/skos/core#>

DELETE {
?g skos:prefLabel ?sLabel .
?g skos:altLabel ?sLabel .
?h ?labelProp ?smeLabel .
}
INSERT {
?a rdfs:subClassOf ?parent .
?new a ysometa:StructuringClass .
?h ?labelProp ?seLabel .
?xl a skosxl:Label .
?xl skos:inScheme yso: .
?xl skosxl:literalForm ?sourcedSeLabel .
?xl dc11:source ?msg .
?c skosxl:prefLabel ?xl .
} WHERE {
{
?a owl:equivalentClass ?b .
?b rdfs:subClassOf|ysometa:deprecatedReplacedBy/rdfs:subClassOf ?parent .
FILTER (!STRSTARTS(STR(?a), "http://www.yso.fi/onto/yso/"))
FILTER (STRSTARTS(STR(?parent), "http://www.yso.fi/onto/yso/"))
}
UNION
{
?new rdfs:subClassOf ysoupdate:uudet .
}
UNION
{
?g skos:prefLabel|skos:altLabel ?sLabel .
?g rdfs:subClassOf sme-update:tarkistettavat .
FILTER (LANGMATCHES ('sme', LANG(?sLabel)) || LANGMATCHES ('se', LANG(?sLabel)))
}
UNION
{
?h ?labelProp ?smeLabel .
BIND (STRLANG (STR(?smeLabel), 'se') AS ?seLabel)
FILTER( LANGMATCHES('sme', LANG(?smeLabel)) )
FILTER NOT EXISTS { ?h rdfs:subClassOf sme-update:tarkistettavat . }
}
UNION
{
VALUES (?structuring ?msg)
{ (ysoupdate:GG "Sámi Giellagáldu, TermWiki. https://satni.uit.no/termwiki"@se)
(ysoupdate:PS "Pekka Sammallahti, Sámi-suoma sátnegirji. Davvi Girji, 2021. https://satni.org/sammallahtismefin"@se) }
?c rdfs:subClassOf ?structuring ;
skos:prefLabel ?sourcedLabel .
FILTER (LANGMATCHES ('sme', LANG(?sourcedLabel)) || LANGMATCHES ('se', LANG(?sourcedLabel)))
BIND (STRLANG (STR(?sourcedLabel), 'se') AS ?sourcedSeLabel)
BIND (URI(CONCAT(STR(?c),'#sme_1')) AS ?xl)
}
}
DEBUG: Phase 3: Setting up namespaces
DEBUG: Phase 4: Transforming concepts, literals and relations
INFO: Don't know what to do with type http://purl.org/dc/terms/LinguisticSystem
INFO: Don't know what to do with type http://spinrdf.org/sp#Construct
INFO: Don't know what to do with type http://www.w3.org/2008/05/skos-xl#Label
DEBUG: transform class http://www.yso.fi/onto/ekso-meta/Concept -> [rdflib.term.URIRef('http://www.yso.fi/onto/ekso-meta/Concept'), rdflib.term.URIRef('http://www.w3.org/2004/02/skos/core#Concept')]
DEBUG: transform class http://www.yso.fi/onto/ekso-meta/Hierarchy -> [rdflib.term.URIRef('http://www.w3.org/2004/02/skos/core#Concept'), rdflib.term.URIRef('http://www.yso.fi/onto/ekso-meta/Hierarchy')]
DEBUG: transform class http://www.yso.fi/onto/ekso-meta/StructuringClass -> [None]
DEBUG: transform class http://www.yso.fi/onto/ekso-meta/ThematicGroup -> [rdflib.term.URIRef('http://purl.org/iso25964/skos-thes#ConceptGroup'), rdflib.term.URIRef('http://www.w3.org/2004/02/skos/core#Collection')]
DEBUG: transform class http://www.yso.fi/onto/yso-meta/2007-03-02/Concept -> [rdflib.term.URIRef('http://www.w3.org/2004/02/skos/core#Concept'), rdflib.term.URIRef('http://www.yso.fi/onto/yso-meta/Concept')]
DEBUG: transform class http://www.yso.fi/onto/yso-meta/2007-03-02/DeprecatedAggregateConcept -> [rdflib.term.URIRef('http://purl.org/finnonto/schema/skosext#DeprecatedConcept')]
DEBUG: transform class http://www.yso.fi/onto/yso-meta/2007-03-02/DeprecatedConcept -> [rdflib.term.URIRef('http://purl.org/finnonto/schema/skosext#DeprecatedConcept')]
DEBUG: transform class http://www.yso.fi/onto/yso-meta/2007-03-02/DeprecatedGroupConcept -> [rdflib.term.URIRef('http://purl.org/iso25964/skos-thes#ThesaurusArray'), rdflib.term.URIRef('http://www.w3.org/2004/02/skos/core#Collection')]
INFO: Don't know what to do with type http://www.yso.fi/onto/yso-meta/2007-03-02/DeprecatedHierarchy
DEBUG: transform class http://www.yso.fi/onto/yso-meta/2007-03-02/GroupConcept -> [rdflib.term.URIRef('http://purl.org/iso25964/skos-thes#ThesaurusArray'), rdflib.term.URIRef('http://www.w3.org/2004/02/skos/core#Collection')]
DEBUG: transform class http://www.yso.fi/onto/yso-meta/2007-03-02/Hierarchy -> [rdflib.term.URIRef('http://www.w3.org/2004/02/skos/core#Concept'), rdflib.term.URIRef('http://www.yso.fi/onto/yso-meta/Hierarchy')]
DEBUG: transform class http://www.yso.fi/onto/yso-meta/2007-03-02/Individual -> [rdflib.term.URIRef('http://www.w3.org/2004/02/skos/core#Concept'), rdflib.term.URIRef('http://www.yso.fi/onto/yso-meta/Individual')]
DEBUG: transform class http://www.yso.fi/onto/yso-meta/2007-03-02/StructuringClass -> [None]
INFO: Don't know what to do with literal http://purl.org/dc/terms/created
INFO: Don't know what to do with literal http://purl.org/dc/terms/modified
DEBUG: transform literal http://www.w3.org/2004/02/skos/core#editorialNote -> [None]
INFO: Don't know what to do with literal http://www.w3.org/2008/05/skos-xl#literalForm
DEBUG: transform literal http://www.yso.fi/onto/ekso-meta/cu -> [None]
DEBUG: transform literal http://www.yso.fi/onto/ekso-meta/date -> [None]
DEBUG: transform literal http://www.yso.fi/onto/ekso-meta/dt -> [None]
DEBUG: transform literal http://www.yso.fi/onto/ekso-meta/source -> [None]
DEBUG: transform literal http://www.yso.fi/onto/ekso-meta/status -> [None]
INFO: Don't know what to do with literal http://www.yso.fi/onto/ekso-meta/svLabel
DEBUG: transform literal http://www.yso.fi/onto/ekso-meta/type -> [None]
DEBUG: transform literal http://www.yso.fi/onto/yso-meta/2007-03-02/comment -> [rdflib.term.URIRef('http://www.w3.org/2004/02/skos/core#scopeNote')]
DEBUG: transform literal http://www.yso.fi/onto/yso-meta/2007-03-02/oldPrefLabel -> [rdflib.term.URIRef('http://www.w3.org/2004/02/skos/core#hiddenLabel')]
DEBUG: transform literal http://www.yso.fi/onto/yso-meta/2007-03-02/overlappedByDefinition -> [None]
DEBUG: transform literal http://www.yso.fi/onto/yso-meta/2007-03-02/overlapsDefinition -> [None]
DEBUG: transform literal http://www.yso.fi/onto/yso-meta/2007-03-02/singularAltLabel -> [rdflib.term.URIRef('http://www.w3.org/2004/02/skos/core#hiddenLabel'), rdflib.term.URIRef('http://www.yso.fi/onto/yso-meta/singularAltLabel')]
DEBUG: transform literal http://www.yso.fi/onto/yso-meta/2007-03-02/singularPrefLabel -> [rdflib.term.URIRef('http://www.w3.org/2004/02/skos/core#hiddenLabel'), rdflib.term.URIRef('http://www.yso.fi/onto/yso-meta/singularPrefLabel')]
DEBUG: transform literal http://www.yso.fi/onto/yso-meta/2007-03-02/ysaSource -> [rdflib.term.URIRef('http://purl.org/dc/elements/1.1/source')]
DEBUG: transform literal http://www.yso.fi/onto/yso-meta/2007-03-02/ysoSource -> [rdflib.term.URIRef('http://purl.org/dc/elements/1.1/source')]
DEBUG: transform literal http://www.yso.fi/onto/yso-update/newAltLabel -> [None]
DEBUG: transform literal http://www.yso.fi/onto/yso-update/newDefinition -> [None]
DEBUG: transform literal http://www.yso.fi/onto/yso-update/newNote -> [None]
DEBUG: transform literal http://www.yso.fi/onto/yso-update/newPrefLabel -> [None]
DEBUG: transform literal http://www.yso.fi/onto/yso-update/newSource -> [None]
DEBUG: transform literal http://www.yso.fi/onto/yso-update/removedAltLabel -> [None]
DEBUG: transform literal http://www.yso.fi/onto/yso-update/removedDefinition -> [None]
DEBUG: transform literal http://www.yso.fi/onto/yso-update/removedNote -> [None]
DEBUG: transform literal http://www.yso.fi/onto/yso-update/removedPrefLabel -> [None]
DEBUG: transform literal http://www.yso.fi/onto/yso-update/removedSource -> [None]
INFO: Don't know what to do with relation http://purl.org/dc/terms/instructionalMethod
INFO: Don't know what to do with relation http://purl.org/dc/terms/spatial
DEBUG: transform relation http://rdaregistry.info/Elements/u/P60683 -> [(rdflib.term.URIRef('http://rdaregistry.info/Elements/u/P60683'), False), (rdflib.term.URIRef('http://rdaregistry.info/Elements/u/P60686'), True)]
DEBUG: transform relation http://rdaregistry.info/Elements/u/P60686 -> [(rdflib.term.URIRef('http://rdaregistry.info/Elements/u/P60686'), False), (rdflib.term.URIRef('http://rdaregistry.info/Elements/u/P60683'), True)]
INFO: Don't know what to do with relation http://spinrdf.org/spin#rule
DEBUG: transform relation http://www.w3.org/2000/01/rdf-schema#subClassOf -> [(rdflib.term.URIRef('http://www.w3.org/2004/02/skos/core#broader'), False)]
DEBUG: transform relation http://www.w3.org/2002/07/owl#equivalentClass -> [(rdflib.term.URIRef('http://www.w3.org/2004/02/skos/core#exactMatch'), False)]
INFO: Don't know what to do with relation http://www.w3.org/2008/05/skos-xl#altLabel
INFO: Don't know what to do with relation http://www.w3.org/2008/05/skos-xl#prefLabel
DEBUG: transform relation http://www.yso.fi/onto/ekso-meta/hasThematicGroup -> [(rdflib.term.URIRef('http://www.w3.org/2004/02/skos/core#member'), True)]
DEBUG: transform relation http://www.yso.fi/onto/yso-meta/2007-03-02/deprecatedAssociativeRelation -> [(rdflib.term.URIRef('http://www.w3.org/2004/02/skos/core#relatedMatch'), False)]
INFO: Don't know what to do with relation http://www.yso.fi/onto/yso-meta/2007-03-02/deprecatedHasPart
INFO: Don't know what to do with relation http://www.yso.fi/onto/yso-meta/2007-03-02/deprecatedHasPredecessor
INFO: Don't know what to do with relation http://www.yso.fi/onto/yso-meta/2007-03-02/deprecatedHasSuccessor
INFO: Don't know what to do with relation http://www.yso.fi/onto/yso-meta/2007-03-02/deprecatedPartOf
DEBUG: transform relation http://www.yso.fi/onto/yso-meta/2007-03-02/deprecatedReplacedBy -> [(rdflib.term.URIRef('http://purl.org/dc/terms/isReplacedBy'), False)]
DEBUG: transform relation http://www.yso.fi/onto/yso-meta/2007-03-02/deprecatedSubClassOf -> [(rdflib.term.URIRef('http://www.w3.org/2004/02/skos/core#broadMatch'), False)]
DEBUG: transform relation http://www.yso.fi/onto/yso-meta/2007-03-02/deprecatedSuperClassOf -> [(None, False)]
DEBUG: transform relation http://www.yso.fi/onto/yso-meta/2007-03-02/partOf -> [(rdflib.term.URIRef('http://purl.org/finnonto/schema/skosext#partOf'), False)]
DEBUG: transform relation http://www.yso.fi/onto/yso-peilaus/2007-03-02/definedConcept -> [(rdflib.term.URIRef('http://www.w3.org/2004/02/skos/core#closeMatch'), False)]
DEBUG: transform relation http://www.yso.fi/onto/yso-update/newBroader -> [(None, False)]
DEBUG: transform relation http://www.yso.fi/onto/yso-update/newCloseMatch -> [(None, False)]
DEBUG: transform relation http://www.yso.fi/onto/yso-update/newRelated -> [(None, False)]
DEBUG: transform relation http://www.yso.fi/onto/yso-update/removedBroader -> [(None, False)]
DEBUG: transform relation http://www.yso.fi/onto/yso-update/removedRelated -> [(None, False)]
WARNING: Stripping whitespace from label of http://www.yso.fi/onto/yso/p28889: 'litteratur på tamilska '
WARNING: Stripping whitespace from label of http://www.yso.fi/onto/yso/p28904: 'marisk litteratur '
WARNING: Stripping whitespace from label of http://www.yso.fi/onto/yso/p12452: 'kanádasuopmelaččat {@sme} '
WARNING: Removing concept relation broadMatch <- http://www.yso.fi/onto/yso/p11279 from collection http://www.yso.fi/onto/yso/p10070
WARNING: Removing concept relation broadMatch <- http://www.yso.fi/onto/yso/p12994 from collection http://www.yso.fi/onto/yso/p10070
WARNING: Removing concept relation broadMatch <- http://www.yso.fi/onto/yso/p10087 from collection http://www.yso.fi/onto/yso/p11277
WARNING: Removing concept relation broadMatch <- http://www.yso.fi/onto/yso/p1302 from collection http://www.yso.fi/onto/yso/p1303
WARNING: Removing concept relation broadMatch <- http://www.yso.fi/onto/yso/p15851 from collection http://www.yso.fi/onto/yso/p1303
WARNING: Removing concept relation broadMatch <- http://www.yso.fi/onto/yso/p24808 from collection http://www.yso.fi/onto/yso/p1303
WARNING: Removing concept relation broadMatch <- http://www.yso.fi/onto/yso/p54 from collection http://www.yso.fi/onto/yso/p1303
WARNING: Removing concept relation broadMatch <- http://www.yso.fi/onto/yso/p5820 from collection http://www.yso.fi/onto/yso/p1303
WARNING: Removing concept relation broadMatch <- http://www.yso.fi/onto/yso/p603 from collection http://www.yso.fi/onto/yso/p1303
WARNING: Removing concept relation broadMatch <- http://www.yso.fi/onto/yso/p6053 from collection http://www.yso.fi/onto/yso/p1303
WARNING: Removing concept relation broadMatch <- http://www.yso.fi/onto/yso/p6084 from collection http://www.yso.fi/onto/yso/p13309
WARNING: Removing concept relation broadMatch -> http://www.yso.fi/onto/yso/p2665 from collection http://www.yso.fi/onto/yso/p13547
WARNING: Removing concept relation broadMatch <- http://www.yso.fi/onto/yso/p3274 from collection http://www.yso.fi/onto/yso/p13547
WARNING: Removing concept relation broadMatch <- http://www.yso.fi/onto/yso/p10193 from collection http://www.yso.fi/onto/yso/p1376
WARNING: Removing concept relation broadMatch <- http://www.yso.fi/onto/yso/p10484 from collection http://www.yso.fi/onto/yso/p1708
WARNING: Removing concept relation broadMatch <- http://www.yso.fi/onto/yso/p1929 from collection http://www.yso.fi/onto/yso/p1735
WARNING: Removing concept relation broadMatch -> http://www.yso.fi/onto/yso/p2665 from collection http://www.yso.fi/onto/yso/p18269
WARNING: Removing concept relation broadMatch <- http://www.yso.fi/onto/yso/p22048 from collection http://www.yso.fi/onto/yso/p20902
WARNING: Removing concept relation broadMatch <- http://www.yso.fi/onto/yso/p4566 from collection http://www.yso.fi/onto/yso/p21118
WARNING: Removing concept relation broadMatch <- http://www.yso.fi/onto/yso/p3899 from collection http://www.yso.fi/onto/yso/p22471
WARNING: Removing concept relation broadMatch -> http://www.yso.fi/onto/yso/p4467 from collection http://www.yso.fi/onto/yso/p22744
WARNING: Removing concept relation broadMatch <- http://www.yso.fi/onto/yso/p10887 from collection http://www.yso.fi/onto/yso/p22744
WARNING: Removing concept relation broadMatch <- http://www.yso.fi/onto/yso/p6544 from collection http://www.yso.fi/onto/yso/p22744
WARNING: Removing concept relation broadMatch <- http://www.yso.fi/onto/yso/p7412 from collection http://www.yso.fi/onto/yso/p22744
WARNING: Removing concept relation broadMatch <- http://www.yso.fi/onto/yso/p404 from collection http://www.yso.fi/onto/yso/p24745
WARNING: Removing concept relation broadMatch -> http://www.yso.fi/onto/yso/p1161 from collection http://www.yso.fi/onto/yso/p24776
WARNING: Removing concept relation broadMatch <- http://www.yso.fi/onto/yso/p3772 from collection http://www.yso.fi/onto/yso/p24901
WARNING: Removing concept relation broadMatch -> http://www.yso.fi/onto/yso/p1808 from collection http://www.yso.fi/onto/yso/p25101
WARNING: Removing concept relation broadMatch <- http://www.yso.fi/onto/yso/p23748 from collection http://www.yso.fi/onto/yso/p25280
WARNING: Removing concept relation broadMatch -> http://www.yso.fi/onto/yso/p1161 from collection http://www.yso.fi/onto/yso/p25388
WARNING: Removing concept relation broadMatch -> http://www.yso.fi/onto/yso/p1298 from collection http://www.yso.fi/onto/yso/p26522
WARNING: Removing concept relation broadMatch <- http://www.yso.fi/onto/yso/p15644 from collection http://www.yso.fi/onto/yso/p2729
WARNING: Removing concept relation broadMatch <- http://www.yso.fi/onto/yso/p5833 from collection http://www.yso.fi/onto/yso/p28193
WARNING: Removing concept relation broadMatch <- http://www.yso.fi/onto/yso/p7341 from collection http://www.yso.fi/onto/yso/p3235
WARNING: Removing concept relation broadMatch -> http://www.yso.fi/onto/yso/p1786 from collection http://www.yso.fi/onto/yso/p3502
WARNING: Removing concept relation broadMatch <- http://www.yso.fi/onto/yso/p4204 from collection http://www.yso.fi/onto/yso/p3595
WARNING: Removing concept relation related -> http://www.yso.fi/onto/yso/p19079 from collection http://www.yso.fi/onto/yso/p3749
WARNING: Removing concept relation related <- http://www.yso.fi/onto/yso/p19079 from collection http://www.yso.fi/onto/yso/p3749
WARNING: Removing concept relation broadMatch <- http://www.yso.fi/onto/yso/p11234 from collection http://www.yso.fi/onto/yso/p3749
WARNING: Removing concept relation broadMatch <- http://www.yso.fi/onto/yso/p15461 from collection http://www.yso.fi/onto/yso/p3749
WARNING: Removing concept relation broadMatch <- http://www.yso.fi/onto/yso/p28440 from collection http://www.yso.fi/onto/yso/p3749
WARNING: Removing concept relation broadMatch -> http://www.yso.fi/onto/yso/p183 from collection http://www.yso.fi/onto/yso/p38219
WARNING: Removing concept relation broadMatch -> http://www.yso.fi/onto/yso/p183 from collection http://www.yso.fi/onto/yso/p38220
WARNING: Removing concept relation broadMatch <- http://www.yso.fi/onto/yso/p24145 from collection http://www.yso.fi/onto/yso/p38220
WARNING: Removing concept relation broadMatch <- http://www.yso.fi/onto/yso/p20767 from collection http://www.yso.fi/onto/yso/p3969
WARNING: Removing concept relation broadMatch <- http://www.yso.fi/onto/yso/p5251 from collection http://www.yso.fi/onto/yso/p4010
WARNING: Removing concept relation broadMatch <- http://www.yso.fi/onto/yso/p8241 from collection http://www.yso.fi/onto/yso/p4010
WARNING: Removing concept relation broadMatch -> http://www.yso.fi/onto/yso/p8148 from collection http://www.yso.fi/onto/yso/p4109
WARNING: Removing concept relation broadMatch -> http://www.yso.fi/onto/yso/p1810 from collection http://www.yso.fi/onto/yso/p4803
WARNING: Removing concept relation broadMatch <- http://www.yso.fi/onto/yso/p11240 from collection http://www.yso.fi/onto/yso/p493
WARNING: Removing concept relation broadMatch <- http://www.yso.fi/onto/yso/p2773 from collection http://www.yso.fi/onto/yso/p493
WARNING: Removing concept relation broadMatch -> http://www.yso.fi/onto/yso/p1979 from collection http://www.yso.fi/onto/yso/p5377
WARNING: Removing concept relation broadMatch <- http://www.yso.fi/onto/yso/p12258 from collection http://www.yso.fi/onto/yso/p5377
WARNING: Removing concept relation broadMatch <- http://www.yso.fi/onto/yso/p5373 from collection http://www.yso.fi/onto/yso/p5417
WARNING: Removing concept relation broadMatch <- http://www.yso.fi/onto/yso/p5416 from collection http://www.yso.fi/onto/yso/p5417
WARNING: Removing concept relation broadMatch <- http://www.yso.fi/onto/yso/p12653 from collection http://www.yso.fi/onto/yso/p547
WARNING: Removing concept relation broadMatch <- http://www.yso.fi/onto/yso/p25074 from collection http://www.yso.fi/onto/yso/p547
WARNING: Removing concept relation broadMatch <- http://www.yso.fi/onto/yso/p4184 from collection http://www.yso.fi/onto/yso/p56
WARNING: Removing concept relation broadMatch <- http://www.yso.fi/onto/yso/p5559 from collection http://www.yso.fi/onto/yso/p56
WARNING: Removing concept relation broadMatch <- http://www.yso.fi/onto/yso/p17131 from collection http://www.yso.fi/onto/yso/p6367
WARNING: Removing concept relation broadMatch -> http://www.yso.fi/onto/yso/p7341 from collection http://www.yso.fi/onto/yso/p7340
WARNING: Removing concept relation broadMatch <- http://www.yso.fi/onto/yso/p24252 from collection http://www.yso.fi/onto/yso/p746
WARNING: Removing concept relation broadMatch <- http://www.yso.fi/onto/yso/p25001 from collection http://www.yso.fi/onto/yso/p746
WARNING: Removing concept relation broadMatch <- http://www.yso.fi/onto/yso/p26338 from collection http://www.yso.fi/onto/yso/p7598
WARNING: Removing concept relation broadMatch <- http://www.yso.fi/onto/yso/p7679 from collection http://www.yso.fi/onto/yso/p7680
WARNING: Removing concept relation broadMatch <- http://www.yso.fi/onto/yso/p2777 from collection http://www.yso.fi/onto/yso/p8551
WARNING: Removing concept relation broadMatch -> http://www.yso.fi/onto/yso/p8148 from collection http://www.yso.fi/onto/yso/p8579
WARNING: Removing concept relation broadMatch <- http://www.yso.fi/onto/yso/p871 from collection http://www.yso.fi/onto/yso/p874
WARNING: Removing concept relation broadMatch -> http://www.yso.fi/onto/yso/p8883 from collection http://www.yso.fi/onto/yso/p8913
WARNING: Removing concept relation broadMatch <- http://www.yso.fi/onto/yso/p10096 from collection http://www.yso.fi/onto/yso/p8913
WARNING: Removing concept relation broadMatch <- http://www.yso.fi/onto/yso/p10097 from collection http://www.yso.fi/onto/yso/p8913
WARNING: Removing concept relation broadMatch <- http://www.yso.fi/onto/yso/p12835 from collection http://www.yso.fi/onto/yso/p8913
WARNING: Removing concept relation broadMatch <- http://www.yso.fi/onto/yso/p1750 from collection http://www.yso.fi/onto/yso/p8913
WARNING: Removing concept relation broadMatch <- http://www.yso.fi/onto/yso/p6327 from collection http://www.yso.fi/onto/yso/p8913
WARNING: Removing concept relation broadMatch <- http://www.yso.fi/onto/yso/p9256 from collection http://www.yso.fi/onto/yso/p910
WARNING: Concept scheme has no label(s). Use --label option to set the concept scheme label.
DEBUG: creating aggregate concept scheme http://www.yso.fi/onto/ekso/aggregateconceptscheme
DEBUG: creating deprecated concept scheme http://www.yso.fi/onto/ekso/deprecatedconceptscheme
DEBUG: Phase 5: Performing SKOS enrichments
DEBUG: Phase 6: Cleaning up
DEBUG: removing DC property definition: http://purl.org/dc/elements/1.1/source
DEBUG: removing DC property definition: http://purl.org/dc/elements/1.1/type
DEBUG: removing unused property definition: http://purl.org/dc/terms/date
DEBUG: removing unused property definition: http://www.yso.fi/onto/ekso-meta/cu
DEBUG: removing unused property definition: http://www.yso.fi/onto/ekso-meta/date
DEBUG: removing unused property definition: http://www.yso.fi/onto/ekso-meta/dt
DEBUG: removing unused property definition: http://www.yso.fi/onto/ekso-meta/source
DEBUG: removing unused property definition: http://www.yso.fi/onto/ekso-meta/status
DEBUG: removing unused property definition: http://www.yso.fi/onto/ekso-meta/type
DEBUG: removing unused property definition: http://www.yso.fi/onto/yso-meta/2007-03-02/allsoSource
DEBUG: removing unused property definition: http://www.yso.fi/onto/yso-meta/2007-03-02/developmentComment
DEBUG: removing unused property definition: http://www.yso.fi/onto/yso-meta/2007-03-02/oldPrefLabel
DEBUG: removing unused property definition: http://www.yso.fi/onto/yso-meta/2007-03-02/overlappedByDefinition
DEBUG: removing unused property definition: http://www.yso.fi/onto/yso-meta/2007-03-02/overlapsDefinition
DEBUG: removing unused property definition: http://www.yso.fi/onto/yso-meta/2007-03-02/singularAltLabel
DEBUG: removing unused property definition: http://www.yso.fi/onto/yso-meta/2007-03-02/ysaSource
DEBUG: removing unused property definition: http://www.yso.fi/onto/yso-meta/2007-03-02/ysoSource
DEBUG: removing unused property definition: http://www.yso.fi/onto/ekso-meta/hasThematicGroup
DEBUG: removing unused property definition: http://www.yso.fi/onto/yso-meta/2007-03-02/deprecatedAssociativeRelation
DEBUG: removing unused property definition: http://www.yso.fi/onto/yso-meta/2007-03-02/deprecatedReplacedBy
DEBUG: removing unused property definition: http://www.yso.fi/onto/yso-meta/2007-03-02/deprecatedSuperClassOf
DEBUG: removing unused property definition: http://www.yso.fi/onto/yso-meta/2007-03-02/hasThematicGroup
DEBUG: removing unused property definition: http://www.yso.fi/onto/yso-meta/2007-03-02/partOf
DEBUG: removing unused property definition: http://www.yso.fi/onto/yso-peilaus/2007-03-02/definedConcept
DEBUG: removing unused class definition: http://www.yso.fi/onto/ekso-meta/AggregateConcept
DEBUG: removing unused class definition: http://www.yso.fi/onto/ekso-meta/Class
DEBUG: removing unused class definition: http://www.yso.fi/onto/ekso-meta/GroupConcept
DEBUG: removing unused class definition: http://www.yso.fi/onto/yso-meta/2007-03-02/AggregateConcept
DEBUG: removing unused class definition: http://www.yso.fi/onto/yso-meta/2007-03-02/Class
DEBUG: removing unused class definition: http://www.yso.fi/onto/yso-meta/2007-03-02/DeprecatedAggregateConcept
DEBUG: removing unused class definition: http://www.yso.fi/onto/yso-meta/2007-03-02/DeprecatedClass
DEBUG: removing unused class definition: http://www.yso.fi/onto/yso-meta/2007-03-02/DeprecatedGroupConcept
DEBUG: removing unused class definition: http://www.yso.fi/onto/yso-meta/2007-03-02/GroupConcept
DEBUG: removing unused class definition: http://www.yso.fi/onto/yso-meta/2007-03-02/Hierarchy
DEBUG: removing unused class definition: http://www.yso.fi/onto/yso-meta/2007-03-02/Individual
DEBUG: removing unused class definition: http://www.yso.fi/onto/yso-meta/2007-03-02/ThematicGroup
DEBUG: total subject resources: 38101
DEBUG: find_reachable took 6.669632 seconds
DEBUG: deleting 953 non-reachable resources
DEBUG: Phase 7: Setting up concept schemes and top concepts
INFO: Marking loose concept http://www.yso.fi/onto/yso/p15238 as top concept of scheme http://www.yso.fi/onto/ekso/
INFO: Marking loose concept http://www.yso.fi/onto/yso/p4762 as top concept of scheme http://www.yso.fi/onto/ekso/
INFO: Marking loose concept http://www.yso.fi/onto/yso/p8691 as top concept of scheme http://www.yso.fi/onto/ekso/
INFO: Marking loose concept http://www.yso.fi/onto/yso/p10037 as top concept of scheme http://www.yso.fi/onto/ekso/aggregateconceptscheme
INFO: Marking loose concept http://www.yso.fi/onto/yso/p10146 as top concept of scheme http://www.yso.fi/onto/ekso/aggregateconceptscheme
INFO: Marking loose concept http://www.yso.fi/onto/yso/p10208 as top concept of scheme http://www.yso.fi/onto/ekso/aggregateconceptscheme
INFO: Marking loose concept http://www.yso.fi/onto/yso/p10314 as top concept of scheme http://www.yso.fi/onto/ekso/aggregateconceptscheme
INFO: Marking loose concept http://www.yso.fi/onto/yso/p10356 as top concept of scheme http://www.yso.fi/onto/ekso/aggregateconceptscheme
INFO: Marking loose concept http://www.yso.fi/onto/yso/p10597 as top concept of scheme http://www.yso.fi/onto/ekso/aggregateconceptscheme
INFO: Marking loose concept http://www.yso.fi/onto/yso/p10667 as top concept of scheme http://www.yso.fi/onto/ekso/aggregateconceptscheme
INFO: Marking loose concept http://www.yso.fi/onto/yso/p10707 as top concept of scheme http://www.yso.fi/onto/ekso/aggregateconceptscheme
INFO: Marking loose concept http://www.yso.fi/onto/yso/p10756 as top concept of scheme http://www.yso.fi/onto/ekso/aggregateconceptscheme
INFO: Marking loose concept http://www.yso.fi/onto/yso/p11081 as top concept of scheme http://www.yso.fi/onto/ekso/aggregateconceptscheme
INFO: Marking loose concept http://www.yso.fi/onto/yso/p11125 as top concept of scheme http://www.yso.fi/onto/ekso/aggregateconceptscheme
INFO: Marking loose concept http://www.yso.fi/onto/yso/p11620 as top concept of scheme http://www.yso.fi/onto/ekso/aggregateconceptscheme
INFO: Marking loose concept http://www.yso.fi/onto/yso/p11658 as top concept of scheme http://www.yso.fi/onto/ekso/aggregateconceptscheme
INFO: Marking loose concept http://www.yso.fi/onto/yso/p11665 as top concept of scheme http://www.yso.fi/onto/ekso/aggregateconceptscheme
INFO: Marking loose concept http://www.yso.fi/onto/yso/p11783 as top concept of scheme http://www.yso.fi/onto/ekso/aggregateconceptscheme
INFO: Marking loose concept http://www.yso.fi/onto/yso/p11865 as top concept of scheme http://www.yso.fi/onto/ekso/aggregateconceptscheme
INFO: Marking loose concept http://www.yso.fi/onto/yso/p11922 as top concept of scheme http://www.yso.fi/onto/ekso/aggregateconceptscheme
INFO: Marking loose concept http://www.yso.fi/onto/yso/p12008 as top concept of scheme http://www.yso.fi/onto/ekso/aggregateconceptscheme
INFO: Marking loose concept http://www.yso.fi/onto/yso/p12135 as top concept of scheme http://www.yso.fi/onto/ekso/aggregateconceptscheme
INFO: Marking loose concept http://www.yso.fi/onto/yso/p12137 as top concept of scheme http://www.yso.fi/onto/ekso/aggregateconceptscheme
INFO: Marking loose concept http://www.yso.fi/onto/yso/p12262 as top concept of scheme http://www.yso.fi/onto/ekso/aggregateconceptscheme
INFO: Marking loose concept http://www.yso.fi/onto/yso/p12327 as top concept of scheme http://www.yso.fi/onto/ekso/aggregateconceptscheme
INFO: Marking loose concept http://www.yso.fi/onto/yso/p12363 as top concept of scheme http://www.yso.fi/onto/ekso/aggregateconceptscheme
INFO: Marking loose concept http://www.yso.fi/onto/yso/p12421 as top concept of scheme http://www.yso.fi/onto/ekso/aggregateconceptscheme
INFO: Marking loose concept http://www.yso.fi/onto/yso/p12479 as top concept of scheme http://www.yso.fi/onto/ekso/aggregateconceptscheme
INFO: Marking loose concept http://www.yso.fi/onto/yso/p12495 as top concept of scheme http://www.yso.fi/onto/ekso/aggregateconceptscheme
INFO: Marking loose concept http://www.yso.fi/onto/yso/p12527 as top concept of scheme http://www.yso.fi/onto/ekso/aggregateconceptscheme
INFO: Marking loose concept http://www.yso.fi/onto/yso/p12553 as top concept of scheme http://www.yso.fi/onto/ekso/aggregateconceptscheme
INFO: Marking loose concept http://www.yso.fi/onto/yso/p12601 as top concept of scheme http://www.yso.fi/onto/ekso/aggregateconceptscheme
INFO: Marking loose concept http://www.yso.fi/onto/yso/p12759 as top concept of scheme http://www.yso.fi/onto/ekso/aggregateconceptscheme
INFO: Marking loose concept http://www.yso.fi/onto/yso/p12792 as top concept of scheme http://www.yso.fi/onto/ekso/aggregateconceptscheme
INFO: Marking loose concept http://www.yso.fi/onto/yso/p12822 as top concept of scheme http://www.yso.fi/onto/ekso/aggregateconceptscheme
INFO: Marking loose concept http://www.yso.fi/onto/yso/p12845 as top concept of scheme http://www.yso.fi/onto/ekso/aggregateconceptscheme
INFO: Marking loose concept http://www.yso.fi/onto/yso/p12912 as top concept of scheme http://www.yso.fi/onto/ekso/aggregateconceptscheme
INFO: Marking loose concept http://www.yso.fi/onto/yso/p12972 as top concept of scheme http://www.yso.fi/onto/ekso/aggregateconceptscheme
INFO: Marking loose concept http://www.yso.fi/onto/yso/p12997 as top concept of scheme http://www.yso.fi/onto/ekso/aggregateconceptscheme
INFO: Marking loose concept http://www.yso.fi/onto/yso/p13081 as top concept of scheme http://www.yso.fi/onto/ekso/aggregateconceptscheme
INFO: Marking loose concept http://www.yso.fi/onto/yso/p13138 as top concept of scheme http://www.yso.fi/onto/ekso/aggregateconceptscheme
INFO: Marking loose concept http://www.yso.fi/onto/yso/p13173 as top concept of scheme http://www.yso.fi/onto/ekso/aggregateconceptscheme
INFO: Marking loose concept http://www.yso.fi/onto/yso/p13239 as top concept of scheme http://www.yso.fi/onto/ekso/aggregateconceptscheme
INFO: Marking loose concept http://www.yso.fi/onto/yso/p13251 as top concept of scheme http://www.yso.fi/onto/ekso/aggregateconceptscheme
INFO: Marking loose concept http://www.yso.fi/onto/yso/p13254 as top concept of scheme http://www.yso.fi/onto/ekso/aggregateconceptscheme
INFO: Marking loose concept http://www.yso.fi/onto/yso/p13267 as top concept of scheme http://www.yso.fi/onto/ekso/aggregateconceptscheme
INFO: Marking loose concept http://www.yso.fi/onto/yso/p13424 as top concept of scheme http://www.yso.fi/onto/ekso/aggregateconceptscheme
INFO: Marking loose concept http://www.yso.fi/onto/yso/p13446 as top concept of scheme http://www.yso.fi/onto/ekso/aggregateconceptscheme
INFO: Marking loose concept http://www.yso.fi/onto/yso/p13521 as top concept of scheme http://www.yso.fi/onto/ekso/aggregateconceptscheme
INFO: Marking loose concept http://www.yso.fi/onto/yso/p13530 as top concept of scheme http://www.yso.fi/onto/ekso/aggregateconceptscheme
INFO: Marking loose concept http://www.yso.fi/onto/yso/p13545 as top concept of scheme http://www.yso.fi/onto/ekso/aggregateconceptscheme
INFO: Marking loose concept http://www.yso.fi/onto/yso/p13576 as top concept of scheme http://www.yso.fi/onto/ekso/aggregateconceptscheme
INFO: Marking loose concept http://www.yso.fi/onto/yso/p13585 as top concept of scheme http://www.yso.fi/onto/ekso/aggregateconceptscheme
INFO: Marking loose concept http://www.yso.fi/onto/yso/p13586 as top concept of scheme http://www.yso.fi/onto/ekso/aggregateconceptscheme
INFO: Marking loose concept http://www.yso.fi/onto/yso/p13598 as top concept of scheme http://www.yso.fi/onto/ekso/aggregateconceptscheme
INFO: Marking loose concept http://www.yso.fi/onto/yso/p13709 as top concept of scheme http://www.yso.fi/onto/ekso/aggregateconceptscheme
INFO: Marking loose concept http://www.yso.fi/onto/yso/p13713 as top concept of scheme http://www.yso.fi/onto/ekso/aggregateconceptscheme
INFO: Marking loose concept http://www.yso.fi/onto/yso/p13782 as top concept of scheme http://www.yso.fi/onto/ekso/aggregateconceptscheme
INFO: Marking loose concept http://www.yso.fi/onto/yso/p13906 as top concept of scheme http://www.yso.fi/onto/ekso/aggregateconceptscheme
INFO: Marking loose concept http://www.yso.fi/onto/yso/p13959 as top concept of scheme http://www.yso.fi/onto/ekso/aggregateconceptscheme
INFO: Marking loose concept http://www.yso.fi/onto/yso/p14001 as top concept of scheme http://www.yso.fi/onto/ekso/aggregateconceptscheme
INFO: Marking loose concept http://www.yso.fi/onto/yso/p14063 as top concept of scheme http://www.yso.fi/onto/ekso/aggregateconceptscheme
INFO: Marking loose concept http://www.yso.fi/onto/yso/p14257 as top concept of scheme http://www.yso.fi/onto/ekso/aggregateconceptscheme
INFO: Marking loose concept http://www.yso.fi/onto/yso/p14267 as top concept of scheme http://www.yso.fi/onto/ekso/aggregateconceptscheme
INFO: Marking loose concept http://www.yso.fi/onto/yso/p14445 as top concept of scheme http://www.yso.fi/onto/ekso/aggregateconceptscheme
INFO: Marking loose concept http://www.yso.fi/onto/yso/p14472 as top concept of scheme http://www.yso.fi/onto/ekso/aggregateconceptscheme
INFO: Marking loose concept http://www.yso.fi/onto/yso/p14515 as top concept of scheme http://www.yso.fi/onto/ekso/aggregateconceptscheme
INFO: Marking loose concept http://www.yso.fi/onto/yso/p1455 as top concept of scheme http://www.yso.fi/onto/ekso/aggregateconceptscheme
INFO: Marking loose concept http://www.yso.fi/onto/yso/p14554 as top concept of scheme http://www.yso.fi/onto/ekso/aggregateconceptscheme
INFO: Marking loose concept http://www.yso.fi/onto/yso/p14583 as top concept of scheme http://www.yso.fi/onto/ekso/aggregateconceptscheme
INFO: Marking loose concept http://www.yso.fi/onto/yso/p14645 as top concept of scheme http://www.yso.fi/onto/ekso/aggregateconceptscheme
INFO: Marking loose concept http://www.yso.fi/onto/yso/p14672 as top concept of scheme http://www.yso.fi/onto/ekso/aggregateconceptscheme
INFO: Marking loose concept http://www.yso.fi/onto/yso/p14773 as top concept of scheme http://www.yso.fi/onto/ekso/aggregateconceptscheme
INFO: Marking loose concept http://www.yso.fi/onto/yso/p14852 as top concept of scheme http://www.yso.fi/onto/ekso/aggregateconceptscheme
INFO: Marking loose concept http://www.yso.fi/onto/yso/p14956 as top concept of scheme http://www.yso.fi/onto/ekso/aggregateconceptscheme
INFO: Marking loose concept http://www.yso.fi/onto/yso/p15021 as top concept of scheme http://www.yso.fi/onto/ekso/aggregateconceptscheme
INFO: Marking loose concept http://www.yso.fi/onto/yso/p15032 as top concept of scheme http://www.yso.fi/onto/ekso/aggregateconceptscheme
INFO: Marking loose concept http://www.yso.fi/onto/yso/p15142 as top concept of scheme http://www.yso.fi/onto/ekso/aggregateconceptscheme
INFO: Marking loose concept http://www.yso.fi/onto/yso/p15299 as top concept of scheme http://www.yso.fi/onto/ekso/aggregateconceptscheme
INFO: Marking loose concept http://www.yso.fi/onto/yso/p15317 as top concept of scheme http://www.yso.fi/onto/ekso/aggregateconceptscheme
INFO: Marking loose concept http://www.yso.fi/onto/yso/p15321 as top concept of scheme http://www.yso.fi/onto/ekso/aggregateconceptscheme
INFO: Marking loose concept http://www.yso.fi/onto/yso/p15516 as top concept of scheme http://www.yso.fi/onto/ekso/aggregateconceptscheme
INFO: Marking loose concept http://www.yso.fi/onto/yso/p15577 as top concept of scheme http://www.yso.fi/onto/ekso/aggregateconceptscheme
INFO: Marking loose concept http://www.yso.fi/onto/yso/p15606 as top concept of scheme http://www.yso.fi/onto/ekso/aggregateconceptscheme
INFO: Marking loose concept http://www.yso.fi/onto/yso/p15611 as top concept of scheme http://www.yso.fi/onto/ekso/aggregateconceptscheme
INFO: Marking loose concept http://www.yso.fi/onto/yso/p15648 as top concept of scheme http://www.yso.fi/onto/ekso/aggregateconceptscheme
INFO: Marking loose concept http://www.yso.fi/onto/yso/p15733 as top concept of scheme http://www.yso.fi/onto/ekso/aggregateconceptscheme
INFO: Marking loose concept http://www.yso.fi/onto/yso/p15758 as top concept of scheme http://www.yso.fi/onto/ekso/aggregateconceptscheme
INFO: Marking loose concept http://www.yso.fi/onto/yso/p15885 as top concept of scheme http://www.yso.fi/onto/ekso/aggregateconceptscheme
INFO: Marking loose concept http://www.yso.fi/onto/yso/p15934 as top concept of scheme http://www.yso.fi/onto/ekso/aggregateconceptscheme
INFO: Marking loose concept http://www.yso.fi/onto/yso/p15942 as top concept of scheme http://www.yso.fi/onto/ekso/aggregateconceptscheme
INFO: Marking loose concept http://www.yso.fi/onto/yso/p16002 as top concept of scheme http://www.yso.fi/onto/ekso/aggregateconceptscheme
INFO: Marking loose concept http://www.yso.fi/onto/yso/p16023 as top concept of scheme http://www.yso.fi/onto/ekso/aggregateconceptscheme
INFO: Marking loose concept http://www.yso.fi/onto/yso/p16084 as top concept of scheme http://www.yso.fi/onto/ekso/aggregateconceptscheme
INFO: Marking loose concept http://www.yso.fi/onto/yso/p16189 as top concept of scheme http://www.yso.fi/onto/ekso/aggregateconceptscheme
INFO: Marking loose concept http://www.yso.fi/onto/yso/p16242 as top concept of scheme http://www.yso.fi/onto/ekso/aggregateconceptscheme
INFO: Marking loose concept http://www.yso.fi/onto/yso/p16370 as top concept of scheme http://www.yso.fi/onto/ekso/aggregateconceptscheme
INFO: Marking loose concept http://www.yso.fi/onto/yso/p16375 as top concept of scheme http://www.yso.fi/onto/ekso/aggregateconceptscheme
INFO: Marking loose concept http://www.yso.fi/onto/yso/p16434 as top concept of scheme http://www.yso.fi/onto/ekso/aggregateconceptscheme
INFO: Marking loose concept http://www.yso.fi/onto/yso/p16492 as top concept of scheme http://www.yso.fi/onto/ekso/aggregateconceptscheme
INFO: Marking loose concept http://www.yso.fi/onto/yso/p16503 as top concept of scheme http://www.yso.fi/onto/ekso/aggregateconceptscheme
INFO: Marking loose concept http://www.yso.fi/onto/yso/p16520 as top concept of scheme http://www.yso.fi/onto/ekso/aggregateconceptscheme
INFO: Marking loose concept http://www.yso.fi/onto/yso/p16525 as top concept of scheme http://www.yso.fi/onto/ekso/aggregateconceptscheme
INFO: Marking loose concept http://www.yso.fi/onto/yso/p16559 as top concept of scheme http://www.yso.fi/onto/ekso/aggregateconceptscheme
INFO: Marking loose concept http://www.yso.fi/onto/yso/p16580 as top concept of scheme http://www.yso.fi/onto/ekso/aggregateconceptscheme
INFO: Marking loose concept http://www.yso.fi/onto/yso/p16591 as top concept of scheme http://www.yso.fi/onto/ekso/aggregateconceptscheme
INFO: Marking loose concept http://www.yso.fi/onto/yso/p16607 as top concept of scheme http://www.yso.fi/onto/ekso/aggregateconceptscheme
INFO: Marking loose concept http://www.yso.fi/onto/yso/p16632 as top concept of scheme http://www.yso.fi/onto/ekso/aggregateconceptscheme
INFO: Marking loose concept http://www.yso.fi/onto/yso/p16651 as top concept of scheme http://www.yso.fi/onto/ekso/aggregateconceptscheme
INFO: Marking loose concept http://www.yso.fi/onto/yso/p16653 as top concept of scheme http://www.yso.fi/onto/ekso/aggregateconceptscheme
INFO: Marking loose concept http://www.yso.fi/onto/yso/p16714 as top concept of scheme http://www.yso.fi/onto/ekso/aggregateconceptscheme
INFO: Marking loose concept http://www.yso.fi/onto/yso/p16727 as top concept of scheme http://www.yso.fi/onto/ekso/aggregateconceptscheme
INFO: Marking loose concept http://www.yso.fi/onto/yso/p16745 as top concept of scheme http://www.yso.fi/onto/ekso/aggregateconceptscheme
INFO: Marking loose concept http://www.yso.fi/onto/yso/p1682 as top concept of scheme http://www.yso.fi/onto/ekso/aggregateconceptscheme
INFO: Marking loose concept http://www.yso.fi/onto/yso/p16825 as top concept of scheme http://www.yso.fi/onto/ekso/aggregateconceptscheme
INFO: Marking loose concept http://www.yso.fi/onto/yso/p16877 as top concept of scheme http://www.yso.fi/onto/ekso/aggregateconceptscheme
INFO: Marking loose concept http://www.yso.fi/onto/yso/p16898 as top concept of scheme http://www.yso.fi/onto/ekso/aggregateconceptscheme
INFO: Marking loose concept http://www.yso.fi/onto/yso/p16971 as top concept of scheme http://www.yso.fi/onto/ekso/aggregateconceptscheme
INFO: Marking loose concept http://www.yso.fi/onto/yso/p17096 as top concept of scheme http://www.yso.fi/onto/ekso/aggregateconceptscheme
INFO: Marking loose concept http://www.yso.fi/onto/yso/p17106 as top concept of scheme http://www.yso.fi/onto/ekso/aggregateconceptscheme
INFO: Marking loose concept http://www.yso.fi/onto/yso/p17264 as top concept of scheme http://www.yso.fi/onto/ekso/aggregateconceptscheme
INFO: Marking loose concept http://www.yso.fi/onto/yso/p17329 as top concept of scheme http://www.yso.fi/onto/ekso/aggregateconceptscheme
INFO: Marking loose concept http://www.yso.fi/onto/yso/p17348 as top concept of scheme http://www.yso.fi/onto/ekso/aggregateconceptscheme
INFO: Marking loose concept http://www.yso.fi/onto/yso/p17356 as top concept of scheme http://www.yso.fi/onto/ekso/aggregateconceptscheme
INFO: Marking loose concept http://www.yso.fi/onto/yso/p17380 as top concept of scheme http://www.yso.fi/onto/ekso/aggregateconceptscheme
INFO: Marking loose concept http://www.yso.fi/onto/yso/p17450 as top concept of scheme http://www.yso.fi/onto/ekso/aggregateconceptscheme
INFO: Marking loose concept http://www.yso.fi/onto/yso/p17484 as top concept of scheme http://www.yso.fi/onto/ekso/aggregateconceptscheme
INFO: Marking loose concept http://www.yso.fi/onto/yso/p17495 as top concept of scheme http://www.yso.fi/onto/ekso/aggregateconceptscheme
INFO: Marking loose concept http://www.yso.fi/onto/yso/p17507 as top concept of scheme http://www.yso.fi/onto/ekso/aggregateconceptscheme
INFO: Marking loose concept http://www.yso.fi/onto/yso/p17590 as top concept of scheme http://www.yso.fi/onto/ekso/aggregateconceptscheme
INFO: Marking loose concept http://www.yso.fi/onto/yso/p17620 as top concept of scheme http://www.yso.fi/onto/ekso/aggregateconceptscheme
INFO: Marking loose concept http://www.yso.fi/onto/yso/p17755 as top concept of scheme http://www.yso.fi/onto/ekso/aggregateconceptscheme
INFO: Marking loose concept http://www.yso.fi/onto/yso/p17882 as top concept of scheme http://www.yso.fi/onto/ekso/aggregateconceptscheme
INFO: Marking loose concept http://www.yso.fi/onto/yso/p17901 as top concept of scheme http://www.yso.fi/onto/ekso/aggregateconceptscheme
INFO: Marking loose concept http://www.yso.fi/onto/yso/p17908 as top concept of scheme http://www.yso.fi/onto/ekso/aggregateconceptscheme
INFO: Marking loose concept http://www.yso.fi/onto/yso/p17949 as top concept of scheme http://www.yso.fi/onto/ekso/aggregateconceptscheme
INFO: Marking loose concept http://www.yso.fi/onto/yso/p18013 as top concept of scheme http://www.yso.fi/onto/ekso/aggregateconceptscheme
INFO: Marking loose concept http://www.yso.fi/onto/yso/p1806 as top concept of scheme http://www.yso.fi/onto/ekso/aggregateconceptscheme
INFO: Marking loose concept http://www.yso.fi/onto/yso/p18061 as top concept of scheme http://www.yso.fi/onto/ekso/aggregateconceptscheme
INFO: Marking loose concept http://www.yso.fi/onto/yso/p18064 as top concept of scheme http://www.yso.fi/onto/ekso/aggregateconceptscheme
INFO: Marking loose concept http://www.yso.fi/onto/yso/p18080 as top concept of scheme http://www.yso.fi/onto/ekso/aggregateconceptscheme
INFO: Marking loose concept http://www.yso.fi/onto/yso/p18110 as top concept of scheme http://www.yso.fi/onto/ekso/aggregateconceptscheme
INFO: Marking loose concept http://www.yso.fi/onto/yso/p18112 as top concept of scheme http://www.yso.fi/onto/ekso/aggregateconceptscheme
INFO: Marking loose concept http://www.yso.fi/onto/yso/p18157 as top concept of scheme http://www.yso.fi/onto/ekso/aggregateconceptscheme
INFO: Marking loose concept http://www.yso.fi/onto/yso/p18358 as top concept of scheme http://www.yso.fi/onto/ekso/aggregateconceptscheme
INFO: Marking loose concept http://www.yso.fi/onto/yso/p18380 as top concept of scheme http://www.yso.fi/onto/ekso/aggregateconceptscheme
INFO: Marking loose concept http://www.yso.fi/onto/yso/p184 as top concept of scheme http://www.yso.fi/onto/ekso/aggregateconceptscheme
INFO: Marking loose concept http://www.yso.fi/onto/yso/p18437 as top concept of scheme http://www.yso.fi/onto/ekso/aggregateconceptscheme
INFO: Marking loose concept http://www.yso.fi/onto/yso/p18593 as top concept of scheme http://www.yso.fi/onto/ekso/aggregateconceptscheme
INFO: Marking loose concept http://www.yso.fi/onto/yso/p18598 as top concept of scheme http://www.yso.fi/onto/ekso/aggregateconceptscheme
INFO: Marking loose concept http://www.yso.fi/onto/yso/p18637 as top concept of scheme http://www.yso.fi/onto/ekso/aggregateconceptscheme
INFO: Marking loose concept http://www.yso.fi/onto/yso/p18648 as top concept of scheme http://www.yso.fi/onto/ekso/aggregateconceptscheme
INFO: Marking loose concept http://www.yso.fi/onto/yso/p18728 as top concept of scheme http://www.yso.fi/onto/ekso/aggregateconceptscheme
INFO: Marking loose concept http://www.yso.fi/onto/yso/p18744 as top concept of scheme http://www.yso.fi/onto/ekso/aggregateconceptscheme
INFO: Marking loose concept http://www.yso.fi/onto/yso/p18758 as top concept of scheme http://www.yso.fi/onto/ekso/aggregateconceptscheme
INFO: Marking loose concept http://www.yso.fi/onto/yso/p18885 as top concept of scheme http://www.yso.fi/onto/ekso/aggregateconceptscheme
INFO: Marking loose concept http://www.yso.fi/onto/yso/p18944 as top concept of scheme http://www.yso.fi/onto/ekso/aggregateconceptscheme
INFO: Marking loose concept http://www.yso.fi/onto/yso/p19002 as top concept of scheme http://www.yso.fi/onto/ekso/aggregateconceptscheme
INFO: Marking loose concept http://www.yso.fi/onto/yso/p1905 as top concept of scheme http://www.yso.fi/onto/ekso/aggregateconceptscheme
INFO: Marking loose concept http://www.yso.fi/onto/yso/p19070 as top concept of scheme http://www.yso.fi/onto/ekso/aggregateconceptscheme
INFO: Marking loose concept http://www.yso.fi/onto/yso/p19078 as top concept of scheme http://www.yso.fi/onto/ekso/aggregateconceptscheme
INFO: Marking loose concept http://www.yso.fi/onto/yso/p19082 as top concept of scheme http://www.yso.fi/onto/ekso/aggregateconceptscheme
INFO: Marking loose concept http://www.yso.fi/onto/yso/p19085 as top concept of scheme http://www.yso.fi/onto/ekso/aggregateconceptscheme
INFO: Marking loose concept http://www.yso.fi/onto/yso/p19168 as top concept of scheme http://www.yso.fi/onto/ekso/aggregateconceptscheme
INFO: Marking loose concept http://www.yso.fi/onto/yso/p19181 as top concept of scheme http://www.yso.fi/onto/ekso/aggregateconceptscheme
INFO: Marking loose concept http://www.yso.fi/onto/yso/p19202 as top concept of scheme http://www.yso.fi/onto/ekso/aggregateconceptscheme
INFO: Marking loose concept http://www.yso.fi/onto/yso/p19264 as top concept of scheme http://www.yso.fi/onto/ekso/aggregateconceptscheme
INFO: Marking loose concept http://www.yso.fi/onto/yso/p19281 as top concept of scheme http://www.yso.fi/onto/ekso/aggregateconceptscheme
INFO: Marking loose concept http://www.yso.fi/onto/yso/p19318 as top concept of scheme http://www.yso.fi/onto/ekso/aggregateconceptscheme
INFO: Marking loose concept http://www.yso.fi/onto/yso/p19334 as top concept of scheme http://www.yso.fi/onto/ekso/aggregateconceptscheme
INFO: Marking loose concept http://www.yso.fi/onto/yso/p19357 as top concept of scheme http://www.yso.fi/onto/ekso/aggregateconceptscheme
INFO: Marking loose concept http://www.yso.fi/onto/yso/p19383 as top concept of scheme http://www.yso.fi/onto/ekso/aggregateconceptscheme
INFO: Marking loose concept http://www.yso.fi/onto/yso/p19384 as top concept of scheme http://www.yso.fi/onto/ekso/aggregateconceptscheme
INFO: Marking loose concept http://www.yso.fi/onto/yso/p19403 as top concept of scheme http://www.yso.fi/onto/ekso/aggregateconceptscheme
INFO: Marking loose concept http://www.yso.fi/onto/yso/p19531 as top concept of scheme http://www.yso.fi/onto/ekso/aggregateconceptscheme
INFO: Marking loose concept http://www.yso.fi/onto/yso/p19702 as top concept of scheme http://www.yso.fi/onto/ekso/aggregateconceptscheme
INFO: Marking loose concept http://www.yso.fi/onto/yso/p19758 as top concept of scheme http://www.yso.fi/onto/ekso/aggregateconceptscheme
INFO: Marking loose concept http://www.yso.fi/onto/yso/p19763 as top concept of scheme http://www.yso.fi/onto/ekso/aggregateconceptscheme
INFO: Marking loose concept http://www.yso.fi/onto/yso/p19768 as top concept of scheme http://www.yso.fi/onto/ekso/aggregateconceptscheme
INFO: Marking loose concept http://www.yso.fi/onto/yso/p19789 as top concept of scheme http://www.yso.fi/onto/ekso/aggregateconceptscheme
INFO: Marking loose concept http://www.yso.fi/onto/yso/p19800 as top concept of scheme http://www.yso.fi/onto/ekso/aggregateconceptscheme
INFO: Marking loose concept http://www.yso.fi/onto/yso/p19883 as top concept of scheme http://www.yso.fi/onto/ekso/aggregateconceptscheme
INFO: Marking loose concept http://www.yso.fi/onto/yso/p19893 as top concept of scheme http://www.yso.fi/onto/ekso/aggregateconceptscheme
INFO: Marking loose concept http://www.yso.fi/onto/yso/p19908 as top concept of scheme http://www.yso.fi/onto/ekso/aggregateconceptscheme
INFO: Marking loose concept http://www.yso.fi/onto/yso/p19947 as top concept of scheme http://www.yso.fi/onto/ekso/aggregateconceptscheme
INFO: Marking loose concept http://www.yso.fi/onto/yso/p19962 as top concept of scheme http://www.yso.fi/onto/ekso/aggregateconceptscheme
INFO: Marking loose concept http://www.yso.fi/onto/yso/p19971 as top concept of scheme http://www.yso.fi/onto/ekso/aggregateconceptscheme
INFO: Marking loose concept http://www.yso.fi/onto/yso/p20031 as top concept of scheme http://www.yso.fi/onto/ekso/aggregateconceptscheme
INFO: Marking loose concept http://www.yso.fi/onto/yso/p20038 as top concept of scheme http://www.yso.fi/onto/ekso/aggregateconceptscheme
INFO: Marking loose concept http://www.yso.fi/onto/yso/p20130 as top concept of scheme http://www.yso.fi/onto/ekso/aggregateconceptscheme
INFO: Marking loose concept http://www.yso.fi/onto/yso/p20216 as top concept of scheme http://www.yso.fi/onto/ekso/aggregateconceptscheme
INFO: Marking loose concept http://www.yso.fi/onto/yso/p20232 as top concept of scheme http://www.yso.fi/onto/ekso/aggregateconceptscheme
INFO: Marking loose concept http://www.yso.fi/onto/yso/p20238 as top concept of scheme http://www.yso.fi/onto/ekso/aggregateconceptscheme
INFO: Marking loose concept http://www.yso.fi/onto/yso/p20254 as top concept of scheme http://www.yso.fi/onto/ekso/aggregateconceptscheme
INFO: Marking loose concept http://www.yso.fi/onto/yso/p20263 as top concept of scheme http://www.yso.fi/onto/ekso/aggregateconceptscheme
INFO: Marking loose concept http://www.yso.fi/onto/yso/p20312 as top concept of scheme http://www.yso.fi/onto/ekso/aggregateconceptscheme
INFO: Marking loose concept http://www.yso.fi/onto/yso/p20433 as top concept of scheme http://www.yso.fi/onto/ekso/aggregateconceptscheme
INFO: Marking loose concept http://www.yso.fi/onto/yso/p20435 as top concept of scheme http://www.yso.fi/onto/ekso/aggregateconceptscheme
INFO: Marking loose concept http://www.yso.fi/onto/yso/p20439 as top concept of scheme http://www.yso.fi/onto/ekso/aggregateconceptscheme
INFO: Marking loose concept http://www.yso.fi/onto/yso/p20449 as top concept of scheme http://www.yso.fi/onto/ekso/aggregateconceptscheme
INFO: Marking loose concept http://www.yso.fi/onto/yso/p20562 as top concept of scheme http://www.yso.fi/onto/ekso/aggregateconceptscheme
INFO: Marking loose concept http://www.yso.fi/onto/yso/p20565 as top concept of scheme http://www.yso.fi/onto/ekso/aggregateconceptscheme
INFO: Marking loose concept http://www.yso.fi/onto/yso/p20593 as top concept of scheme http://www.yso.fi/onto/ekso/aggregateconceptscheme
INFO: Marking loose concept http://www.yso.fi/onto/yso/p20602 as top concept of scheme http://www.yso.fi/onto/ekso/aggregateconceptscheme
INFO: Marking loose concept http://www.yso.fi/onto/yso/p20675 as top concept of scheme http://www.yso.fi/onto/ekso/aggregateconceptscheme
INFO: Marking loose concept http://www.yso.fi/onto/yso/p20775 as top concept of scheme http://www.yso.fi/onto/ekso/aggregateconceptscheme
INFO: Marking loose concept http://www.yso.fi/onto/yso/p20785 as top concept of scheme http://www.yso.fi/onto/ekso/aggregateconceptscheme
INFO: Marking loose concept http://www.yso.fi/onto/yso/p20804 as top concept of scheme http://www.yso.fi/onto/ekso/aggregateconceptscheme
INFO: Marking loose concept http://www.yso.fi/onto/yso/p20806 as top concept of scheme http://www.yso.fi/onto/ekso/aggregateconceptscheme
INFO: Marking loose concept http://www.yso.fi/onto/yso/p2090 as top concept of scheme http://www.yso.fi/onto/ekso/aggregateconceptscheme
INFO: Marking loose concept http://www.yso.fi/onto/yso/p2091 as top concept of scheme http://www.yso.fi/onto/ekso/aggregateconceptscheme
INFO: Marking loose concept http://www.yso.fi/onto/yso/p20946 as top concept of scheme http://www.yso.fi/onto/ekso/aggregateconceptscheme
INFO: Marking loose concept http://www.yso.fi/onto/yso/p20974 as top concept of scheme http://www.yso.fi/onto/ekso/aggregateconceptscheme
INFO: Marking loose concept http://www.yso.fi/onto/yso/p21105 as top concept of scheme http://www.yso.fi/onto/ekso/aggregateconceptscheme
INFO: Marking loose concept http://www.yso.fi/onto/yso/p21129 as top concept of scheme http://www.yso.fi/onto/ekso/aggregateconceptscheme
INFO: Marking loose concept http://www.yso.fi/onto/yso/p2115 as top concept of scheme http://www.yso.fi/onto/ekso/aggregateconceptscheme
INFO: Marking loose concept http://www.yso.fi/onto/yso/p2121 as top concept of scheme http://www.yso.fi/onto/ekso/aggregateconceptscheme
INFO: Marking loose concept http://www.yso.fi/onto/yso/p21247 as top concept of scheme http://www.yso.fi/onto/ekso/aggregateconceptscheme
INFO: Marking loose concept http://www.yso.fi/onto/yso/p2129 as top concept of scheme http://www.yso.fi/onto/ekso/aggregateconceptscheme
INFO: Marking loose concept http://www.yso.fi/onto/yso/p21317 as top concept of scheme http://www.yso.fi/onto/ekso/aggregateconceptscheme
INFO: Marking loose concept http://www.yso.fi/onto/yso/p21356 as top concept of scheme http://www.yso.fi/onto/ekso/aggregateconceptscheme
INFO: Marking loose concept http://www.yso.fi/onto/yso/p21529 as top concept of scheme http://www.yso.fi/onto/ekso/aggregateconceptscheme
INFO: Marking loose concept http://www.yso.fi/onto/yso/p21531 as top concept of scheme http://www.yso.fi/onto/ekso/aggregateconceptscheme
INFO: Marking loose concept http://www.yso.fi/onto/yso/p21540 as top concept of scheme http://www.yso.fi/onto/ekso/aggregateconceptscheme
INFO: Marking loose concept http://www.yso.fi/onto/yso/p21699 as top concept of scheme http://www.yso.fi/onto/ekso/aggregateconceptscheme
INFO: Marking loose concept http://www.yso.fi/onto/yso/p21738 as top concept of scheme http://www.yso.fi/onto/ekso/aggregateconceptscheme
INFO: Marking loose concept http://www.yso.fi/onto/yso/p21739 as top concept of scheme http://www.yso.fi/onto/ekso/aggregateconceptscheme
INFO: Marking loose concept http://www.yso.fi/onto/yso/p21749 as top concept of scheme http://www.yso.fi/onto/ekso/aggregateconceptscheme
INFO: Marking loose concept http://www.yso.fi/onto/yso/p21776 as top concept of scheme http://www.yso.fi/onto/ekso/aggregateconceptscheme
INFO: Marking loose concept http://www.yso.fi/onto/yso/p21803 as top concept of scheme http://www.yso.fi/onto/ekso/aggregateconceptscheme
INFO: Marking loose concept http://www.yso.fi/onto/yso/p21822 as top concept of scheme http://www.yso.fi/onto/ekso/aggregateconceptscheme
INFO: Marking loose concept http://www.yso.fi/onto/yso/p21852 as top concept of scheme http://www.yso.fi/onto/ekso/aggregateconceptscheme
INFO: Marking loose concept http://www.yso.fi/onto/yso/p21987 as top concept of scheme http://www.yso.fi/onto/ekso/aggregateconceptscheme
INFO: Marking loose concept http://www.yso.fi/onto/yso/p22000 as top concept of scheme http://www.yso.fi/onto/ekso/aggregateconceptscheme
INFO: Marking loose concept http://www.yso.fi/onto/yso/p22047 as top concept of scheme http://www.yso.fi/onto/ekso/aggregateconceptscheme
INFO: Marking loose concept http://www.yso.fi/onto/yso/p22066 as top concept of scheme http://www.yso.fi/onto/ekso/aggregateconceptscheme
INFO: Marking loose concept http://www.yso.fi/onto/yso/p22099 as top concept of scheme http://www.yso.fi/onto/ekso/aggregateconceptscheme
INFO: Marking loose concept http://www.yso.fi/onto/yso/p22121 as top concept of scheme http://www.yso.fi/onto/ekso/aggregateconceptscheme
INFO: Marking loose concept http://www.yso.fi/onto/yso/p22133 as top concept of scheme http://www.yso.fi/onto/ekso/aggregateconceptscheme
INFO: Marking loose concept http://www.yso.fi/onto/yso/p22158 as top concept of scheme http://www.yso.fi/onto/ekso/aggregateconceptscheme
INFO: Marking loose concept http://www.yso.fi/onto/yso/p22230 as top concept of scheme http://www.yso.fi/onto/ekso/aggregateconceptscheme
INFO: Marking loose concept http://www.yso.fi/onto/yso/p22269 as top concept of scheme http://www.yso.fi/onto/ekso/aggregateconceptscheme
INFO: Marking loose concept http://www.yso.fi/onto/yso/p22299 as top concept of scheme http://www.yso.fi/onto/ekso/aggregateconceptscheme
INFO: Marking loose concept http://www.yso.fi/onto/yso/p22361 as top concept of scheme http://www.yso.fi/onto/ekso/aggregateconceptscheme
INFO: Marking loose concept http://www.yso.fi/onto/yso/p22370 as top concept of scheme http://www.yso.fi/onto/ekso/aggregateconceptscheme
INFO: Marking loose concept http://www.yso.fi/onto/yso/p22381 as top concept of scheme http://www.yso.fi/onto/ekso/aggregateconceptscheme
INFO: Marking loose concept http://www.yso.fi/onto/yso/p22439 as top concept of scheme http://www.yso.fi/onto/ekso/aggregateconceptscheme
INFO: Marking loose concept http://www.yso.fi/onto/yso/p22519 as top concept of scheme http://www.yso.fi/onto/ekso/aggregateconceptscheme
INFO: Marking loose concept http://www.yso.fi/onto/yso/p22578 as top concept of scheme http://www.yso.fi/onto/ekso/aggregateconceptscheme
INFO: Marking loose concept http://www.yso.fi/onto/yso/p22590 as top concept of scheme http://www.yso.fi/onto/ekso/aggregateconceptscheme
INFO: Marking loose concept http://www.yso.fi/onto/yso/p22640 as top concept of scheme http://www.yso.fi/onto/ekso/aggregateconceptscheme
INFO: Marking loose concept http://www.yso.fi/onto/yso/p22646 as top concept of scheme http://www.yso.fi/onto/ekso/aggregateconceptscheme
INFO: Marking loose concept http://www.yso.fi/onto/yso/p22669 as top concept of scheme http://www.yso.fi/onto/ekso/aggregateconceptscheme
INFO: Marking loose concept http://www.yso.fi/onto/yso/p22715 as top concept of scheme http://www.yso.fi/onto/ekso/aggregateconceptscheme
INFO: Marking loose concept http://www.yso.fi/onto/yso/p22726 as top concept of scheme http://www.yso.fi/onto/ekso/aggregateconceptscheme
INFO: Marking loose concept http://www.yso.fi/onto/yso/p2278 as top concept of scheme http://www.yso.fi/onto/ekso/aggregateconceptscheme
INFO: Marking loose concept http://www.yso.fi/onto/yso/p22789 as top concept of scheme http://www.yso.fi/onto/ekso/aggregateconceptscheme
INFO: Marking loose concept http://www.yso.fi/onto/yso/p22852 as top concept of scheme http://www.yso.fi/onto/ekso/aggregateconceptscheme
INFO: Marking loose concept http://www.yso.fi/onto/yso/p22930 as top concept of scheme http://www.yso.fi/onto/ekso/aggregateconceptscheme
INFO: Marking loose concept http://www.yso.fi/onto/yso/p23000 as top concept of scheme http://www.yso.fi/onto/ekso/aggregateconceptscheme
INFO: Marking loose concept http://www.yso.fi/onto/yso/p23044 as top concept of scheme http://www.yso.fi/onto/ekso/aggregateconceptscheme
INFO: Marking loose concept http://www.yso.fi/onto/yso/p23104 as top concept of scheme http://www.yso.fi/onto/ekso/aggregateconceptscheme
INFO: Marking loose concept http://www.yso.fi/onto/yso/p23233 as top concept of scheme http://www.yso.fi/onto/ekso/aggregateconceptscheme
INFO: Marking loose concept http://www.yso.fi/onto/yso/p23235 as top concept of scheme http://www.yso.fi/onto/ekso/aggregateconceptscheme
INFO: Marking loose concept http://www.yso.fi/onto/yso/p23246 as top concept of scheme http://www.yso.fi/onto/ekso/aggregateconceptscheme
INFO: Marking loose concept http://www.yso.fi/onto/yso/p23269 as top concept of scheme http://www.yso.fi/onto/ekso/aggregateconceptscheme
INFO: Marking loose concept http://www.yso.fi/onto/yso/p23449 as top concept of scheme http://www.yso.fi/onto/ekso/aggregateconceptscheme
INFO: Marking loose concept http://www.yso.fi/onto/yso/p23464 as top concept of scheme http://www.yso.fi/onto/ekso/aggregateconceptscheme
INFO: Marking loose concept http://www.yso.fi/onto/yso/p23500 as top concept of scheme http://www.yso.fi/onto/ekso/aggregateconceptscheme
INFO: Marking loose concept http://www.yso.fi/onto/yso/p23609 as top concept of scheme http://www.yso.fi/onto/ekso/aggregateconceptscheme
INFO: Marking loose concept http://www.yso.fi/onto/yso/p23680 as top concept of scheme http://www.yso.fi/onto/ekso/aggregateconceptscheme
INFO: Marking loose concept http://www.yso.fi/onto/yso/p23682 as top concept of scheme http://www.yso.fi/onto/ekso/aggregateconceptscheme
INFO: Marking loose concept http://www.yso.fi/onto/yso/p23685 as top concept of scheme http://www.yso.fi/onto/ekso/aggregateconceptscheme
INFO: Marking loose concept http://www.yso.fi/onto/yso/p23686 as top concept of scheme http://www.yso.fi/onto/ekso/aggregateconceptscheme
INFO: Marking loose concept http://www.yso.fi/onto/yso/p23726 as top concept of scheme http://www.yso.fi/onto/ekso/aggregateconceptscheme
INFO: Marking loose concept http://www.yso.fi/onto/yso/p23754 as top concept of scheme http://www.yso.fi/onto/ekso/aggregateconceptscheme
INFO: Marking loose concept http://www.yso.fi/onto/yso/p23756 as top concept of scheme http://www.yso.fi/onto/ekso/aggregateconceptscheme
INFO: Marking loose concept http://www.yso.fi/onto/yso/p23759 as top concept of scheme http://www.yso.fi/onto/ekso/aggregateconceptscheme
INFO: Marking loose concept http://www.yso.fi/onto/yso/p23760 as top concept of scheme http://www.yso.fi/onto/ekso/aggregateconceptscheme
INFO: Marking loose concept http://www.yso.fi/onto/yso/p23761 as top concept of scheme http://www.yso.fi/onto/ekso/aggregateconceptscheme
INFO: Marking loose concept http://www.yso.fi/onto/yso/p23762 as top concept of scheme http://www.yso.fi/onto/ekso/aggregateconceptscheme
INFO: Marking loose concept http://www.yso.fi/onto/yso/p23763 as top concept of scheme http://www.yso.fi/onto/ekso/aggregateconceptscheme
INFO: Marking loose concept http://www.yso.fi/onto/yso/p23764 as top concept of scheme http://www.yso.fi/onto/ekso/aggregateconceptscheme
INFO: Marking loose concept http://www.yso.fi/onto/yso/p23765 as top concept of scheme http://www.yso.fi/onto/ekso/aggregateconceptscheme
INFO: Marking loose concept http://www.yso.fi/onto/yso/p23766 as top concept of scheme http://www.yso.fi/onto/ekso/aggregateconceptscheme
INFO: Marking loose concept http://www.yso.fi/onto/yso/p23767 as top concept of scheme http://www.yso.fi/onto/ekso/aggregateconceptscheme
INFO: Marking loose concept http://www.yso.fi/onto/yso/p23768 as top concept of scheme http://www.yso.fi/onto/ekso/aggregateconceptscheme
INFO: Marking loose concept http://www.yso.fi/onto/yso/p23769 as top concept of scheme http://www.yso.fi/onto/ekso/aggregateconceptscheme
INFO: Marking loose concept http://www.yso.fi/onto/yso/p23770 as top concept of scheme http://www.yso.fi/onto/ekso/aggregateconceptscheme
INFO: Marking loose concept http://www.yso.fi/onto/yso/p23771 as top concept of scheme http://www.yso.fi/onto/ekso/aggregateconceptscheme
INFO: Marking loose concept http://www.yso.fi/onto/yso/p23772 as top concept of scheme http://www.yso.fi/onto/ekso/aggregateconceptscheme
INFO: Marking loose concept http://www.yso.fi/onto/yso/p23773 as top concept of scheme http://www.yso.fi/onto/ekso/aggregateconceptscheme
INFO: Marking loose concept http://www.yso.fi/onto/yso/p23774 as top concept of scheme http://www.yso.fi/onto/ekso/aggregateconceptscheme
INFO: Marking loose concept http://www.yso.fi/onto/yso/p23775 as top concept of scheme http://www.yso.fi/onto/ekso/aggregateconceptscheme
INFO: Marking loose concept http://www.yso.fi/onto/yso/p23776 as top concept of scheme http://www.yso.fi/onto/ekso/aggregateconceptscheme
INFO: Marking loose concept http://www.yso.fi/onto/yso/p23777 as top concept of scheme http://www.yso.fi/onto/ekso/aggregateconceptscheme
INFO: Marking loose concept http://www.yso.fi/onto/yso/p23778 as top concept of scheme http://www.yso.fi/onto/ekso/aggregateconceptscheme
INFO: Marking loose concept http://www.yso.fi/onto/yso/p23779 as top concept of scheme http://www.yso.fi/onto/ekso/aggregateconceptscheme
INFO: Marking loose concept http://www.yso.fi/onto/yso/p23780 as top concept of scheme http://www.yso.fi/onto/ekso/aggregateconceptscheme
INFO: Marking loose concept http://www.yso.fi/onto/yso/p23781 as top concept of scheme http://www.yso.fi/onto/ekso/aggregateconceptscheme
INFO: Marking loose concept http://www.yso.fi/onto/yso/p23782 as top concept of scheme http://www.yso.fi/onto/ekso/aggregateconceptscheme
INFO: Marking loose concept http://www.yso.fi/onto/yso/p23783 as top concept of scheme http://www.yso.fi/onto/ekso/aggregateconceptscheme
INFO: Marking loose concept http://www.yso.fi/onto/yso/p23784 as top concept of scheme http://www.yso.fi/onto/ekso/aggregateconceptscheme
INFO: Marking loose concept http://www.yso.fi/onto/yso/p23785 as top concept of scheme http://www.yso.fi/onto/ekso/aggregateconceptscheme
INFO: Marking loose concept http://www.yso.fi/onto/yso/p23786 as top concept of scheme http://www.yso.fi/onto/ekso/aggregateconceptscheme
INFO: Marking loose concept http://www.yso.fi/onto/yso/p23787 as top concept of scheme http://www.yso.fi/onto/ekso/aggregateconceptscheme
INFO: Marking loose concept http://www.yso.fi/onto/yso/p23788 as top concept of scheme http://www.yso.fi/onto/ekso/aggregateconceptscheme
INFO: Marking loose concept http://www.yso.fi/onto/yso/p23789 as top concept of scheme http://www.yso.fi/onto/ekso/aggregateconceptscheme
INFO: Marking loose concept http://www.yso.fi/onto/yso/p23790 as top concept of scheme http://www.yso.fi/onto/ekso/aggregateconceptscheme
INFO: Marking loose concept http://www.yso.fi/onto/yso/p23791 as top concept of scheme http://www.yso.fi/onto/ekso/aggregateconceptscheme
INFO: Marking loose concept http://www.yso.fi/onto/yso/p23792 as top concept of scheme http://www.yso.fi/onto/ekso/aggregateconceptscheme
INFO: Marking loose concept http://www.yso.fi/onto/yso/p23793 as top concept of scheme http://www.yso.fi/onto/ekso/aggregateconceptscheme
INFO: Marking loose concept http://www.yso.fi/onto/yso/p23794 as top concept of scheme http://www.yso.fi/onto/ekso/aggregateconceptscheme
INFO: Marking loose concept http://www.yso.fi/onto/yso/p23795 as top concept of scheme http://www.yso.fi/onto/ekso/aggregateconceptscheme
INFO: Marking loose concept http://www.yso.fi/onto/yso/p23796 as top concept of scheme http://www.yso.fi/onto/ekso/aggregateconceptscheme
INFO: Marking loose concept http://www.yso.fi/onto/yso/p23797 as top concept of scheme http://www.yso.fi/onto/ekso/aggregateconceptscheme
INFO: Marking loose concept http://www.yso.fi/onto/yso/p23798 as top concept of scheme http://www.yso.fi/onto/ekso/aggregateconceptscheme
INFO: Marking loose concept http://www.yso.fi/onto/yso/p23799 as top concept of scheme http://www.yso.fi/onto/ekso/aggregateconceptscheme
INFO: Marking loose concept http://www.yso.fi/onto/yso/p23800 as top concept of scheme http://www.yso.fi/onto/ekso/aggregateconceptscheme
INFO: Marking loose concept http://www.yso.fi/onto/yso/p23801 as top concept of scheme http://www.yso.fi/onto/ekso/aggregateconceptscheme
INFO: Marking loose concept http://www.yso.fi/onto/yso/p23802 as top concept of scheme http://www.yso.fi/onto/ekso/aggregateconceptscheme
INFO: Marking loose concept http://www.yso.fi/onto/yso/p23803 as top concept of scheme http://www.yso.fi/onto/ekso/aggregateconceptscheme
INFO: Marking loose concept http://www.yso.fi/onto/yso/p24637 as top concept of scheme http://www.yso.fi/onto/ekso/aggregateconceptscheme
INFO: Marking loose concept http://www.yso.fi/onto/yso/p24647 as top concept of scheme http://www.yso.fi/onto/ekso/aggregateconceptscheme
INFO: Marking loose concept http://www.yso.fi/onto/yso/p24648 as top concept of scheme http://www.yso.fi/onto/ekso/aggregateconceptscheme
INFO: Marking loose concept http://www.yso.fi/onto/yso/p24651 as top concept of scheme http://www.yso.fi/onto/ekso/aggregateconceptscheme
INFO: Marking loose concept http://www.yso.fi/onto/yso/p24654 as top concept of scheme http://www.yso.fi/onto/ekso/aggregateconceptscheme
INFO: Marking loose concept http://www.yso.fi/onto/yso/p24655 as top concept of scheme http://www.yso.fi/onto/ekso/aggregateconceptscheme
INFO: Marking loose concept http://www.yso.fi/onto/yso/p24660 as top concept of scheme http://www.yso.fi/onto/ekso/aggregateconceptscheme
INFO: Marking loose concept http://www.yso.fi/onto/yso/p24665 as top concept of scheme http://www.yso.fi/onto/ekso/aggregateconceptscheme
INFO: Marking loose concept http://www.yso.fi/onto/yso/p24667 as top concept of scheme http://www.yso.fi/onto/ekso/aggregateconceptscheme
INFO: Marking loose concept http://www.yso.fi/onto/yso/p2491 as top concept of scheme http://www.yso.fi/onto/ekso/aggregateconceptscheme
INFO: Marking loose concept http://www.yso.fi/onto/yso/p25138 as top concept of scheme http://www.yso.fi/onto/ekso/aggregateconceptscheme
INFO: Marking loose concept http://www.yso.fi/onto/yso/p2516 as top concept of scheme http://www.yso.fi/onto/ekso/aggregateconceptscheme
INFO: Marking loose concept http://www.yso.fi/onto/yso/p25264 as top concept of scheme http://www.yso.fi/onto/ekso/aggregateconceptscheme
INFO: Marking loose concept http://www.yso.fi/onto/yso/p25265 as top concept of scheme http://www.yso.fi/onto/ekso/aggregateconceptscheme
INFO: Marking loose concept http://www.yso.fi/onto/yso/p25411 as top concept of scheme http://www.yso.fi/onto/ekso/aggregateconceptscheme
INFO: Marking loose concept http://www.yso.fi/onto/yso/p25667 as top concept of scheme http://www.yso.fi/onto/ekso/aggregateconceptscheme
INFO: Marking loose concept http://www.yso.fi/onto/yso/p25694 as top concept of scheme http://www.yso.fi/onto/ekso/aggregateconceptscheme
INFO: Marking loose concept http://www.yso.fi/onto/yso/p25730 as top concept of scheme http://www.yso.fi/onto/ekso/aggregateconceptscheme
INFO: Marking loose concept http://www.yso.fi/onto/yso/p25772 as top concept of scheme http://www.yso.fi/onto/ekso/aggregateconceptscheme
INFO: Marking loose concept http://www.yso.fi/onto/yso/p25913 as top concept of scheme http://www.yso.fi/onto/ekso/aggregateconceptscheme
INFO: Marking loose concept http://www.yso.fi/onto/yso/p25914 as top concept of scheme http://www.yso.fi/onto/ekso/aggregateconceptscheme
INFO: Marking loose concept http://www.yso.fi/onto/yso/p25954 as top concept of scheme http://www.yso.fi/onto/ekso/aggregateconceptscheme
INFO: Marking loose concept http://www.yso.fi/onto/yso/p25961 as top concept of scheme http://www.yso.fi/onto/ekso/aggregateconceptscheme
INFO: Marking loose concept http://www.yso.fi/onto/yso/p25971 as top concept of scheme http://www.yso.fi/onto/ekso/aggregateconceptscheme
INFO: Marking loose concept http://www.yso.fi/onto/yso/p25979 as top concept of scheme http://www.yso.fi/onto/ekso/aggregateconceptscheme
INFO: Marking loose concept http://www.yso.fi/onto/yso/p26049 as top concept of scheme http://www.yso.fi/onto/ekso/aggregateconceptscheme
INFO: Marking loose concept http://www.yso.fi/onto/yso/p26350 as top concept of scheme http://www.yso.fi/onto/ekso/aggregateconceptscheme
INFO: Marking loose concept http://www.yso.fi/onto/yso/p26465 as top concept of scheme http://www.yso.fi/onto/ekso/aggregateconceptscheme
INFO: Marking loose concept http://www.yso.fi/onto/yso/p26485 as top concept of scheme http://www.yso.fi/onto/ekso/aggregateconceptscheme
INFO: Marking loose concept http://www.yso.fi/onto/yso/p26515 as top concept of scheme http://www.yso.fi/onto/ekso/aggregateconceptscheme
INFO: Marking loose concept http://www.yso.fi/onto/yso/p26516 as top concept of scheme http://www.yso.fi/onto/ekso/aggregateconceptscheme
INFO: Marking loose concept http://www.yso.fi/onto/yso/p26521 as top concept of scheme http://www.yso.fi/onto/ekso/aggregateconceptscheme
INFO: Marking loose concept http://www.yso.fi/onto/yso/p26523 as top concept of scheme http://www.yso.fi/onto/ekso/aggregateconceptscheme
INFO: Marking loose concept http://www.yso.fi/onto/yso/p2673 as top concept of scheme http://www.yso.fi/onto/ekso/aggregateconceptscheme
INFO: Marking loose concept http://www.yso.fi/onto/yso/p2706 as top concept of scheme http://www.yso.fi/onto/ekso/aggregateconceptscheme
INFO: Marking loose concept http://www.yso.fi/onto/yso/p2731 as top concept of scheme http://www.yso.fi/onto/ekso/aggregateconceptscheme
INFO: Marking loose concept http://www.yso.fi/onto/yso/p2801 as top concept of scheme http://www.yso.fi/onto/ekso/aggregateconceptscheme
INFO: Marking loose concept http://www.yso.fi/onto/yso/p28186 as top concept of scheme http://www.yso.fi/onto/ekso/aggregateconceptscheme
INFO: Marking loose concept http://www.yso.fi/onto/yso/p28187 as top concept of scheme http://www.yso.fi/onto/ekso/aggregateconceptscheme
INFO: Marking loose concept http://www.yso.fi/onto/yso/p28188 as top concept of scheme http://www.yso.fi/onto/ekso/aggregateconceptscheme
INFO: Marking loose concept http://www.yso.fi/onto/yso/p2864 as top concept of scheme http://www.yso.fi/onto/ekso/aggregateconceptscheme
INFO: Marking loose concept http://www.yso.fi/onto/yso/p293 as top concept of scheme http://www.yso.fi/onto/ekso/aggregateconceptscheme
INFO: Marking loose concept http://www.yso.fi/onto/yso/p2979 as top concept of scheme http://www.yso.fi/onto/ekso/aggregateconceptscheme
INFO: Marking loose concept http://www.yso.fi/onto/yso/p3112 as top concept of scheme http://www.yso.fi/onto/ekso/aggregateconceptscheme
INFO: Marking loose concept http://www.yso.fi/onto/yso/p3198 as top concept of scheme http://www.yso.fi/onto/ekso/aggregateconceptscheme
INFO: Marking loose concept http://www.yso.fi/onto/yso/p3380 as top concept of scheme http://www.yso.fi/onto/ekso/aggregateconceptscheme
INFO: Marking loose concept http://www.yso.fi/onto/yso/p3411 as top concept of scheme http://www.yso.fi/onto/ekso/aggregateconceptscheme
INFO: Marking loose concept http://www.yso.fi/onto/yso/p3471 as top concept of scheme http://www.yso.fi/onto/ekso/aggregateconceptscheme
INFO: Marking loose concept http://www.yso.fi/onto/yso/p353 as top concept of scheme http://www.yso.fi/onto/ekso/aggregateconceptscheme
INFO: Marking loose concept http://www.yso.fi/onto/yso/p3530 as top concept of scheme http://www.yso.fi/onto/ekso/aggregateconceptscheme
INFO: Marking loose concept http://www.yso.fi/onto/yso/p3623 as top concept of scheme http://www.yso.fi/onto/ekso/aggregateconceptscheme
INFO: Marking loose concept http://www.yso.fi/onto/yso/p4309 as top concept of scheme http://www.yso.fi/onto/ekso/aggregateconceptscheme
INFO: Marking loose concept http://www.yso.fi/onto/yso/p4338 as top concept of scheme http://www.yso.fi/onto/ekso/aggregateconceptscheme
INFO: Marking loose concept http://www.yso.fi/onto/yso/p4425 as top concept of scheme http://www.yso.fi/onto/ekso/aggregateconceptscheme
INFO: Marking loose concept http://www.yso.fi/onto/yso/p4428 as top concept of scheme http://www.yso.fi/onto/ekso/aggregateconceptscheme
INFO: Marking loose concept http://www.yso.fi/onto/yso/p4431 as top concept of scheme http://www.yso.fi/onto/ekso/aggregateconceptscheme
INFO: Marking loose concept http://www.yso.fi/onto/yso/p4497 as top concept of scheme http://www.yso.fi/onto/ekso/aggregateconceptscheme
INFO: Marking loose concept http://www.yso.fi/onto/yso/p4578 as top concept of scheme http://www.yso.fi/onto/ekso/aggregateconceptscheme
INFO: Marking loose concept http://www.yso.fi/onto/yso/p4590 as top concept of scheme http://www.yso.fi/onto/ekso/aggregateconceptscheme
INFO: Marking loose concept http://www.yso.fi/onto/yso/p4681 as top concept of scheme http://www.yso.fi/onto/ekso/aggregateconceptscheme
INFO: Marking loose concept http://www.yso.fi/onto/yso/p4838 as top concept of scheme http://www.yso.fi/onto/ekso/aggregateconceptscheme
INFO: Marking loose concept http://www.yso.fi/onto/yso/p5050 as top concept of scheme http://www.yso.fi/onto/ekso/aggregateconceptscheme
INFO: Marking loose concept http://www.yso.fi/onto/yso/p5093 as top concept of scheme http://www.yso.fi/onto/ekso/aggregateconceptscheme
INFO: Marking loose concept http://www.yso.fi/onto/yso/p5136 as top concept of scheme http://www.yso.fi/onto/ekso/aggregateconceptscheme
INFO: Marking loose concept http://www.yso.fi/onto/yso/p5143 as top concept of scheme http://www.yso.fi/onto/ekso/aggregateconceptscheme
INFO: Marking loose concept http://www.yso.fi/onto/yso/p5185 as top concept of scheme http://www.yso.fi/onto/ekso/aggregateconceptscheme
INFO: Marking loose concept http://www.yso.fi/onto/yso/p5345 as top concept of scheme http://www.yso.fi/onto/ekso/aggregateconceptscheme
INFO: Marking loose concept http://www.yso.fi/onto/yso/p5494 as top concept of scheme http://www.yso.fi/onto/ekso/aggregateconceptscheme
INFO: Marking loose concept http://www.yso.fi/onto/yso/p5532 as top concept of scheme http://www.yso.fi/onto/ekso/aggregateconceptscheme
INFO: Marking loose concept http://www.yso.fi/onto/yso/p5545 as top concept of scheme http://www.yso.fi/onto/ekso/aggregateconceptscheme
INFO: Marking loose concept http://www.yso.fi/onto/yso/p5596 as top concept of scheme http://www.yso.fi/onto/ekso/aggregateconceptscheme
INFO: Marking loose concept http://www.yso.fi/onto/yso/p596 as top concept of scheme http://www.yso.fi/onto/ekso/aggregateconceptscheme
INFO: Marking loose concept http://www.yso.fi/onto/yso/p60 as top concept of scheme http://www.yso.fi/onto/ekso/aggregateconceptscheme
INFO: Marking loose concept http://www.yso.fi/onto/yso/p6143 as top concept of scheme http://www.yso.fi/onto/ekso/aggregateconceptscheme
INFO: Marking loose concept http://www.yso.fi/onto/yso/p6208 as top concept of scheme http://www.yso.fi/onto/ekso/aggregateconceptscheme
INFO: Marking loose concept http://www.yso.fi/onto/yso/p6429 as top concept of scheme http://www.yso.fi/onto/ekso/aggregateconceptscheme
INFO: Marking loose concept http://www.yso.fi/onto/yso/p6637 as top concept of scheme http://www.yso.fi/onto/ekso/aggregateconceptscheme
INFO: Marking loose concept http://www.yso.fi/onto/yso/p6650 as top concept of scheme http://www.yso.fi/onto/ekso/aggregateconceptscheme
INFO: Marking loose concept http://www.yso.fi/onto/yso/p6764 as top concept of scheme http://www.yso.fi/onto/ekso/aggregateconceptscheme
INFO: Marking loose concept http://www.yso.fi/onto/yso/p6843 as top concept of scheme http://www.yso.fi/onto/ekso/aggregateconceptscheme
INFO: Marking loose concept http://www.yso.fi/onto/yso/p6863 as top concept of scheme http://www.yso.fi/onto/ekso/aggregateconceptscheme
INFO: Marking loose concept http://www.yso.fi/onto/yso/p6995 as top concept of scheme http://www.yso.fi/onto/ekso/aggregateconceptscheme
INFO: Marking loose concept http://www.yso.fi/onto/yso/p7018 as top concept of scheme http://www.yso.fi/onto/ekso/aggregateconceptscheme
INFO: Marking loose concept http://www.yso.fi/onto/yso/p7022 as top concept of scheme http://www.yso.fi/onto/ekso/aggregateconceptscheme
INFO: Marking loose concept http://www.yso.fi/onto/yso/p7168 as top concept of scheme http://www.yso.fi/onto/ekso/aggregateconceptscheme
INFO: Marking loose concept http://www.yso.fi/onto/yso/p7353 as top concept of scheme http://www.yso.fi/onto/ekso/aggregateconceptscheme
INFO: Marking loose concept http://www.yso.fi/onto/yso/p7364 as top concept of scheme http://www.yso.fi/onto/ekso/aggregateconceptscheme
INFO: Marking loose concept http://www.yso.fi/onto/yso/p7388 as top concept of scheme http://www.yso.fi/onto/ekso/aggregateconceptscheme
INFO: Marking loose concept http://www.yso.fi/onto/yso/p7669 as top concept of scheme http://www.yso.fi/onto/ekso/aggregateconceptscheme
INFO: Marking loose concept http://www.yso.fi/onto/yso/p781 as top concept of scheme http://www.yso.fi/onto/ekso/aggregateconceptscheme
INFO: Marking loose concept http://www.yso.fi/onto/yso/p7844 as top concept of scheme http://www.yso.fi/onto/ekso/aggregateconceptscheme
INFO: Marking loose concept http://www.yso.fi/onto/yso/p7898 as top concept of scheme http://www.yso.fi/onto/ekso/aggregateconceptscheme
INFO: Marking loose concept http://www.yso.fi/onto/yso/p7976 as top concept of scheme http://www.yso.fi/onto/ekso/aggregateconceptscheme
INFO: Marking loose concept http://www.yso.fi/onto/yso/p8040 as top concept of scheme http://www.yso.fi/onto/ekso/aggregateconceptscheme
INFO: Marking loose concept http://www.yso.fi/onto/yso/p8547 as top concept of scheme http://www.yso.fi/onto/ekso/aggregateconceptscheme
INFO: Marking loose concept http://www.yso.fi/onto/yso/p8620 as top concept of scheme http://www.yso.fi/onto/ekso/aggregateconceptscheme
INFO: Marking loose concept http://www.yso.fi/onto/yso/p8637 as top concept of scheme http://www.yso.fi/onto/ekso/aggregateconceptscheme
INFO: Marking loose concept http://www.yso.fi/onto/yso/p8644 as top concept of scheme http://www.yso.fi/onto/ekso/aggregateconceptscheme
INFO: Marking loose concept http://www.yso.fi/onto/yso/p8849 as top concept of scheme http://www.yso.fi/onto/ekso/aggregateconceptscheme
INFO: Marking loose concept http://www.yso.fi/onto/yso/p9065 as top concept of scheme http://www.yso.fi/onto/ekso/aggregateconceptscheme
INFO: Marking loose concept http://www.yso.fi/onto/yso/p9076 as top concept of scheme http://www.yso.fi/onto/ekso/aggregateconceptscheme
INFO: Marking loose concept http://www.yso.fi/onto/yso/p9149 as top concept of scheme http://www.yso.fi/onto/ekso/aggregateconceptscheme
INFO: Marking loose concept http://www.yso.fi/onto/yso/p9175 as top concept of scheme http://www.yso.fi/onto/ekso/aggregateconceptscheme
INFO: Marking loose concept http://www.yso.fi/onto/yso/p9206 as top concept of scheme http://www.yso.fi/onto/ekso/aggregateconceptscheme
INFO: Marking loose concept http://www.yso.fi/onto/yso/p9354 as top concept of scheme http://www.yso.fi/onto/ekso/aggregateconceptscheme
INFO: Marking loose concept http://www.yso.fi/onto/yso/p9402 as top concept of scheme http://www.yso.fi/onto/ekso/aggregateconceptscheme
INFO: Marking loose concept http://www.yso.fi/onto/yso/p9435 as top concept of scheme http://www.yso.fi/onto/ekso/aggregateconceptscheme
INFO: Marking loose concept http://www.yso.fi/onto/yso/p9500 as top concept of scheme http://www.yso.fi/onto/ekso/aggregateconceptscheme
INFO: Marking loose concept http://www.yso.fi/onto/yso/p951 as top concept of scheme http://www.yso.fi/onto/ekso/aggregateconceptscheme
INFO: Marking loose concept http://www.yso.fi/onto/yso/p9556 as top concept of scheme http://www.yso.fi/onto/ekso/aggregateconceptscheme
INFO: Marking loose concept http://www.yso.fi/onto/yso/p9581 as top concept of scheme http://www.yso.fi/onto/ekso/aggregateconceptscheme
INFO: Marking loose concept http://www.yso.fi/onto/yso/p9650 as top concept of scheme http://www.yso.fi/onto/ekso/aggregateconceptscheme
INFO: Marking loose concept http://www.yso.fi/onto/yso/p9736 as top concept of scheme http://www.yso.fi/onto/ekso/aggregateconceptscheme
INFO: Marking loose concept http://www.yso.fi/onto/yso/p9744 as top concept of scheme http://www.yso.fi/onto/ekso/aggregateconceptscheme
INFO: Marking loose concept http://www.yso.fi/onto/yso/p9818 as top concept of scheme http://www.yso.fi/onto/ekso/aggregateconceptscheme
INFO: Marking loose concept http://www.yso.fi/onto/yso/p9851 as top concept of scheme http://www.yso.fi/onto/ekso/aggregateconceptscheme
INFO: Marking loose concept http://www.yso.fi/onto/yso/p9878 as top concept of scheme http://www.yso.fi/onto/ekso/aggregateconceptscheme
INFO: Marking loose concept http://www.yso.fi/onto/yso/p9941 as top concept of scheme http://www.yso.fi/onto/ekso/aggregateconceptscheme
INFO: Marking loose concept http://www.yso.fi/onto/yso/p9965 as top concept of scheme http://www.yso.fi/onto/ekso/aggregateconceptscheme
INFO: Marking loose concept http://www.yso.fi/onto/yso/p9980 as top concept of scheme http://www.yso.fi/onto/ekso/aggregateconceptscheme
INFO: Marking loose concept http://www.yso.fi/onto/yso/p9989 as top concept of scheme http://www.yso.fi/onto/ekso/aggregateconceptscheme
INFO: Marking loose concept http://www.yso.fi/onto/yso/p10011 as top concept of scheme http://www.yso.fi/onto/ekso/deprecatedconceptscheme
INFO: Marking loose concept http://www.yso.fi/onto/yso/p10023 as top concept of scheme http://www.yso.fi/onto/ekso/deprecatedconceptscheme
INFO: Marking loose concept http://www.yso.fi/onto/yso/p10036 as top concept of scheme http://www.yso.fi/onto/ekso/deprecatedconceptscheme
INFO: Marking loose concept http://www.yso.fi/onto/yso/p10037 as top concept of scheme http://www.yso.fi/onto/ekso/deprecatedconceptscheme
INFO: Marking loose concept http://www.yso.fi/onto/yso/p10061 as top concept of scheme http://www.yso.fi/onto/ekso/deprecatedconceptscheme
INFO: Marking loose concept http://www.yso.fi/onto/yso/p10074 as top concept of scheme http://www.yso.fi/onto/ekso/deprecatedconceptscheme
INFO: Marking loose concept http://www.yso.fi/onto/yso/p10075 as top concept of scheme http://www.yso.fi/onto/ekso/deprecatedconceptscheme
INFO: Marking loose concept http://www.yso.fi/onto/yso/p10082 as top concept of scheme http://www.yso.fi/onto/ekso/deprecatedconceptscheme
INFO: Marking loose concept http://www.yso.fi/onto/yso/p10087 as top concept of scheme http://www.yso.fi/onto/ekso/deprecatedconceptscheme
INFO: Marking loose concept http://www.yso.fi/onto/yso/p10096 as top concept of scheme http://www.yso.fi/onto/ekso/deprecatedconceptscheme
INFO: Marking loose concept http://www.yso.fi/onto/yso/p10097 as top concept of scheme http://www.yso.fi/onto/ekso/deprecatedconceptscheme
INFO: Marking loose concept http://www.yso.fi/onto/yso/p101 as top concept of scheme http://www.yso.fi/onto/ekso/deprecatedconceptscheme
INFO: Marking loose concept http://www.yso.fi/onto/yso/p10135 as top concept of scheme http://www.yso.fi/onto/ekso/deprecatedconceptscheme
INFO: Marking loose concept http://www.yso.fi/onto/yso/p10143 as top concept of scheme http://www.yso.fi/onto/ekso/deprecatedconceptscheme
INFO: Marking loose concept http://www.yso.fi/onto/yso/p10146 as top concept of scheme http://www.yso.fi/onto/ekso/deprecatedconceptscheme
INFO: Marking loose concept http://www.yso.fi/onto/yso/p10147 as top concept of scheme http://www.yso.fi/onto/ekso/deprecatedconceptscheme
INFO: Marking loose concept http://www.yso.fi/onto/yso/p10153 as top concept of scheme http://www.yso.fi/onto/ekso/deprecatedconceptscheme
INFO: Marking loose concept http://www.yso.fi/onto/yso/p10182 as top concept of scheme http://www.yso.fi/onto/ekso/deprecatedconceptscheme
INFO: Marking loose concept http://www.yso.fi/onto/yso/p10193 as top concept of scheme http://www.yso.fi/onto/ekso/deprecatedconceptscheme
INFO: Marking loose concept http://www.yso.fi/onto/yso/p10208 as top concept of scheme http://www.yso.fi/onto/ekso/deprecatedconceptscheme
INFO: Marking loose concept http://www.yso.fi/onto/yso/p10211 as top concept of scheme http://www.yso.fi/onto/ekso/deprecatedconceptscheme
INFO: Marking loose concept http://www.yso.fi/onto/yso/p10215 as top concept of scheme http://www.yso.fi/onto/ekso/deprecatedconceptscheme
INFO: Marking loose concept http://www.yso.fi/onto/yso/p10270 as top concept of scheme http://www.yso.fi/onto/ekso/deprecatedconceptscheme
INFO: Marking loose concept http://www.yso.fi/onto/yso/p10288 as top concept of scheme http://www.yso.fi/onto/ekso/deprecatedconceptscheme
INFO: Marking loose concept http://www.yso.fi/onto/yso/p10290 as top concept of scheme http://www.yso.fi/onto/ekso/deprecatedconceptscheme
INFO: Marking loose concept http://www.yso.fi/onto/yso/p10299 as top concept of scheme http://www.yso.fi/onto/ekso/deprecatedconceptscheme
INFO: Marking loose concept http://www.yso.fi/onto/yso/p10314 as top concept of scheme http://www.yso.fi/onto/ekso/deprecatedconceptscheme
INFO: Marking loose concept http://www.yso.fi/onto/yso/p1034 as top concept of scheme http://www.yso.fi/onto/ekso/deprecatedconceptscheme
INFO: Marking loose concept http://www.yso.fi/onto/yso/p10340 as top concept of scheme http://www.yso.fi/onto/ekso/deprecatedconceptscheme
INFO: Marking loose concept http://www.yso.fi/onto/yso/p10356 as top concept of scheme http://www.yso.fi/onto/ekso/deprecatedconceptscheme
INFO: Marking loose concept http://www.yso.fi/onto/yso/p10388 as top concept of scheme http://www.yso.fi/onto/ekso/deprecatedconceptscheme
INFO: Marking loose concept http://www.yso.fi/onto/yso/p10418 as top concept of scheme http://www.yso.fi/onto/ekso/deprecatedconceptscheme
INFO: Marking loose concept http://www.yso.fi/onto/yso/p10466 as top concept of scheme http://www.yso.fi/onto/ekso/deprecatedconceptscheme
INFO: Marking loose concept http://www.yso.fi/onto/yso/p10484 as top concept of scheme http://www.yso.fi/onto/ekso/deprecatedconceptscheme
INFO: Marking loose concept http://www.yso.fi/onto/yso/p10520 as top concept of scheme http://www.yso.fi/onto/ekso/deprecatedconceptscheme
INFO: Marking loose concept http://www.yso.fi/onto/yso/p10526 as top concept of scheme http://www.yso.fi/onto/ekso/deprecatedconceptscheme
INFO: Marking loose concept http://www.yso.fi/onto/yso/p10547 as top concept of scheme http://www.yso.fi/onto/ekso/deprecatedconceptscheme
INFO: Marking loose concept http://www.yso.fi/onto/yso/p10574 as top concept of scheme http://www.yso.fi/onto/ekso/deprecatedconceptscheme
INFO: Marking loose concept http://www.yso.fi/onto/yso/p10575 as top concept of scheme http://www.yso.fi/onto/ekso/deprecatedconceptscheme
INFO: Marking loose concept http://www.yso.fi/onto/yso/p10588 as top concept of scheme http://www.yso.fi/onto/ekso/deprecatedconceptscheme
INFO: Marking loose concept http://www.yso.fi/onto/yso/p10589 as top concept of scheme http://www.yso.fi/onto/ekso/deprecatedconceptscheme
INFO: Marking loose concept http://www.yso.fi/onto/yso/p10593 as top concept of scheme http://www.yso.fi/onto/ekso/deprecatedconceptscheme
INFO: Marking loose concept http://www.yso.fi/onto/yso/p10597 as top concept of scheme http://www.yso.fi/onto/ekso/deprecatedconceptscheme
INFO: Marking loose concept http://www.yso.fi/onto/yso/p10599 as top concept of scheme http://www.yso.fi/onto/ekso/deprecatedconceptscheme
INFO: Marking loose concept http://www.yso.fi/onto/yso/p10623 as top concept of scheme http://www.yso.fi/onto/ekso/deprecatedconceptscheme
INFO: Marking loose concept http://www.yso.fi/onto/yso/p10667 as top concept of scheme http://www.yso.fi/onto/ekso/deprecatedconceptscheme
INFO: Marking loose concept http://www.yso.fi/onto/yso/p10670 as top concept of scheme http://www.yso.fi/onto/ekso/deprecatedconceptscheme
INFO: Marking loose concept http://www.yso.fi/onto/yso/p10677 as top concept of scheme http://www.yso.fi/onto/ekso/deprecatedconceptscheme
INFO: Marking loose concept http://www.yso.fi/onto/yso/p10707 as top concept of scheme http://www.yso.fi/onto/ekso/deprecatedconceptscheme
INFO: Marking loose concept http://www.yso.fi/onto/yso/p10710 as top concept of scheme http://www.yso.fi/onto/ekso/deprecatedconceptscheme
INFO: Marking loose concept http://www.yso.fi/onto/yso/p10711 as top concept of scheme http://www.yso.fi/onto/ekso/deprecatedconceptscheme
INFO: Marking loose concept http://www.yso.fi/onto/yso/p10734 as top concept of scheme http://www.yso.fi/onto/ekso/deprecatedconceptscheme
INFO: Marking loose concept http://www.yso.fi/onto/yso/p10756 as top concept of scheme http://www.yso.fi/onto/ekso/deprecatedconceptscheme
INFO: Marking loose concept http://www.yso.fi/onto/yso/p10786 as top concept of scheme http://www.yso.fi/onto/ekso/deprecatedconceptscheme
INFO: Marking loose concept http://www.yso.fi/onto/yso/p10787 as top concept of scheme http://www.yso.fi/onto/ekso/deprecatedconceptscheme
INFO: Marking loose concept http://www.yso.fi/onto/yso/p10797 as top concept of scheme http://www.yso.fi/onto/ekso/deprecatedconceptscheme
INFO: Marking loose concept http://www.yso.fi/onto/yso/p10882 as top concept of scheme http://www.yso.fi/onto/ekso/deprecatedconceptscheme
INFO: Marking loose concept http://www.yso.fi/onto/yso/p10887 as top concept of scheme http://www.yso.fi/onto/ekso/deprecatedconceptscheme
INFO: Marking loose concept http://www.yso.fi/onto/yso/p10925 as top concept of scheme http://www.yso.fi/onto/ekso/deprecatedconceptscheme
INFO: Marking loose concept http://www.yso.fi/onto/yso/p10939 as top concept of scheme http://www.yso.fi/onto/ekso/deprecatedconceptscheme
INFO: Marking loose concept http://www.yso.fi/onto/yso/p10966 as top concept of scheme http://www.yso.fi/onto/ekso/deprecatedconceptscheme
INFO: Marking loose concept http://www.yso.fi/onto/yso/p10975 as top concept of scheme http://www.yso.fi/onto/ekso/deprecatedconceptscheme
INFO: Marking loose concept http://www.yso.fi/onto/yso/p10985 as top concept of scheme http://www.yso.fi/onto/ekso/deprecatedconceptscheme
INFO: Marking loose concept http://www.yso.fi/onto/yso/p10989 as top concept of scheme http://www.yso.fi/onto/ekso/deprecatedconceptscheme
INFO: Marking loose concept http://www.yso.fi/onto/yso/p1100 as top concept of scheme http://www.yso.fi/onto/ekso/deprecatedconceptscheme
INFO: Marking loose concept http://www.yso.fi/onto/yso/p11012 as top concept of scheme http://www.yso.fi/onto/ekso/deprecatedconceptscheme
INFO: Marking loose concept http://www.yso.fi/onto/yso/p11018 as top concept of scheme http://www.yso.fi/onto/ekso/deprecatedconceptscheme
INFO: Marking loose concept http://www.yso.fi/onto/yso/p11081 as top concept of scheme http://www.yso.fi/onto/ekso/deprecatedconceptscheme
INFO: Marking loose concept http://www.yso.fi/onto/yso/p11125 as top concept of scheme http://www.yso.fi/onto/ekso/deprecatedconceptscheme
INFO: Marking loose concept http://www.yso.fi/onto/yso/p11216 as top concept of scheme http://www.yso.fi/onto/ekso/deprecatedconceptscheme
INFO: Marking loose concept http://www.yso.fi/onto/yso/p11234 as top concept of scheme http://www.yso.fi/onto/ekso/deprecatedconceptscheme
INFO: Marking loose concept http://www.yso.fi/onto/yso/p11240 as top concept of scheme http://www.yso.fi/onto/ekso/deprecatedconceptscheme
INFO: Marking loose concept http://www.yso.fi/onto/yso/p11256 as top concept of scheme http://www.yso.fi/onto/ekso/deprecatedconceptscheme
INFO: Marking loose concept http://www.yso.fi/onto/yso/p11257 as top concept of scheme http://www.yso.fi/onto/ekso/deprecatedconceptscheme
INFO: Marking loose concept http://www.yso.fi/onto/yso/p11265 as top concept of scheme http://www.yso.fi/onto/ekso/deprecatedconceptscheme
INFO: Marking loose concept http://www.yso.fi/onto/yso/p11270 as top concept of scheme http://www.yso.fi/onto/ekso/deprecatedconceptscheme
INFO: Marking loose concept http://www.yso.fi/onto/yso/p11272 as top concept of scheme http://www.yso.fi/onto/ekso/deprecatedconceptscheme
INFO: Marking loose concept http://www.yso.fi/onto/yso/p11279 as top concept of scheme http://www.yso.fi/onto/ekso/deprecatedconceptscheme
INFO: Marking loose concept http://www.yso.fi/onto/yso/p113 as top concept of scheme http://www.yso.fi/onto/ekso/deprecatedconceptscheme
INFO: Marking loose concept http://www.yso.fi/onto/yso/p11334 as top concept of scheme http://www.yso.fi/onto/ekso/deprecatedconceptscheme
INFO: Marking loose concept http://www.yso.fi/onto/yso/p11371 as top concept of scheme http://www.yso.fi/onto/ekso/deprecatedconceptscheme
INFO: Marking loose concept http://www.yso.fi/onto/yso/p1138 as top concept of scheme http://www.yso.fi/onto/ekso/deprecatedconceptscheme
INFO: Marking loose concept http://www.yso.fi/onto/yso/p11396 as top concept of scheme http://www.yso.fi/onto/ekso/deprecatedconceptscheme
INFO: Marking loose concept http://www.yso.fi/onto/yso/p11399 as top concept of scheme http://www.yso.fi/onto/ekso/deprecatedconceptscheme
INFO: Marking loose concept http://www.yso.fi/onto/yso/p11437 as top concept of scheme http://www.yso.fi/onto/ekso/deprecatedconceptscheme
INFO: Marking loose concept http://www.yso.fi/onto/yso/p11439 as top concept of scheme http://www.yso.fi/onto/ekso/deprecatedconceptscheme
INFO: Marking loose concept http://www.yso.fi/onto/yso/p1144 as top concept of scheme http://www.yso.fi/onto/ekso/deprecatedconceptscheme
INFO: Marking loose concept http://www.yso.fi/onto/yso/p11454 as top concept of scheme http://www.yso.fi/onto/ekso/deprecatedconceptscheme
INFO: Marking loose concept http://www.yso.fi/onto/yso/p11502 as top concept of scheme http://www.yso.fi/onto/ekso/deprecatedconceptscheme
INFO: Marking loose concept http://www.yso.fi/onto/yso/p11505 as top concept of scheme http://www.yso.fi/onto/ekso/deprecatedconceptscheme
INFO: Marking loose concept http://www.yso.fi/onto/yso/p11508 as top concept of scheme http://www.yso.fi/onto/ekso/deprecatedconceptscheme
INFO: Marking loose concept http://www.yso.fi/onto/yso/p11523 as top concept of scheme http://www.yso.fi/onto/ekso/deprecatedconceptscheme
INFO: Marking loose concept http://www.yso.fi/onto/yso/p11526 as top concept of scheme http://www.yso.fi/onto/ekso/deprecatedconceptscheme
INFO: Marking loose concept http://www.yso.fi/onto/yso/p11586 as top concept of scheme http://www.yso.fi/onto/ekso/deprecatedconceptscheme
INFO: Marking loose concept http://www.yso.fi/onto/yso/p11591 as top concept of scheme http://www.yso.fi/onto/ekso/deprecatedconceptscheme
INFO: Marking loose concept http://www.yso.fi/onto/yso/p11594 as top concept of scheme http://www.yso.fi/onto/ekso/deprecatedconceptscheme
INFO: Marking loose concept http://www.yso.fi/onto/yso/p11601 as top concept of scheme http://www.yso.fi/onto/ekso/deprecatedconceptscheme
INFO: Marking loose concept http://www.yso.fi/onto/yso/p11620 as top concept of scheme http://www.yso.fi/onto/ekso/deprecatedconceptscheme
INFO: Marking loose concept http://www.yso.fi/onto/yso/p11623 as top concept of scheme http://www.yso.fi/onto/ekso/deprecatedconceptscheme
INFO: Marking loose concept http://www.yso.fi/onto/yso/p11624 as top concept of scheme http://www.yso.fi/onto/ekso/deprecatedconceptscheme
INFO: Marking loose concept http://www.yso.fi/onto/yso/p1164 as top concept of scheme http://www.yso.fi/onto/ekso/deprecatedconceptscheme
INFO: Marking loose concept http://www.yso.fi/onto/yso/p11648 as top concept of scheme http://www.yso.fi/onto/ekso/deprecatedconceptscheme
INFO: Marking loose concept http://www.yso.fi/onto/yso/p11658 as top concept of scheme http://www.yso.fi/onto/ekso/deprecatedconceptscheme
INFO: Marking loose concept http://www.yso.fi/onto/yso/p11660 as top concept of scheme http://www.yso.fi/onto/ekso/deprecatedconceptscheme
INFO: Marking loose concept http://www.yso.fi/onto/yso/p11662 as top concept of scheme http://www.yso.fi/onto/ekso/deprecatedconceptscheme
INFO: Marking loose concept http://www.yso.fi/onto/yso/p11665 as top concept of scheme http://www.yso.fi/onto/ekso/deprecatedconceptscheme
INFO: Marking loose concept http://www.yso.fi/onto/yso/p11783 as top concept of scheme http://www.yso.fi/onto/ekso/deprecatedconceptscheme
INFO: Marking loose concept http://www.yso.fi/onto/yso/p11791 as top concept of scheme http://www.yso.fi/onto/ekso/deprecatedconceptscheme
INFO: Marking loose concept http://www.yso.fi/onto/yso/p11865 as top concept of scheme http://www.yso.fi/onto/ekso/deprecatedconceptscheme
INFO: Marking loose concept http://www.yso.fi/onto/yso/p11891 as top concept of scheme http://www.yso.fi/onto/ekso/deprecatedconceptscheme
INFO: Marking loose concept http://www.yso.fi/onto/yso/p11899 as top concept of scheme http://www.yso.fi/onto/ekso/deprecatedconceptscheme
INFO: Marking loose concept http://www.yso.fi/onto/yso/p1190 as top concept of scheme http://www.yso.fi/onto/ekso/deprecatedconceptscheme
INFO: Marking loose concept http://www.yso.fi/onto/yso/p11922 as top concept of scheme http://www.yso.fi/onto/ekso/deprecatedconceptscheme
INFO: Marking loose concept http://www.yso.fi/onto/yso/p11969 as top concept of scheme http://www.yso.fi/onto/ekso/deprecatedconceptscheme
INFO: Marking loose concept http://www.yso.fi/onto/yso/p11978 as top concept of scheme http://www.yso.fi/onto/ekso/deprecatedconceptscheme
INFO: Marking loose concept http://www.yso.fi/onto/yso/p11986 as top concept of scheme http://www.yso.fi/onto/ekso/deprecatedconceptscheme
INFO: Marking loose concept http://www.yso.fi/onto/yso/p12008 as top concept of scheme http://www.yso.fi/onto/ekso/deprecatedconceptscheme
INFO: Marking loose concept http://www.yso.fi/onto/yso/p12023 as top concept of scheme http://www.yso.fi/onto/ekso/deprecatedconceptscheme
INFO: Marking loose concept http://www.yso.fi/onto/yso/p12045 as top concept of scheme http://www.yso.fi/onto/ekso/deprecatedconceptscheme
INFO: Marking loose concept http://www.yso.fi/onto/yso/p12107 as top concept of scheme http://www.yso.fi/onto/ekso/deprecatedconceptscheme
INFO: Marking loose concept http://www.yso.fi/onto/yso/p12129 as top concept of scheme http://www.yso.fi/onto/ekso/deprecatedconceptscheme
INFO: Marking loose concept http://www.yso.fi/onto/yso/p12135 as top concept of scheme http://www.yso.fi/onto/ekso/deprecatedconceptscheme
INFO: Marking loose concept http://www.yso.fi/onto/yso/p12137 as top concept of scheme http://www.yso.fi/onto/ekso/deprecatedconceptscheme
INFO: Marking loose concept http://www.yso.fi/onto/yso/p12158 as top concept of scheme http://www.yso.fi/onto/ekso/deprecatedconceptscheme
INFO: Marking loose concept http://www.yso.fi/onto/yso/p12174 as top concept of scheme http://www.yso.fi/onto/ekso/deprecatedconceptscheme
INFO: Marking loose concept http://www.yso.fi/onto/yso/p122 as top concept of scheme http://www.yso.fi/onto/ekso/deprecatedconceptscheme
INFO: Marking loose concept http://www.yso.fi/onto/yso/p12239 as top concept of scheme http://www.yso.fi/onto/ekso/deprecatedconceptscheme
INFO: Marking loose concept http://www.yso.fi/onto/yso/p12258 as top concept of scheme http://www.yso.fi/onto/ekso/deprecatedconceptscheme
INFO: Marking loose concept http://www.yso.fi/onto/yso/p12262 as top concept of scheme http://www.yso.fi/onto/ekso/deprecatedconceptscheme
INFO: Marking loose concept http://www.yso.fi/onto/yso/p12277 as top concept of scheme http://www.yso.fi/onto/ekso/deprecatedconceptscheme
INFO: Marking loose concept http://www.yso.fi/onto/yso/p12296 as top concept of scheme http://www.yso.fi/onto/ekso/deprecatedconceptscheme
INFO: Marking loose concept http://www.yso.fi/onto/yso/p12308 as top concept of scheme http://www.yso.fi/onto/ekso/deprecatedconceptscheme
INFO: Marking loose concept http://www.yso.fi/onto/yso/p12323 as top concept of scheme http://www.yso.fi/onto/ekso/deprecatedconceptscheme
INFO: Marking loose concept http://www.yso.fi/onto/yso/p12327 as top concept of scheme http://www.yso.fi/onto/ekso/deprecatedconceptscheme
INFO: Marking loose concept http://www.yso.fi/onto/yso/p12333 as top concept of scheme http://www.yso.fi/onto/ekso/deprecatedconceptscheme
INFO: Marking loose concept http://www.yso.fi/onto/yso/p12353 as top concept of scheme http://www.yso.fi/onto/ekso/deprecatedconceptscheme
INFO: Marking loose concept http://www.yso.fi/onto/yso/p12363 as top concept of scheme http://www.yso.fi/onto/ekso/deprecatedconceptscheme
INFO: Marking loose concept http://www.yso.fi/onto/yso/p12396 as top concept of scheme http://www.yso.fi/onto/ekso/deprecatedconceptscheme
INFO: Marking loose concept http://www.yso.fi/onto/yso/p12397 as top concept of scheme http://www.yso.fi/onto/ekso/deprecatedconceptscheme
INFO: Marking loose concept http://www.yso.fi/onto/yso/p12421 as top concept of scheme http://www.yso.fi/onto/ekso/deprecatedconceptscheme
INFO: Marking loose concept http://www.yso.fi/onto/yso/p12460 as top concept of scheme http://www.yso.fi/onto/ekso/deprecatedconceptscheme
INFO: Marking loose concept http://www.yso.fi/onto/yso/p12479 as top concept of scheme http://www.yso.fi/onto/ekso/deprecatedconceptscheme
INFO: Marking loose concept http://www.yso.fi/onto/yso/p12495 as top concept of scheme http://www.yso.fi/onto/ekso/deprecatedconceptscheme
INFO: Marking loose concept http://www.yso.fi/onto/yso/p12522 as top concept of scheme http://www.yso.fi/onto/ekso/deprecatedconceptscheme
INFO: Marking loose concept http://www.yso.fi/onto/yso/p12527 as top concept of scheme http://www.yso.fi/onto/ekso/deprecatedconceptscheme
INFO: Marking loose concept http://www.yso.fi/onto/yso/p12534 as top concept of scheme http://www.yso.fi/onto/ekso/deprecatedconceptscheme
INFO: Marking loose concept http://www.yso.fi/onto/yso/p12553 as top concept of scheme http://www.yso.fi/onto/ekso/deprecatedconceptscheme
INFO: Marking loose concept http://www.yso.fi/onto/yso/p1256 as top concept of scheme http://www.yso.fi/onto/ekso/deprecatedconceptscheme
INFO: Marking loose concept http://www.yso.fi/onto/yso/p12563 as top concept of scheme http://www.yso.fi/onto/ekso/deprecatedconceptscheme
INFO: Marking loose concept http://www.yso.fi/onto/yso/p12574 as top concept of scheme http://www.yso.fi/onto/ekso/deprecatedconceptscheme
INFO: Marking loose concept http://www.yso.fi/onto/yso/p12597 as top concept of scheme http://www.yso.fi/onto/ekso/deprecatedconceptscheme
INFO: Marking loose concept http://www.yso.fi/onto/yso/p12601 as top concept of scheme http://www.yso.fi/onto/ekso/deprecatedconceptscheme
INFO: Marking loose concept http://www.yso.fi/onto/yso/p12653 as top concept of scheme http://www.yso.fi/onto/ekso/deprecatedconceptscheme
INFO: Marking loose concept http://www.yso.fi/onto/yso/p1269 as top concept of scheme http://www.yso.fi/onto/ekso/deprecatedconceptscheme
INFO: Marking loose concept http://www.yso.fi/onto/yso/p12712 as top concept of scheme http://www.yso.fi/onto/ekso/deprecatedconceptscheme
INFO: Marking loose concept http://www.yso.fi/onto/yso/p12729 as top concept of scheme http://www.yso.fi/onto/ekso/deprecatedconceptscheme
INFO: Marking loose concept http://www.yso.fi/onto/yso/p12759 as top concept of scheme http://www.yso.fi/onto/ekso/deprecatedconceptscheme
INFO: Marking loose concept http://www.yso.fi/onto/yso/p12767 as top concept of scheme http://www.yso.fi/onto/ekso/deprecatedconceptscheme
INFO: Marking loose concept http://www.yso.fi/onto/yso/p12768 as top concept of scheme http://www.yso.fi/onto/ekso/deprecatedconceptscheme
INFO: Marking loose concept http://www.yso.fi/onto/yso/p12792 as top concept of scheme http://www.yso.fi/onto/ekso/deprecatedconceptscheme
INFO: Marking loose concept http://www.yso.fi/onto/yso/p12813 as top concept of scheme http://www.yso.fi/onto/ekso/deprecatedconceptscheme
INFO: Marking loose concept http://www.yso.fi/onto/yso/p12818 as top concept of scheme http://www.yso.fi/onto/ekso/deprecatedconceptscheme
INFO: Marking loose concept http://www.yso.fi/onto/yso/p12822 as top concept of scheme http://www.yso.fi/onto/ekso/deprecatedconceptscheme
INFO: Marking loose concept http://www.yso.fi/onto/yso/p12829 as top concept of scheme http://www.yso.fi/onto/ekso/deprecatedconceptscheme
INFO: Marking loose concept http://www.yso.fi/onto/yso/p12830 as top concept of scheme http://www.yso.fi/onto/ekso/deprecatedconceptscheme
INFO: Marking loose concept http://www.yso.fi/onto/yso/p12835 as top concept of scheme http://www.yso.fi/onto/ekso/deprecatedconceptscheme
INFO: Marking loose concept http://www.yso.fi/onto/yso/p12845 as top concept of scheme http://www.yso.fi/onto/ekso/deprecatedconceptscheme
INFO: Marking loose concept http://www.yso.fi/onto/yso/p12857 as top concept of scheme http://www.yso.fi/onto/ekso/deprecatedconceptscheme
INFO: Marking loose concept http://www.yso.fi/onto/yso/p12892 as top concept of scheme http://www.yso.fi/onto/ekso/deprecatedconceptscheme
INFO: Marking loose concept http://www.yso.fi/onto/yso/p12912 as top concept of scheme http://www.yso.fi/onto/ekso/deprecatedconceptscheme
INFO: Marking loose concept http://www.yso.fi/onto/yso/p12937 as top concept of scheme http://www.yso.fi/onto/ekso/deprecatedconceptscheme
INFO: Marking loose concept http://www.yso.fi/onto/yso/p12944 as top concept of scheme http://www.yso.fi/onto/ekso/deprecatedconceptscheme
INFO: Marking loose concept http://www.yso.fi/onto/yso/p12963 as top concept of scheme http://www.yso.fi/onto/ekso/deprecatedconceptscheme
INFO: Marking loose concept http://www.yso.fi/onto/yso/p12972 as top concept of scheme http://www.yso.fi/onto/ekso/deprecatedconceptscheme
INFO: Marking loose concept http://www.yso.fi/onto/yso/p12977 as top concept of scheme http://www.yso.fi/onto/ekso/deprecatedconceptscheme
INFO: Marking loose concept http://www.yso.fi/onto/yso/p12978 as top concept of scheme http://www.yso.fi/onto/ekso/deprecatedconceptscheme
INFO: Marking loose concept http://www.yso.fi/onto/yso/p12992 as top concept of scheme http://www.yso.fi/onto/ekso/deprecatedconceptscheme
INFO: Marking loose concept http://www.yso.fi/onto/yso/p12994 as top concept of scheme http://www.yso.fi/onto/ekso/deprecatedconceptscheme
INFO: Marking loose concept http://www.yso.fi/onto/yso/p12997 as top concept of scheme http://www.yso.fi/onto/ekso/deprecatedconceptscheme
INFO: Marking loose concept http://www.yso.fi/onto/yso/p13000 as top concept of scheme http://www.yso.fi/onto/ekso/deprecatedconceptscheme
INFO: Marking loose concept http://www.yso.fi/onto/yso/p1302 as top concept of scheme http://www.yso.fi/onto/ekso/deprecatedconceptscheme
INFO: Marking loose concept http://www.yso.fi/onto/yso/p13053 as top concept of scheme http://www.yso.fi/onto/ekso/deprecatedconceptscheme
INFO: Marking loose concept http://www.yso.fi/onto/yso/p1306 as top concept of scheme http://www.yso.fi/onto/ekso/deprecatedconceptscheme
INFO: Marking loose concept http://www.yso.fi/onto/yso/p13081 as top concept of scheme http://www.yso.fi/onto/ekso/deprecatedconceptscheme
INFO: Marking loose concept http://www.yso.fi/onto/yso/p13087 as top concept of scheme http://www.yso.fi/onto/ekso/deprecatedconceptscheme
INFO: Marking loose concept http://www.yso.fi/onto/yso/p13098 as top concept of scheme http://www.yso.fi/onto/ekso/deprecatedconceptscheme
INFO: Marking loose concept http://www.yso.fi/onto/yso/p13102 as top concept of scheme http://www.yso.fi/onto/ekso/deprecatedconceptscheme
INFO: Marking loose concept http://www.yso.fi/onto/yso/p13103 as top concept of scheme http://www.yso.fi/onto/ekso/deprecatedconceptscheme
INFO: Marking loose concept http://www.yso.fi/onto/yso/p13114 as top concept of scheme http://www.yso.fi/onto/ekso/deprecatedconceptscheme
INFO: Marking loose concept http://www.yso.fi/onto/yso/p13125 as top concept of scheme http://www.yso.fi/onto/ekso/deprecatedconceptscheme
INFO: Marking loose concept http://www.yso.fi/onto/yso/p13128 as top concept of scheme http://www.yso.fi/onto/ekso/deprecatedconceptscheme
INFO: Marking loose concept http://www.yso.fi/onto/yso/p13138 as top concept of scheme http://www.yso.fi/onto/ekso/deprecatedconceptscheme
INFO: Marking loose concept http://www.yso.fi/onto/yso/p13173 as top concept of scheme http://www.yso.fi/onto/ekso/deprecatedconceptscheme
INFO: Marking loose concept http://www.yso.fi/onto/yso/p13180 as top concept of scheme http://www.yso.fi/onto/ekso/deprecatedconceptscheme
INFO: Marking loose concept http://www.yso.fi/onto/yso/p1319 as top concept of scheme http://www.yso.fi/onto/ekso/deprecatedconceptscheme
INFO: Marking loose concept http://www.yso.fi/onto/yso/p13223 as top concept of scheme http://www.yso.fi/onto/ekso/deprecatedconceptscheme
INFO: Marking loose concept http://www.yso.fi/onto/yso/p13239 as top concept of scheme http://www.yso.fi/onto/ekso/deprecatedconceptscheme
INFO: Marking loose concept http://www.yso.fi/onto/yso/p13240 as top concept of scheme http://www.yso.fi/onto/ekso/deprecatedconceptscheme
INFO: Marking loose concept http://www.yso.fi/onto/yso/p13246 as top concept of scheme http://www.yso.fi/onto/ekso/deprecatedconceptscheme
INFO: Marking loose concept http://www.yso.fi/onto/yso/p13249 as top concept of scheme http://www.yso.fi/onto/ekso/deprecatedconceptscheme
INFO: Marking loose concept http://www.yso.fi/onto/yso/p13251 as top concept of scheme http://www.yso.fi/onto/ekso/deprecatedconceptscheme
INFO: Marking loose concept http://www.yso.fi/onto/yso/p13254 as top concept of scheme http://www.yso.fi/onto/ekso/deprecatedconceptscheme
INFO: Marking loose concept http://www.yso.fi/onto/yso/p13264 as top concept of scheme http://www.yso.fi/onto/ekso/deprecatedconceptscheme
INFO: Marking loose concept http://www.yso.fi/onto/yso/p13267 as top concept of scheme http://www.yso.fi/onto/ekso/deprecatedconceptscheme
INFO: Marking loose concept http://www.yso.fi/onto/yso/p13276 as top concept of scheme http://www.yso.fi/onto/ekso/deprecatedconceptscheme
INFO: Marking loose concept http://www.yso.fi/onto/yso/p13321 as top concept of scheme http://www.yso.fi/onto/ekso/deprecatedconceptscheme
INFO: Marking loose concept http://www.yso.fi/onto/yso/p13338 as top concept of scheme http://www.yso.fi/onto/ekso/deprecatedconceptscheme
INFO: Marking loose concept http://www.yso.fi/onto/yso/p13339 as top concept of scheme http://www.yso.fi/onto/ekso/deprecatedconceptscheme
INFO: Marking loose concept http://www.yso.fi/onto/yso/p13359 as top concept of scheme http://www.yso.fi/onto/ekso/deprecatedconceptscheme
INFO: Marking loose concept http://www.yso.fi/onto/yso/p13365 as top concept of scheme http://www.yso.fi/onto/ekso/deprecatedconceptscheme
INFO: Marking loose concept http://www.yso.fi/onto/yso/p13366 as top concept of scheme http://www.yso.fi/onto/ekso/deprecatedconceptscheme
INFO: Marking loose concept http://www.yso.fi/onto/yso/p13406 as top concept of scheme http://www.yso.fi/onto/ekso/deprecatedconceptscheme
INFO: Marking loose concept http://www.yso.fi/onto/yso/p13409 as top concept of scheme http://www.yso.fi/onto/ekso/deprecatedconceptscheme
INFO: Marking loose concept http://www.yso.fi/onto/yso/p13424 as top concept of scheme http://www.yso.fi/onto/ekso/deprecatedconceptscheme
INFO: Marking loose concept http://www.yso.fi/onto/yso/p1343 as top concept of scheme http://www.yso.fi/onto/ekso/deprecatedconceptscheme
INFO: Marking loose concept http://www.yso.fi/onto/yso/p13442 as top concept of scheme http://www.yso.fi/onto/ekso/deprecatedconceptscheme
INFO: Marking loose concept http://www.yso.fi/onto/yso/p13446 as top concept of scheme http://www.yso.fi/onto/ekso/deprecatedconceptscheme
INFO: Marking loose concept http://www.yso.fi/onto/yso/p13460 as top concept of scheme http://www.yso.fi/onto/ekso/deprecatedconceptscheme
INFO: Marking loose concept http://www.yso.fi/onto/yso/p13490 as top concept of scheme http://www.yso.fi/onto/ekso/deprecatedconceptscheme
INFO: Marking loose concept http://www.yso.fi/onto/yso/p13495 as top concept of scheme http://www.yso.fi/onto/ekso/deprecatedconceptscheme
INFO: Marking loose concept http://www.yso.fi/onto/yso/p13515 as top concept of scheme http://www.yso.fi/onto/ekso/deprecatedconceptscheme
INFO: Marking loose concept http://www.yso.fi/onto/yso/p13521 as top concept of scheme http://www.yso.fi/onto/ekso/deprecatedconceptscheme
INFO: Marking loose concept http://www.yso.fi/onto/yso/p13530 as top concept of scheme http://www.yso.fi/onto/ekso/deprecatedconceptscheme
INFO: Marking loose concept http://www.yso.fi/onto/yso/p13545 as top concept of scheme http://www.yso.fi/onto/ekso/deprecatedconceptscheme
INFO: Marking loose concept http://www.yso.fi/onto/yso/p13576 as top concept of scheme http://www.yso.fi/onto/ekso/deprecatedconceptscheme
INFO: Marking loose concept http://www.yso.fi/onto/yso/p13585 as top concept of scheme http://www.yso.fi/onto/ekso/deprecatedconceptscheme
INFO: Marking loose concept http://www.yso.fi/onto/yso/p13586 as top concept of scheme http://www.yso.fi/onto/ekso/deprecatedconceptscheme
INFO: Marking loose concept http://www.yso.fi/onto/yso/p13598 as top concept of scheme http://www.yso.fi/onto/ekso/deprecatedconceptscheme
INFO: Marking loose concept http://www.yso.fi/onto/yso/p13634 as top concept of scheme http://www.yso.fi/onto/ekso/deprecatedconceptscheme
INFO: Marking loose concept http://www.yso.fi/onto/yso/p13640 as top concept of scheme http://www.yso.fi/onto/ekso/deprecatedconceptscheme
INFO: Marking loose concept http://www.yso.fi/onto/yso/p13645 as top concept of scheme http://www.yso.fi/onto/ekso/deprecatedconceptscheme
INFO: Marking loose concept http://www.yso.fi/onto/yso/p13668 as top concept of scheme http://www.yso.fi/onto/ekso/deprecatedconceptscheme
INFO: Marking loose concept http://www.yso.fi/onto/yso/p13678 as top concept of scheme http://www.yso.fi/onto/ekso/deprecatedconceptscheme
INFO: Marking loose concept http://www.yso.fi/onto/yso/p13686 as top concept of scheme http://www.yso.fi/onto/ekso/deprecatedconceptscheme
INFO: Marking loose concept http://www.yso.fi/onto/yso/p13694 as top concept of scheme http://www.yso.fi/onto/ekso/deprecatedconceptscheme
INFO: Marking loose concept http://www.yso.fi/onto/yso/p13709 as top concept of scheme http://www.yso.fi/onto/ekso/deprecatedconceptscheme
INFO: Marking loose concept http://www.yso.fi/onto/yso/p13713 as top concept of scheme http://www.yso.fi/onto/ekso/deprecatedconceptscheme
INFO: Marking loose concept http://www.yso.fi/onto/yso/p1373 as top concept of scheme http://www.yso.fi/onto/ekso/deprecatedconceptscheme
INFO: Marking loose concept http://www.yso.fi/onto/yso/p13752 as top concept of scheme http://www.yso.fi/onto/ekso/deprecatedconceptscheme
INFO: Marking loose concept http://www.yso.fi/onto/yso/p13766 as top concept of scheme http://www.yso.fi/onto/ekso/deprecatedconceptscheme
INFO: Marking loose concept http://www.yso.fi/onto/yso/p13782 as top concept of scheme http://www.yso.fi/onto/ekso/deprecatedconceptscheme
INFO: Marking loose concept http://www.yso.fi/onto/yso/p13842 as top concept of scheme http://www.yso.fi/onto/ekso/deprecatedconceptscheme
INFO: Marking loose concept http://www.yso.fi/onto/yso/p13880 as top concept of scheme http://www.yso.fi/onto/ekso/deprecatedconceptscheme
INFO: Marking loose concept http://www.yso.fi/onto/yso/p13892 as top concept of scheme http://www.yso.fi/onto/ekso/deprecatedconceptscheme
INFO: Marking loose concept http://www.yso.fi/onto/yso/p13906 as top concept of scheme http://www.yso.fi/onto/ekso/deprecatedconceptscheme
INFO: Marking loose concept http://www.yso.fi/onto/yso/p13952 as top concept of scheme http://www.yso.fi/onto/ekso/deprecatedconceptscheme
INFO: Marking loose concept http://www.yso.fi/onto/yso/p13959 as top concept of scheme http://www.yso.fi/onto/ekso/deprecatedconceptscheme
INFO: Marking loose concept http://www.yso.fi/onto/yso/p13976 as top concept of scheme http://www.yso.fi/onto/ekso/deprecatedconceptscheme
INFO: Marking loose concept http://www.yso.fi/onto/yso/p13979 as top concept of scheme http://www.yso.fi/onto/ekso/deprecatedconceptscheme
INFO: Marking loose concept http://www.yso.fi/onto/yso/p14001 as top concept of scheme http://www.yso.fi/onto/ekso/deprecatedconceptscheme
INFO: Marking loose concept http://www.yso.fi/onto/yso/p1402 as top concept of scheme http://www.yso.fi/onto/ekso/deprecatedconceptscheme
INFO: Marking loose concept http://www.yso.fi/onto/yso/p14025 as top concept of scheme http://www.yso.fi/onto/ekso/deprecatedconceptscheme
INFO: Marking loose concept http://www.yso.fi/onto/yso/p14063 as top concept of scheme http://www.yso.fi/onto/ekso/deprecatedconceptscheme
INFO: Marking loose concept http://www.yso.fi/onto/yso/p14065 as top concept of scheme http://www.yso.fi/onto/ekso/deprecatedconceptscheme
INFO: Marking loose concept http://www.yso.fi/onto/yso/p14083 as top concept of scheme http://www.yso.fi/onto/ekso/deprecatedconceptscheme
INFO: Marking loose concept http://www.yso.fi/onto/yso/p14088 as top concept of scheme http://www.yso.fi/onto/ekso/deprecatedconceptscheme
INFO: Marking loose concept http://www.yso.fi/onto/yso/p14094 as top concept of scheme http://www.yso.fi/onto/ekso/deprecatedconceptscheme
INFO: Marking loose concept http://www.yso.fi/onto/yso/p14099 as top concept of scheme http://www.yso.fi/onto/ekso/deprecatedconceptscheme
INFO: Marking loose concept http://www.yso.fi/onto/yso/p14102 as top concept of scheme http://www.yso.fi/onto/ekso/deprecatedconceptscheme
INFO: Marking loose concept http://www.yso.fi/onto/yso/p14108 as top concept of scheme http://www.yso.fi/onto/ekso/deprecatedconceptscheme
INFO: Marking loose concept http://www.yso.fi/onto/yso/p14111 as top concept of scheme http://www.yso.fi/onto/ekso/deprecatedconceptscheme
INFO: Marking loose concept http://www.yso.fi/onto/yso/p14123 as top concept of scheme http://www.yso.fi/onto/ekso/deprecatedconceptscheme
INFO: Marking loose concept http://www.yso.fi/onto/yso/p14127 as top concept of scheme http://www.yso.fi/onto/ekso/deprecatedconceptscheme
INFO: Marking loose concept http://www.yso.fi/onto/yso/p14143 as top concept of scheme http://www.yso.fi/onto/ekso/deprecatedconceptscheme
INFO: Marking loose concept http://www.yso.fi/onto/yso/p14145 as top concept of scheme http://www.yso.fi/onto/ekso/deprecatedconceptscheme
INFO: Marking loose concept http://www.yso.fi/onto/yso/p14181 as top concept of scheme http://www.yso.fi/onto/ekso/deprecatedconceptscheme
INFO: Marking loose concept http://www.yso.fi/onto/yso/p14246 as top concept of scheme http://www.yso.fi/onto/ekso/deprecatedconceptscheme
INFO: Marking loose concept http://www.yso.fi/onto/yso/p14252 as top concept of scheme http://www.yso.fi/onto/ekso/deprecatedconceptscheme
INFO: Marking loose concept http://www.yso.fi/onto/yso/p14257 as top concept of scheme http://www.yso.fi/onto/ekso/deprecatedconceptscheme
INFO: Marking loose concept http://www.yso.fi/onto/yso/p14259 as top concept of scheme http://www.yso.fi/onto/ekso/deprecatedconceptscheme
INFO: Marking loose concept http://www.yso.fi/onto/yso/p14267 as top concept of scheme http://www.yso.fi/onto/ekso/deprecatedconceptscheme
INFO: Marking loose concept http://www.yso.fi/onto/yso/p14269 as top concept of scheme http://www.yso.fi/onto/ekso/deprecatedconceptscheme
INFO: Marking loose concept http://www.yso.fi/onto/yso/p14277 as top concept of scheme http://www.yso.fi/onto/ekso/deprecatedconceptscheme
INFO: Marking loose concept http://www.yso.fi/onto/yso/p14278 as top concept of scheme http://www.yso.fi/onto/ekso/deprecatedconceptscheme
INFO: Marking loose concept http://www.yso.fi/onto/yso/p14286 as top concept of scheme http://www.yso.fi/onto/ekso/deprecatedconceptscheme
INFO: Marking loose concept http://www.yso.fi/onto/yso/p14287 as top concept of scheme http://www.yso.fi/onto/ekso/deprecatedconceptscheme
INFO: Marking loose concept http://www.yso.fi/onto/yso/p14290 as top concept of scheme http://www.yso.fi/onto/ekso/deprecatedconceptscheme
INFO: Marking loose concept http://www.yso.fi/onto/yso/p14299 as top concept of scheme http://www.yso.fi/onto/ekso/deprecatedconceptscheme
INFO: Marking loose concept http://www.yso.fi/onto/yso/p1432 as top concept of scheme http://www.yso.fi/onto/ekso/deprecatedconceptscheme
INFO: Marking loose concept http://www.yso.fi/onto/yso/p14370 as top concept of scheme http://www.yso.fi/onto/ekso/deprecatedconceptscheme
INFO: Marking loose concept http://www.yso.fi/onto/yso/p14385 as top concept of scheme http://www.yso.fi/onto/ekso/deprecatedconceptscheme
INFO: Marking loose concept http://www.yso.fi/onto/yso/p14445 as top concept of scheme http://www.yso.fi/onto/ekso/deprecatedconceptscheme
INFO: Marking loose concept http://www.yso.fi/onto/yso/p14466 as top concept of scheme http://www.yso.fi/onto/ekso/deprecatedconceptscheme
INFO: Marking loose concept http://www.yso.fi/onto/yso/p14472 as top concept of scheme http://www.yso.fi/onto/ekso/deprecatedconceptscheme
INFO: Marking loose concept http://www.yso.fi/onto/yso/p14487 as top concept of scheme http://www.yso.fi/onto/ekso/deprecatedconceptscheme
INFO: Marking loose concept http://www.yso.fi/onto/yso/p14515 as top concept of scheme http://www.yso.fi/onto/ekso/deprecatedconceptscheme
INFO: Marking loose concept http://www.yso.fi/onto/yso/p1452 as top concept of scheme http://www.yso.fi/onto/ekso/deprecatedconceptscheme
INFO: Marking loose concept http://www.yso.fi/onto/yso/p1455 as top concept of scheme http://www.yso.fi/onto/ekso/deprecatedconceptscheme
INFO: Marking loose concept http://www.yso.fi/onto/yso/p14554 as top concept of scheme http://www.yso.fi/onto/ekso/deprecatedconceptscheme
INFO: Marking loose concept http://www.yso.fi/onto/yso/p14583 as top concept of scheme http://www.yso.fi/onto/ekso/deprecatedconceptscheme
INFO: Marking loose concept http://www.yso.fi/onto/yso/p14586 as top concept of scheme http://www.yso.fi/onto/ekso/deprecatedconceptscheme
INFO: Marking loose concept http://www.yso.fi/onto/yso/p14599 as top concept of scheme http://www.yso.fi/onto/ekso/deprecatedconceptscheme
INFO: Marking loose concept http://www.yso.fi/onto/yso/p14624 as top concept of scheme http://www.yso.fi/onto/ekso/deprecatedconceptscheme
INFO: Marking loose concept http://www.yso.fi/onto/yso/p14631 as top concept of scheme http://www.yso.fi/onto/ekso/deprecatedconceptscheme
INFO: Marking loose concept http://www.yso.fi/onto/yso/p14645 as top concept of scheme http://www.yso.fi/onto/ekso/deprecatedconceptscheme
INFO: Marking loose concept http://www.yso.fi/onto/yso/p14672 as top concept of scheme http://www.yso.fi/onto/ekso/deprecatedconceptscheme
INFO: Marking loose concept http://www.yso.fi/onto/yso/p14673 as top concept of scheme http://www.yso.fi/onto/ekso/deprecatedconceptscheme
INFO: Marking loose concept http://www.yso.fi/onto/yso/p14679 as top concept of scheme http://www.yso.fi/onto/ekso/deprecatedconceptscheme
INFO: Marking loose concept http://www.yso.fi/onto/yso/p14704 as top concept of scheme http://www.yso.fi/onto/ekso/deprecatedconceptscheme
INFO: Marking loose concept http://www.yso.fi/onto/yso/p14708 as top concept of scheme http://www.yso.fi/onto/ekso/deprecatedconceptscheme
INFO: Marking loose concept http://www.yso.fi/onto/yso/p14715 as top concept of scheme http://www.yso.fi/onto/ekso/deprecatedconceptscheme
INFO: Marking loose concept http://www.yso.fi/onto/yso/p1472 as top concept of scheme http://www.yso.fi/onto/ekso/deprecatedconceptscheme
INFO: Marking loose concept http://www.yso.fi/onto/yso/p1473 as top concept of scheme http://www.yso.fi/onto/ekso/deprecatedconceptscheme
INFO: Marking loose concept http://www.yso.fi/onto/yso/p14731 as top concept of scheme http://www.yso.fi/onto/ekso/deprecatedconceptscheme
INFO: Marking loose concept http://www.yso.fi/onto/yso/p14773 as top concept of scheme http://www.yso.fi/onto/ekso/deprecatedconceptscheme
INFO: Marking loose concept http://www.yso.fi/onto/yso/p14795 as top concept of scheme http://www.yso.fi/onto/ekso/deprecatedconceptscheme
INFO: Marking loose concept http://www.yso.fi/onto/yso/p14824 as top concept of scheme http://www.yso.fi/onto/ekso/deprecatedconceptscheme
INFO: Marking loose concept http://www.yso.fi/onto/yso/p14826 as top concept of scheme http://www.yso.fi/onto/ekso/deprecatedconceptscheme
INFO: Marking loose concept http://www.yso.fi/onto/yso/p14852 as top concept of scheme http://www.yso.fi/onto/ekso/deprecatedconceptscheme
INFO: Marking loose concept http://www.yso.fi/onto/yso/p1487 as top concept of scheme http://www.yso.fi/onto/ekso/deprecatedconceptscheme
INFO: Marking loose concept http://www.yso.fi/onto/yso/p14897 as top concept of scheme http://www.yso.fi/onto/ekso/deprecatedconceptscheme
INFO: Marking loose concept http://www.yso.fi/onto/yso/p14911 as top concept of scheme http://www.yso.fi/onto/ekso/deprecatedconceptscheme
INFO: Marking loose concept http://www.yso.fi/onto/yso/p14956 as top concept of scheme http://www.yso.fi/onto/ekso/deprecatedconceptscheme
INFO: Marking loose concept http://www.yso.fi/onto/yso/p14962 as top concept of scheme http://www.yso.fi/onto/ekso/deprecatedconceptscheme
INFO: Marking loose concept http://www.yso.fi/onto/yso/p14969 as top concept of scheme http://www.yso.fi/onto/ekso/deprecatedconceptscheme
INFO: Marking loose concept http://www.yso.fi/onto/yso/p15021 as top concept of scheme http://www.yso.fi/onto/ekso/deprecatedconceptscheme
INFO: Marking loose concept http://www.yso.fi/onto/yso/p15032 as top concept of scheme http://www.yso.fi/onto/ekso/deprecatedconceptscheme
INFO: Marking loose concept http://www.yso.fi/onto/yso/p15035 as top concept of scheme http://www.yso.fi/onto/ekso/deprecatedconceptscheme
INFO: Marking loose concept http://www.yso.fi/onto/yso/p15054 as top concept of scheme http://www.yso.fi/onto/ekso/deprecatedconceptscheme
INFO: Marking loose concept http://www.yso.fi/onto/yso/p15068 as top concept of scheme http://www.yso.fi/onto/ekso/deprecatedconceptscheme
INFO: Marking loose concept http://www.yso.fi/onto/yso/p15136 as top concept of scheme http://www.yso.fi/onto/ekso/deprecatedconceptscheme
INFO: Marking loose concept http://www.yso.fi/onto/yso/p15142 as top concept of scheme http://www.yso.fi/onto/ekso/deprecatedconceptscheme
INFO: Marking loose concept http://www.yso.fi/onto/yso/p15165 as top concept of scheme http://www.yso.fi/onto/ekso/deprecatedconceptscheme
INFO: Marking loose concept http://www.yso.fi/onto/yso/p15172 as top concept of scheme http://www.yso.fi/onto/ekso/deprecatedconceptscheme
INFO: Marking loose concept http://www.yso.fi/onto/yso/p15232 as top concept of scheme http://www.yso.fi/onto/ekso/deprecatedconceptscheme
INFO: Marking loose concept http://www.yso.fi/onto/yso/p15244 as top concept of scheme http://www.yso.fi/onto/ekso/deprecatedconceptscheme
INFO: Marking loose concept http://www.yso.fi/onto/yso/p15250 as top concept of scheme http://www.yso.fi/onto/ekso/deprecatedconceptscheme
INFO: Marking loose concept http://www.yso.fi/onto/yso/p15264 as top concept of scheme http://www.yso.fi/onto/ekso/deprecatedconceptscheme
INFO: Marking loose concept http://www.yso.fi/onto/yso/p15299 as top concept of scheme http://www.yso.fi/onto/ekso/deprecatedconceptscheme
INFO: Marking loose concept http://www.yso.fi/onto/yso/p15305 as top concept of scheme http://www.yso.fi/onto/ekso/deprecatedconceptscheme
INFO: Marking loose concept http://www.yso.fi/onto/yso/p15317 as top concept of scheme http://www.yso.fi/onto/ekso/deprecatedconceptscheme
INFO: Marking loose concept http://www.yso.fi/onto/yso/p15320 as top concept of scheme http://www.yso.fi/onto/ekso/deprecatedconceptscheme
INFO: Marking loose concept http://www.yso.fi/onto/yso/p15321 as top concept of scheme http://www.yso.fi/onto/ekso/deprecatedconceptscheme
INFO: Marking loose concept http://www.yso.fi/onto/yso/p1535 as top concept of scheme http://www.yso.fi/onto/ekso/deprecatedconceptscheme
INFO: Marking loose concept http://www.yso.fi/onto/yso/p1537 as top concept of scheme http://www.yso.fi/onto/ekso/deprecatedconceptscheme
INFO: Marking loose concept http://www.yso.fi/onto/yso/p15391 as top concept of scheme http://www.yso.fi/onto/ekso/deprecatedconceptscheme
INFO: Marking loose concept http://www.yso.fi/onto/yso/p1543 as top concept of scheme http://www.yso.fi/onto/ekso/deprecatedconceptscheme
INFO: Marking loose concept http://www.yso.fi/onto/yso/p15448 as top concept of scheme http://www.yso.fi/onto/ekso/deprecatedconceptscheme
INFO: Marking loose concept http://www.yso.fi/onto/yso/p15459 as top concept of scheme http://www.yso.fi/onto/ekso/deprecatedconceptscheme
INFO: Marking loose concept http://www.yso.fi/onto/yso/p1546 as top concept of scheme http://www.yso.fi/onto/ekso/deprecatedconceptscheme
INFO: Marking loose concept http://www.yso.fi/onto/yso/p15461 as top concept of scheme http://www.yso.fi/onto/ekso/deprecatedconceptscheme
INFO: Marking loose concept http://www.yso.fi/onto/yso/p15465 as top concept of scheme http://www.yso.fi/onto/ekso/deprecatedconceptscheme
INFO: Marking loose concept http://www.yso.fi/onto/yso/p15475 as top concept of scheme http://www.yso.fi/onto/ekso/deprecatedconceptscheme
INFO: Marking loose concept http://www.yso.fi/onto/yso/p15499 as top concept of scheme http://www.yso.fi/onto/ekso/deprecatedconceptscheme
INFO: Marking loose concept http://www.yso.fi/onto/yso/p15506 as top concept of scheme http://www.yso.fi/onto/ekso/deprecatedconceptscheme
INFO: Marking loose concept http://www.yso.fi/onto/yso/p15516 as top concept of scheme http://www.yso.fi/onto/ekso/deprecatedconceptscheme
INFO: Marking loose concept http://www.yso.fi/onto/yso/p15523 as top concept of scheme http://www.yso.fi/onto/ekso/deprecatedconceptscheme
INFO: Marking loose concept http://www.yso.fi/onto/yso/p15529 as top concept of scheme http://www.yso.fi/onto/ekso/deprecatedconceptscheme
INFO: Marking loose concept http://www.yso.fi/onto/yso/p15538 as top concept of scheme http://www.yso.fi/onto/ekso/deprecatedconceptscheme
INFO: Marking loose concept http://www.yso.fi/onto/yso/p15546 as top concept of scheme http://www.yso.fi/onto/ekso/deprecatedconceptscheme
INFO: Marking loose concept http://www.yso.fi/onto/yso/p15548 as top concept of scheme http://www.yso.fi/onto/ekso/deprecatedconceptscheme
INFO: Marking loose concept http://www.yso.fi/onto/yso/p15554 as top concept of scheme http://www.yso.fi/onto/ekso/deprecatedconceptscheme
INFO: Marking loose concept http://www.yso.fi/onto/yso/p15577 as top concept of scheme http://www.yso.fi/onto/ekso/deprecatedconceptscheme
INFO: Marking loose concept http://www.yso.fi/onto/yso/p15606 as top concept of scheme http://www.yso.fi/onto/ekso/deprecatedconceptscheme
INFO: Marking loose concept http://www.yso.fi/onto/yso/p15611 as top concept of scheme http://www.yso.fi/onto/ekso/deprecatedconceptscheme
INFO: Marking loose concept http://www.yso.fi/onto/yso/p15644 as top concept of scheme http://www.yso.fi/onto/ekso/deprecatedconceptscheme
INFO: Marking loose concept http://www.yso.fi/onto/yso/p15645 as top concept of scheme http://www.yso.fi/onto/ekso/deprecatedconceptscheme
INFO: Marking loose concept http://www.yso.fi/onto/yso/p15647 as top concept of scheme http://www.yso.fi/onto/ekso/deprecatedconceptscheme
INFO: Marking loose concept http://www.yso.fi/onto/yso/p15648 as top concept of scheme http://www.yso.fi/onto/ekso/deprecatedconceptscheme
INFO: Marking loose concept http://www.yso.fi/onto/yso/p15671 as top concept of scheme http://www.yso.fi/onto/ekso/deprecatedconceptscheme
INFO: Marking loose concept http://www.yso.fi/onto/yso/p15685 as top concept of scheme http://www.yso.fi/onto/ekso/deprecatedconceptscheme
INFO: Marking loose concept http://www.yso.fi/onto/yso/p15733 as top concept of scheme http://www.yso.fi/onto/ekso/deprecatedconceptscheme
INFO: Marking loose concept http://www.yso.fi/onto/yso/p15756 as top concept of scheme http://www.yso.fi/onto/ekso/deprecatedconceptscheme
INFO: Marking loose concept http://www.yso.fi/onto/yso/p15758 as top concept of scheme http://www.yso.fi/onto/ekso/deprecatedconceptscheme
INFO: Marking loose concept http://www.yso.fi/onto/yso/p1577 as top concept of scheme http://www.yso.fi/onto/ekso/deprecatedconceptscheme
INFO: Marking loose concept http://www.yso.fi/onto/yso/p158 as top concept of scheme http://www.yso.fi/onto/ekso/deprecatedconceptscheme
INFO: Marking loose concept http://www.yso.fi/onto/yso/p15801 as top concept of scheme http://www.yso.fi/onto/ekso/deprecatedconceptscheme
INFO: Marking loose concept http://www.yso.fi/onto/yso/p15835 as top concept of scheme http://www.yso.fi/onto/ekso/deprecatedconceptscheme
INFO: Marking loose concept http://www.yso.fi/onto/yso/p15851 as top concept of scheme http://www.yso.fi/onto/ekso/deprecatedconceptscheme
INFO: Marking loose concept http://www.yso.fi/onto/yso/p15857 as top concept of scheme http://www.yso.fi/onto/ekso/deprecatedconceptscheme
INFO: Marking loose concept http://www.yso.fi/onto/yso/p1586 as top concept of scheme http://www.yso.fi/onto/ekso/deprecatedconceptscheme
INFO: Marking loose concept http://www.yso.fi/onto/yso/p15861 as top concept of scheme http://www.yso.fi/onto/ekso/deprecatedconceptscheme
INFO: Marking loose concept http://www.yso.fi/onto/yso/p15880 as top concept of scheme http://www.yso.fi/onto/ekso/deprecatedconceptscheme
INFO: Marking loose concept http://www.yso.fi/onto/yso/p15885 as top concept of scheme http://www.yso.fi/onto/ekso/deprecatedconceptscheme
INFO: Marking loose concept http://www.yso.fi/onto/yso/p1591 as top concept of scheme http://www.yso.fi/onto/ekso/deprecatedconceptscheme
INFO: Marking loose concept http://www.yso.fi/onto/yso/p15930 as top concept of scheme http://www.yso.fi/onto/ekso/deprecatedconceptscheme
INFO: Marking loose concept http://www.yso.fi/onto/yso/p15934 as top concept of scheme http://www.yso.fi/onto/ekso/deprecatedconceptscheme
INFO: Marking loose concept http://www.yso.fi/onto/yso/p15942 as top concept of scheme http://www.yso.fi/onto/ekso/deprecatedconceptscheme
INFO: Marking loose concept http://www.yso.fi/onto/yso/p15954 as top concept of scheme http://www.yso.fi/onto/ekso/deprecatedconceptscheme
INFO: Marking loose concept http://www.yso.fi/onto/yso/p15976 as top concept of scheme http://www.yso.fi/onto/ekso/deprecatedconceptscheme
INFO: Marking loose concept http://www.yso.fi/onto/yso/p16002 as top concept of scheme http://www.yso.fi/onto/ekso/deprecatedconceptscheme
INFO: Marking loose concept http://www.yso.fi/onto/yso/p16005 as top concept of scheme http://www.yso.fi/onto/ekso/deprecatedconceptscheme
INFO: Marking loose concept http://www.yso.fi/onto/yso/p16023 as top concept of scheme http://www.yso.fi/onto/ekso/deprecatedconceptscheme
INFO: Marking loose concept http://www.yso.fi/onto/yso/p1604 as top concept of scheme http://www.yso.fi/onto/ekso/deprecatedconceptscheme
INFO: Marking loose concept http://www.yso.fi/onto/yso/p16046 as top concept of scheme http://www.yso.fi/onto/ekso/deprecatedconceptscheme
INFO: Marking loose concept http://www.yso.fi/onto/yso/p16062 as top concept of scheme http://www.yso.fi/onto/ekso/deprecatedconceptscheme
INFO: Marking loose concept http://www.yso.fi/onto/yso/p16063 as top concept of scheme http://www.yso.fi/onto/ekso/deprecatedconceptscheme
INFO: Marking loose concept http://www.yso.fi/onto/yso/p16084 as top concept of scheme http://www.yso.fi/onto/ekso/deprecatedconceptscheme
INFO: Marking loose concept http://www.yso.fi/onto/yso/p1610 as top concept of scheme http://www.yso.fi/onto/ekso/deprecatedconceptscheme
INFO: Marking loose concept http://www.yso.fi/onto/yso/p16135 as top concept of scheme http://www.yso.fi/onto/ekso/deprecatedconceptscheme
INFO: Marking loose concept http://www.yso.fi/onto/yso/p16189 as top concept of scheme http://www.yso.fi/onto/ekso/deprecatedconceptscheme
INFO: Marking loose concept http://www.yso.fi/onto/yso/p16190 as top concept of scheme http://www.yso.fi/onto/ekso/deprecatedconceptscheme
INFO: Marking loose concept http://www.yso.fi/onto/yso/p16194 as top concept of scheme http://www.yso.fi/onto/ekso/deprecatedconceptscheme
INFO: Marking loose concept http://www.yso.fi/onto/yso/p16206 as top concept of scheme http://www.yso.fi/onto/ekso/deprecatedconceptscheme
INFO: Marking loose concept http://www.yso.fi/onto/yso/p16211 as top concept of scheme http://www.yso.fi/onto/ekso/deprecatedconceptscheme
INFO: Marking loose concept http://www.yso.fi/onto/yso/p16222 as top concept of scheme http://www.yso.fi/onto/ekso/deprecatedconceptscheme
INFO: Marking loose concept http://www.yso.fi/onto/yso/p16234 as top concept of scheme http://www.yso.fi/onto/ekso/deprecatedconceptscheme
INFO: Marking loose concept http://www.yso.fi/onto/yso/p16237 as top concept of scheme http://www.yso.fi/onto/ekso/deprecatedconceptscheme
INFO: Marking loose concept http://www.yso.fi/onto/yso/p16242 as top concept of scheme http://www.yso.fi/onto/ekso/deprecatedconceptscheme
INFO: Marking loose concept http://www.yso.fi/onto/yso/p16258 as top concept of scheme http://www.yso.fi/onto/ekso/deprecatedconceptscheme
INFO: Marking loose concept http://www.yso.fi/onto/yso/p16280 as top concept of scheme http://www.yso.fi/onto/ekso/deprecatedconceptscheme
INFO: Marking loose concept http://www.yso.fi/onto/yso/p16303 as top concept of scheme http://www.yso.fi/onto/ekso/deprecatedconceptscheme
INFO: Marking loose concept http://www.yso.fi/onto/yso/p16342 as top concept of scheme http://www.yso.fi/onto/ekso/deprecatedconceptscheme
INFO: Marking loose concept http://www.yso.fi/onto/yso/p16350 as top concept of scheme http://www.yso.fi/onto/ekso/deprecatedconceptscheme
INFO: Marking loose concept http://www.yso.fi/onto/yso/p16370 as top concept of scheme http://www.yso.fi/onto/ekso/deprecatedconceptscheme
INFO: Marking loose concept http://www.yso.fi/onto/yso/p16375 as top concept of scheme http://www.yso.fi/onto/ekso/deprecatedconceptscheme
INFO: Marking loose concept http://www.yso.fi/onto/yso/p1639 as top concept of scheme http://www.yso.fi/onto/ekso/deprecatedconceptscheme
INFO: Marking loose concept http://www.yso.fi/onto/yso/p16392 as top concept of scheme http://www.yso.fi/onto/ekso/deprecatedconceptscheme
INFO: Marking loose concept http://www.yso.fi/onto/yso/p164 as top concept of scheme http://www.yso.fi/onto/ekso/deprecatedconceptscheme
INFO: Marking loose concept http://www.yso.fi/onto/yso/p1640 as top concept of scheme http://www.yso.fi/onto/ekso/deprecatedconceptscheme
INFO: Marking loose concept http://www.yso.fi/onto/yso/p16417 as top concept of scheme http://www.yso.fi/onto/ekso/deprecatedconceptscheme
INFO: Marking loose concept http://www.yso.fi/onto/yso/p16434 as top concept of scheme http://www.yso.fi/onto/ekso/deprecatedconceptscheme
INFO: Marking loose concept http://www.yso.fi/onto/yso/p16446 as top concept of scheme http://www.yso.fi/onto/ekso/deprecatedconceptscheme
INFO: Marking loose concept http://www.yso.fi/onto/yso/p16454 as top concept of scheme http://www.yso.fi/onto/ekso/deprecatedconceptscheme
INFO: Marking loose concept http://www.yso.fi/onto/yso/p16467 as top concept of scheme http://www.yso.fi/onto/ekso/deprecatedconceptscheme
INFO: Marking loose concept http://www.yso.fi/onto/yso/p16492 as top concept of scheme http://www.yso.fi/onto/ekso/deprecatedconceptscheme
INFO: Marking loose concept http://www.yso.fi/onto/yso/p16497 as top concept of scheme http://www.yso.fi/onto/ekso/deprecatedconceptscheme
INFO: Marking loose concept http://www.yso.fi/onto/yso/p16503 as top concept of scheme http://www.yso.fi/onto/ekso/deprecatedconceptscheme
INFO: Marking loose concept http://www.yso.fi/onto/yso/p16520 as top concept of scheme http://www.yso.fi/onto/ekso/deprecatedconceptscheme
INFO: Marking loose concept http://www.yso.fi/onto/yso/p16525 as top concept of scheme http://www.yso.fi/onto/ekso/deprecatedconceptscheme
INFO: Marking loose concept http://www.yso.fi/onto/yso/p16538 as top concept of scheme http://www.yso.fi/onto/ekso/deprecatedconceptscheme
INFO: Marking loose concept http://www.yso.fi/onto/yso/p16559 as top concept of scheme http://www.yso.fi/onto/ekso/deprecatedconceptscheme
INFO: Marking loose concept http://www.yso.fi/onto/yso/p16568 as top concept of scheme http://www.yso.fi/onto/ekso/deprecatedconceptscheme
INFO: Marking loose concept http://www.yso.fi/onto/yso/p1658 as top concept of scheme http://www.yso.fi/onto/ekso/deprecatedconceptscheme
INFO: Marking loose concept http://www.yso.fi/onto/yso/p16580 as top concept of scheme http://www.yso.fi/onto/ekso/deprecatedconceptscheme
INFO: Marking loose concept http://www.yso.fi/onto/yso/p16591 as top concept of scheme http://www.yso.fi/onto/ekso/deprecatedconceptscheme
INFO: Marking loose concept http://www.yso.fi/onto/yso/p16607 as top concept of scheme http://www.yso.fi/onto/ekso/deprecatedconceptscheme
INFO: Marking loose concept http://www.yso.fi/onto/yso/p16620 as top concept of scheme http://www.yso.fi/onto/ekso/deprecatedconceptscheme
INFO: Marking loose concept http://www.yso.fi/onto/yso/p16623 as top concept of scheme http://www.yso.fi/onto/ekso/deprecatedconceptscheme
INFO: Marking loose concept http://www.yso.fi/onto/yso/p16632 as top concept of scheme http://www.yso.fi/onto/ekso/deprecatedconceptscheme
INFO: Marking loose concept http://www.yso.fi/onto/yso/p1664 as top concept of scheme http://www.yso.fi/onto/ekso/deprecatedconceptscheme
INFO: Marking loose concept http://www.yso.fi/onto/yso/p16651 as top concept of scheme http://www.yso.fi/onto/ekso/deprecatedconceptscheme
INFO: Marking loose concept http://www.yso.fi/onto/yso/p16653 as top concept of scheme http://www.yso.fi/onto/ekso/deprecatedconceptscheme
INFO: Marking loose concept http://www.yso.fi/onto/yso/p16657 as top concept of scheme http://www.yso.fi/onto/ekso/deprecatedconceptscheme
INFO: Marking loose concept http://www.yso.fi/onto/yso/p1669 as top concept of scheme http://www.yso.fi/onto/ekso/deprecatedconceptscheme
INFO: Marking loose concept http://www.yso.fi/onto/yso/p16714 as top concept of scheme http://www.yso.fi/onto/ekso/deprecatedconceptscheme
INFO: Marking loose concept http://www.yso.fi/onto/yso/p16717 as top concept of scheme http://www.yso.fi/onto/ekso/deprecatedconceptscheme
INFO: Marking loose concept http://www.yso.fi/onto/yso/p16727 as top concept of scheme http://www.yso.fi/onto/ekso/deprecatedconceptscheme
INFO: Marking loose concept http://www.yso.fi/onto/yso/p1673 as top concept of scheme http://www.yso.fi/onto/ekso/deprecatedconceptscheme
INFO: Marking loose concept http://www.yso.fi/onto/yso/p16730 as top concept of scheme http://www.yso.fi/onto/ekso/deprecatedconceptscheme
INFO: Marking loose concept http://www.yso.fi/onto/yso/p16745 as top concept of scheme http://www.yso.fi/onto/ekso/deprecatedconceptscheme
INFO: Marking loose concept http://www.yso.fi/onto/yso/p1677 as top concept of scheme http://www.yso.fi/onto/ekso/deprecatedconceptscheme
INFO: Marking loose concept http://www.yso.fi/onto/yso/p1678 as top concept of scheme http://www.yso.fi/onto/ekso/deprecatedconceptscheme
INFO: Marking loose concept http://www.yso.fi/onto/yso/p16800 as top concept of scheme http://www.yso.fi/onto/ekso/deprecatedconceptscheme
INFO: Marking loose concept http://www.yso.fi/onto/yso/p16808 as top concept of scheme http://www.yso.fi/onto/ekso/deprecatedconceptscheme
INFO: Marking loose concept http://www.yso.fi/onto/yso/p16819 as top concept of scheme http://www.yso.fi/onto/ekso/deprecatedconceptscheme
INFO: Marking loose concept http://www.yso.fi/onto/yso/p1682 as top concept of scheme http://www.yso.fi/onto/ekso/deprecatedconceptscheme
INFO: Marking loose concept http://www.yso.fi/onto/yso/p16824 as top concept of scheme http://www.yso.fi/onto/ekso/deprecatedconceptscheme
INFO: Marking loose concept http://www.yso.fi/onto/yso/p16825 as top concept of scheme http://www.yso.fi/onto/ekso/deprecatedconceptscheme
INFO: Marking loose concept http://www.yso.fi/onto/yso/p16827 as top concept of scheme http://www.yso.fi/onto/ekso/deprecatedconceptscheme
INFO: Marking loose concept http://www.yso.fi/onto/yso/p16838 as top concept of scheme http://www.yso.fi/onto/ekso/deprecatedconceptscheme
INFO: Marking loose concept http://www.yso.fi/onto/yso/p16852 as top concept of scheme http://www.yso.fi/onto/ekso/deprecatedconceptscheme
INFO: Marking loose concept http://www.yso.fi/onto/yso/p16877 as top concept of scheme http://www.yso.fi/onto/ekso/deprecatedconceptscheme
INFO: Marking loose concept http://www.yso.fi/onto/yso/p16898 as top concept of scheme http://www.yso.fi/onto/ekso/deprecatedconceptscheme
INFO: Marking loose concept http://www.yso.fi/onto/yso/p16940 as top concept of scheme http://www.yso.fi/onto/ekso/deprecatedconceptscheme
INFO: Marking loose concept http://www.yso.fi/onto/yso/p16946 as top concept of scheme http://www.yso.fi/onto/ekso/deprecatedconceptscheme
INFO: Marking loose concept http://www.yso.fi/onto/yso/p16964 as top concept of scheme http://www.yso.fi/onto/ekso/deprecatedconceptscheme
INFO: Marking loose concept http://www.yso.fi/onto/yso/p16971 as top concept of scheme http://www.yso.fi/onto/ekso/deprecatedconceptscheme
INFO: Marking loose concept http://www.yso.fi/onto/yso/p16984 as top concept of scheme http://www.yso.fi/onto/ekso/deprecatedconceptscheme
INFO: Marking loose concept http://www.yso.fi/onto/yso/p16989 as top concept of scheme http://www.yso.fi/onto/ekso/deprecatedconceptscheme
INFO: Marking loose concept http://www.yso.fi/onto/yso/p16993 as top concept of scheme http://www.yso.fi/onto/ekso/deprecatedconceptscheme
INFO: Marking loose concept http://www.yso.fi/onto/yso/p17 as top concept of scheme http://www.yso.fi/onto/ekso/deprecatedconceptscheme
INFO: Marking loose concept http://www.yso.fi/onto/yso/p17056 as top concept of scheme http://www.yso.fi/onto/ekso/deprecatedconceptscheme
INFO: Marking loose concept http://www.yso.fi/onto/yso/p17063 as top concept of scheme http://www.yso.fi/onto/ekso/deprecatedconceptscheme
INFO: Marking loose concept http://www.yso.fi/onto/yso/p17065 as top concept of scheme http://www.yso.fi/onto/ekso/deprecatedconceptscheme
INFO: Marking loose concept http://www.yso.fi/onto/yso/p17073 as top concept of scheme http://www.yso.fi/onto/ekso/deprecatedconceptscheme
INFO: Marking loose concept http://www.yso.fi/onto/yso/p17094 as top concept of scheme http://www.yso.fi/onto/ekso/deprecatedconceptscheme
INFO: Marking loose concept http://www.yso.fi/onto/yso/p17096 as top concept of scheme http://www.yso.fi/onto/ekso/deprecatedconceptscheme
INFO: Marking loose concept http://www.yso.fi/onto/yso/p17106 as top concept of scheme http://www.yso.fi/onto/ekso/deprecatedconceptscheme
INFO: Marking loose concept http://www.yso.fi/onto/yso/p17130 as top concept of scheme http://www.yso.fi/onto/ekso/deprecatedconceptscheme
INFO: Marking loose concept http://www.yso.fi/onto/yso/p17131 as top concept of scheme http://www.yso.fi/onto/ekso/deprecatedconceptscheme
INFO: Marking loose concept http://www.yso.fi/onto/yso/p17160 as top concept of scheme http://www.yso.fi/onto/ekso/deprecatedconceptscheme
INFO: Marking loose concept http://www.yso.fi/onto/yso/p17194 as top concept of scheme http://www.yso.fi/onto/ekso/deprecatedconceptscheme
INFO: Marking loose concept http://www.yso.fi/onto/yso/p17195 as top concept of scheme http://www.yso.fi/onto/ekso/deprecatedconceptscheme
INFO: Marking loose concept http://www.yso.fi/onto/yso/p1720 as top concept of scheme http://www.yso.fi/onto/ekso/deprecatedconceptscheme
INFO: Marking loose concept http://www.yso.fi/onto/yso/p17201 as top concept of scheme http://www.yso.fi/onto/ekso/deprecatedconceptscheme
INFO: Marking loose concept http://www.yso.fi/onto/yso/p17251 as top concept of scheme http://www.yso.fi/onto/ekso/deprecatedconceptscheme
INFO: Marking loose concept http://www.yso.fi/onto/yso/p17264 as top concept of scheme http://www.yso.fi/onto/ekso/deprecatedconceptscheme
INFO: Marking loose concept http://www.yso.fi/onto/yso/p17281 as top concept of scheme http://www.yso.fi/onto/ekso/deprecatedconceptscheme
INFO: Marking loose concept http://www.yso.fi/onto/yso/p17286 as top concept of scheme http://www.yso.fi/onto/ekso/deprecatedconceptscheme
INFO: Marking loose concept http://www.yso.fi/onto/yso/p17329 as top concept of scheme http://www.yso.fi/onto/ekso/deprecatedconceptscheme
INFO: Marking loose concept http://www.yso.fi/onto/yso/p17334 as top concept of scheme http://www.yso.fi/onto/ekso/deprecatedconceptscheme
INFO: Marking loose concept http://www.yso.fi/onto/yso/p17348 as top concept of scheme http://www.yso.fi/onto/ekso/deprecatedconceptscheme
INFO: Marking loose concept http://www.yso.fi/onto/yso/p17355 as top concept of scheme http://www.yso.fi/onto/ekso/deprecatedconceptscheme
INFO: Marking loose concept http://www.yso.fi/onto/yso/p17356 as top concept of scheme http://www.yso.fi/onto/ekso/deprecatedconceptscheme
INFO: Marking loose concept http://www.yso.fi/onto/yso/p17380 as top concept of scheme http://www.yso.fi/onto/ekso/deprecatedconceptscheme
INFO: Marking loose concept http://www.yso.fi/onto/yso/p17384 as top concept of scheme http://www.yso.fi/onto/ekso/deprecatedconceptscheme
INFO: Marking loose concept http://www.yso.fi/onto/yso/p1744 as top concept of scheme http://www.yso.fi/onto/ekso/deprecatedconceptscheme
INFO: Marking loose concept http://www.yso.fi/onto/yso/p17450 as top concept of scheme http://www.yso.fi/onto/ekso/deprecatedconceptscheme
INFO: Marking loose concept http://www.yso.fi/onto/yso/p17460 as top concept of scheme http://www.yso.fi/onto/ekso/deprecatedconceptscheme
INFO: Marking loose concept http://www.yso.fi/onto/yso/p17461 as top concept of scheme http://www.yso.fi/onto/ekso/deprecatedconceptscheme
INFO: Marking loose concept http://www.yso.fi/onto/yso/p17469 as top concept of scheme http://www.yso.fi/onto/ekso/deprecatedconceptscheme
INFO: Marking loose concept http://www.yso.fi/onto/yso/p17474 as top concept of scheme http://www.yso.fi/onto/ekso/deprecatedconceptscheme
INFO: Marking loose concept http://www.yso.fi/onto/yso/p17484 as top concept of scheme http://www.yso.fi/onto/ekso/deprecatedconceptscheme
INFO: Marking loose concept http://www.yso.fi/onto/yso/p17495 as top concept of scheme http://www.yso.fi/onto/ekso/deprecatedconceptscheme
INFO: Marking loose concept http://www.yso.fi/onto/yso/p17496 as top concept of scheme http://www.yso.fi/onto/ekso/deprecatedconceptscheme
INFO: Marking loose concept http://www.yso.fi/onto/yso/p17498 as top concept of scheme http://www.yso.fi/onto/ekso/deprecatedconceptscheme
INFO: Marking loose concept http://www.yso.fi/onto/yso/p1750 as top concept of scheme http://www.yso.fi/onto/ekso/deprecatedconceptscheme
INFO: Marking loose concept http://www.yso.fi/onto/yso/p17507 as top concept of scheme http://www.yso.fi/onto/ekso/deprecatedconceptscheme
INFO: Marking loose concept http://www.yso.fi/onto/yso/p17555 as top concept of scheme http://www.yso.fi/onto/ekso/deprecatedconceptscheme
INFO: Marking loose concept http://www.yso.fi/onto/yso/p17571 as top concept of scheme http://www.yso.fi/onto/ekso/deprecatedconceptscheme
INFO: Marking loose concept http://www.yso.fi/onto/yso/p17590 as top concept of scheme http://www.yso.fi/onto/ekso/deprecatedconceptscheme
INFO: Marking loose concept http://www.yso.fi/onto/yso/p176 as top concept of scheme http://www.yso.fi/onto/ekso/deprecatedconceptscheme
INFO: Marking loose concept http://www.yso.fi/onto/yso/p17620 as top concept of scheme http://www.yso.fi/onto/ekso/deprecatedconceptscheme
INFO: Marking loose concept http://www.yso.fi/onto/yso/p17644 as top concept of scheme http://www.yso.fi/onto/ekso/deprecatedconceptscheme
INFO: Marking loose concept http://www.yso.fi/onto/yso/p17652 as top concept of scheme http://www.yso.fi/onto/ekso/deprecatedconceptscheme
INFO: Marking loose concept http://www.yso.fi/onto/yso/p17675 as top concept of scheme http://www.yso.fi/onto/ekso/deprecatedconceptscheme
INFO: Marking loose concept http://www.yso.fi/onto/yso/p17682 as top concept of scheme http://www.yso.fi/onto/ekso/deprecatedconceptscheme
INFO: Marking loose concept http://www.yso.fi/onto/yso/p17719 as top concept of scheme http://www.yso.fi/onto/ekso/deprecatedconceptscheme
INFO: Marking loose concept http://www.yso.fi/onto/yso/p17732 as top concept of scheme http://www.yso.fi/onto/ekso/deprecatedconceptscheme
INFO: Marking loose concept http://www.yso.fi/onto/yso/p17755 as top concept of scheme http://www.yso.fi/onto/ekso/deprecatedconceptscheme
INFO: Marking loose concept http://www.yso.fi/onto/yso/p17765 as top concept of scheme http://www.yso.fi/onto/ekso/deprecatedconceptscheme
INFO: Marking loose concept http://www.yso.fi/onto/yso/p17766 as top concept of scheme http://www.yso.fi/onto/ekso/deprecatedconceptscheme
INFO: Marking loose concept http://www.yso.fi/onto/yso/p17847 as top concept of scheme http://www.yso.fi/onto/ekso/deprecatedconceptscheme
INFO: Marking loose concept http://www.yso.fi/onto/yso/p17848 as top concept of scheme http://www.yso.fi/onto/ekso/deprecatedconceptscheme
INFO: Marking loose concept http://www.yso.fi/onto/yso/p17882 as top concept of scheme http://www.yso.fi/onto/ekso/deprecatedconceptscheme
INFO: Marking loose concept http://www.yso.fi/onto/yso/p17898 as top concept of scheme http://www.yso.fi/onto/ekso/deprecatedconceptscheme
INFO: Marking loose concept http://www.yso.fi/onto/yso/p17901 as top concept of scheme http://www.yso.fi/onto/ekso/deprecatedconceptscheme
INFO: Marking loose concept http://www.yso.fi/onto/yso/p17908 as top concept of scheme http://www.yso.fi/onto/ekso/deprecatedconceptscheme
INFO: Marking loose concept http://www.yso.fi/onto/yso/p17909 as top concept of scheme http://www.yso.fi/onto/ekso/deprecatedconceptscheme
INFO: Marking loose concept http://www.yso.fi/onto/yso/p17919 as top concept of scheme http://www.yso.fi/onto/ekso/deprecatedconceptscheme
INFO: Marking loose concept http://www.yso.fi/onto/yso/p17948 as top concept of scheme http://www.yso.fi/onto/ekso/deprecatedconceptscheme
INFO: Marking loose concept http://www.yso.fi/onto/yso/p17949 as top concept of scheme http://www.yso.fi/onto/ekso/deprecatedconceptscheme
INFO: Marking loose concept http://www.yso.fi/onto/yso/p17966 as top concept of scheme http://www.yso.fi/onto/ekso/deprecatedconceptscheme
INFO: Marking loose concept http://www.yso.fi/onto/yso/p18013 as top concept of scheme http://www.yso.fi/onto/ekso/deprecatedconceptscheme
INFO: Marking loose concept http://www.yso.fi/onto/yso/p18026 as top concept of scheme http://www.yso.fi/onto/ekso/deprecatedconceptscheme
INFO: Marking loose concept http://www.yso.fi/onto/yso/p18038 as top concept of scheme http://www.yso.fi/onto/ekso/deprecatedconceptscheme
INFO: Marking loose concept http://www.yso.fi/onto/yso/p1806 as top concept of scheme http://www.yso.fi/onto/ekso/deprecatedconceptscheme
INFO: Marking loose concept http://www.yso.fi/onto/yso/p18061 as top concept of scheme http://www.yso.fi/onto/ekso/deprecatedconceptscheme
INFO: Marking loose concept http://www.yso.fi/onto/yso/p18064 as top concept of scheme http://www.yso.fi/onto/ekso/deprecatedconceptscheme
INFO: Marking loose concept http://www.yso.fi/onto/yso/p18077 as top concept of scheme http://www.yso.fi/onto/ekso/deprecatedconceptscheme
INFO: Marking loose concept http://www.yso.fi/onto/yso/p18080 as top concept of scheme http://www.yso.fi/onto/ekso/deprecatedconceptscheme
INFO: Marking loose concept http://www.yso.fi/onto/yso/p18088 as top concept of scheme http://www.yso.fi/onto/ekso/deprecatedconceptscheme
INFO: Marking loose concept http://www.yso.fi/onto/yso/p18093 as top concept of scheme http://www.yso.fi/onto/ekso/deprecatedconceptscheme
INFO: Marking loose concept http://www.yso.fi/onto/yso/p18095 as top concept of scheme http://www.yso.fi/onto/ekso/deprecatedconceptscheme
INFO: Marking loose concept http://www.yso.fi/onto/yso/p18110 as top concept of scheme http://www.yso.fi/onto/ekso/deprecatedconceptscheme
INFO: Marking loose concept http://www.yso.fi/onto/yso/p18112 as top concept of scheme http://www.yso.fi/onto/ekso/deprecatedconceptscheme
INFO: Marking loose concept http://www.yso.fi/onto/yso/p18124 as top concept of scheme http://www.yso.fi/onto/ekso/deprecatedconceptscheme
INFO: Marking loose concept http://www.yso.fi/onto/yso/p18137 as top concept of scheme http://www.yso.fi/onto/ekso/deprecatedconceptscheme
INFO: Marking loose concept http://www.yso.fi/onto/yso/p18141 as top concept of scheme http://www.yso.fi/onto/ekso/deprecatedconceptscheme
INFO: Marking loose concept http://www.yso.fi/onto/yso/p18152 as top concept of scheme http://www.yso.fi/onto/ekso/deprecatedconceptscheme
INFO: Marking loose concept http://www.yso.fi/onto/yso/p18157 as top concept of scheme http://www.yso.fi/onto/ekso/deprecatedconceptscheme
INFO: Marking loose concept http://www.yso.fi/onto/yso/p1820 as top concept of scheme http://www.yso.fi/onto/ekso/deprecatedconceptscheme
INFO: Marking loose concept http://www.yso.fi/onto/yso/p18208 as top concept of scheme http://www.yso.fi/onto/ekso/deprecatedconceptscheme
INFO: Marking loose concept http://www.yso.fi/onto/yso/p18220 as top concept of scheme http://www.yso.fi/onto/ekso/deprecatedconceptscheme
INFO: Marking loose concept http://www.yso.fi/onto/yso/p1823 as top concept of scheme http://www.yso.fi/onto/ekso/deprecatedconceptscheme
INFO: Marking loose concept http://www.yso.fi/onto/yso/p18233 as top concept of scheme http://www.yso.fi/onto/ekso/deprecatedconceptscheme
INFO: Marking loose concept http://www.yso.fi/onto/yso/p18234 as top concept of scheme http://www.yso.fi/onto/ekso/deprecatedconceptscheme
INFO: Marking loose concept http://www.yso.fi/onto/yso/p18257 as top concept of scheme http://www.yso.fi/onto/ekso/deprecatedconceptscheme
INFO: Marking loose concept http://www.yso.fi/onto/yso/p18265 as top concept of scheme http://www.yso.fi/onto/ekso/deprecatedconceptscheme
INFO: Marking loose concept http://www.yso.fi/onto/yso/p18298 as top concept of scheme http://www.yso.fi/onto/ekso/deprecatedconceptscheme
INFO: Marking loose concept http://www.yso.fi/onto/yso/p18302 as top concept of scheme http://www.yso.fi/onto/ekso/deprecatedconceptscheme
INFO: Marking loose concept http://www.yso.fi/onto/yso/p18342 as top concept of scheme http://www.yso.fi/onto/ekso/deprecatedconceptscheme
INFO: Marking loose concept http://www.yso.fi/onto/yso/p18358 as top concept of scheme http://www.yso.fi/onto/ekso/deprecatedconceptscheme
INFO: Marking loose concept http://www.yso.fi/onto/yso/p18380 as top concept of scheme http://www.yso.fi/onto/ekso/deprecatedconceptscheme
INFO: Marking loose concept http://www.yso.fi/onto/yso/p18393 as top concept of scheme http://www.yso.fi/onto/ekso/deprecatedconceptscheme
INFO: Marking loose concept http://www.yso.fi/onto/yso/p184 as top concept of scheme http://www.yso.fi/onto/ekso/deprecatedconceptscheme
INFO: Marking loose concept http://www.yso.fi/onto/yso/p18403 as top concept of scheme http://www.yso.fi/onto/ekso/deprecatedconceptscheme
INFO: Marking loose concept http://www.yso.fi/onto/yso/p18421 as top concept of scheme http://www.yso.fi/onto/ekso/deprecatedconceptscheme
INFO: Marking loose concept http://www.yso.fi/onto/yso/p18437 as top concept of scheme http://www.yso.fi/onto/ekso/deprecatedconceptscheme
INFO: Marking loose concept http://www.yso.fi/onto/yso/p18586 as top concept of scheme http://www.yso.fi/onto/ekso/deprecatedconceptscheme
INFO: Marking loose concept http://www.yso.fi/onto/yso/p18592 as top concept of scheme http://www.yso.fi/onto/ekso/deprecatedconceptscheme
INFO: Marking loose concept http://www.yso.fi/onto/yso/p18593 as top concept of scheme http://www.yso.fi/onto/ekso/deprecatedconceptscheme
INFO: Marking loose concept http://www.yso.fi/onto/yso/p18598 as top concept of scheme http://www.yso.fi/onto/ekso/deprecatedconceptscheme
INFO: Marking loose concept http://www.yso.fi/onto/yso/p1860 as top concept of scheme http://www.yso.fi/onto/ekso/deprecatedconceptscheme
INFO: Marking loose concept http://www.yso.fi/onto/yso/p18631 as top concept of scheme http://www.yso.fi/onto/ekso/deprecatedconceptscheme
INFO: Marking loose concept http://www.yso.fi/onto/yso/p18637 as top concept of scheme http://www.yso.fi/onto/ekso/deprecatedconceptscheme
INFO: Marking loose concept http://www.yso.fi/onto/yso/p18648 as top concept of scheme http://www.yso.fi/onto/ekso/deprecatedconceptscheme
INFO: Marking loose concept http://www.yso.fi/onto/yso/p18679 as top concept of scheme http://www.yso.fi/onto/ekso/deprecatedconceptscheme
INFO: Marking loose concept http://www.yso.fi/onto/yso/p18699 as top concept of scheme http://www.yso.fi/onto/ekso/deprecatedconceptscheme
INFO: Marking loose concept http://www.yso.fi/onto/yso/p18728 as top concept of scheme http://www.yso.fi/onto/ekso/deprecatedconceptscheme
INFO: Marking loose concept http://www.yso.fi/onto/yso/p18744 as top concept of scheme http://www.yso.fi/onto/ekso/deprecatedconceptscheme
INFO: Marking loose concept http://www.yso.fi/onto/yso/p18758 as top concept of scheme http://www.yso.fi/onto/ekso/deprecatedconceptscheme
INFO: Marking loose concept http://www.yso.fi/onto/yso/p18763 as top concept of scheme http://www.yso.fi/onto/ekso/deprecatedconceptscheme
INFO: Marking loose concept http://www.yso.fi/onto/yso/p18792 as top concept of scheme http://www.yso.fi/onto/ekso/deprecatedconceptscheme
INFO: Marking loose concept http://www.yso.fi/onto/yso/p18813 as top concept of scheme http://www.yso.fi/onto/ekso/deprecatedconceptscheme
INFO: Marking loose concept http://www.yso.fi/onto/yso/p18869 as top concept of scheme http://www.yso.fi/onto/ekso/deprecatedconceptscheme
INFO: Marking loose concept http://www.yso.fi/onto/yso/p18885 as top concept of scheme http://www.yso.fi/onto/ekso/deprecatedconceptscheme
INFO: Marking loose concept http://www.yso.fi/onto/yso/p18888 as top concept of scheme http://www.yso.fi/onto/ekso/deprecatedconceptscheme
INFO: Marking loose concept http://www.yso.fi/onto/yso/p18927 as top concept of scheme http://www.yso.fi/onto/ekso/deprecatedconceptscheme
INFO: Marking loose concept http://www.yso.fi/onto/yso/p18944 as top concept of scheme http://www.yso.fi/onto/ekso/deprecatedconceptscheme
INFO: Marking loose concept http://www.yso.fi/onto/yso/p19002 as top concept of scheme http://www.yso.fi/onto/ekso/deprecatedconceptscheme
INFO: Marking loose concept http://www.yso.fi/onto/yso/p19014 as top concept of scheme http://www.yso.fi/onto/ekso/deprecatedconceptscheme
INFO: Marking loose concept http://www.yso.fi/onto/yso/p1905 as top concept of scheme http://www.yso.fi/onto/ekso/deprecatedconceptscheme
INFO: Marking loose concept http://www.yso.fi/onto/yso/p19070 as top concept of scheme http://www.yso.fi/onto/ekso/deprecatedconceptscheme
INFO: Marking loose concept http://www.yso.fi/onto/yso/p19078 as top concept of scheme http://www.yso.fi/onto/ekso/deprecatedconceptscheme
INFO: Marking loose concept http://www.yso.fi/onto/yso/p19082 as top concept of scheme http://www.yso.fi/onto/ekso/deprecatedconceptscheme
INFO: Marking loose concept http://www.yso.fi/onto/yso/p19085 as top concept of scheme http://www.yso.fi/onto/ekso/deprecatedconceptscheme
INFO: Marking loose concept http://www.yso.fi/onto/yso/p1915 as top concept of scheme http://www.yso.fi/onto/ekso/deprecatedconceptscheme
INFO: Marking loose concept http://www.yso.fi/onto/yso/p19152 as top concept of scheme http://www.yso.fi/onto/ekso/deprecatedconceptscheme
INFO: Marking loose concept http://www.yso.fi/onto/yso/p19168 as top concept of scheme http://www.yso.fi/onto/ekso/deprecatedconceptscheme
INFO: Marking loose concept http://www.yso.fi/onto/yso/p19181 as top concept of scheme http://www.yso.fi/onto/ekso/deprecatedconceptscheme
INFO: Marking loose concept http://www.yso.fi/onto/yso/p19202 as top concept of scheme http://www.yso.fi/onto/ekso/deprecatedconceptscheme
INFO: Marking loose concept http://www.yso.fi/onto/yso/p19216 as top concept of scheme http://www.yso.fi/onto/ekso/deprecatedconceptscheme
INFO: Marking loose concept http://www.yso.fi/onto/yso/p19239 as top concept of scheme http://www.yso.fi/onto/ekso/deprecatedconceptscheme
INFO: Marking loose concept http://www.yso.fi/onto/yso/p19245 as top concept of scheme http://www.yso.fi/onto/ekso/deprecatedconceptscheme
INFO: Marking loose concept http://www.yso.fi/onto/yso/p19264 as top concept of scheme http://www.yso.fi/onto/ekso/deprecatedconceptscheme
INFO: Marking loose concept http://www.yso.fi/onto/yso/p19268 as top concept of scheme http://www.yso.fi/onto/ekso/deprecatedconceptscheme
INFO: Marking loose concept http://www.yso.fi/onto/yso/p19281 as top concept of scheme http://www.yso.fi/onto/ekso/deprecatedconceptscheme
INFO: Marking loose concept http://www.yso.fi/onto/yso/p19283 as top concept of scheme http://www.yso.fi/onto/ekso/deprecatedconceptscheme
INFO: Marking loose concept http://www.yso.fi/onto/yso/p1929 as top concept of scheme http://www.yso.fi/onto/ekso/deprecatedconceptscheme
INFO: Marking loose concept http://www.yso.fi/onto/yso/p193 as top concept of scheme http://www.yso.fi/onto/ekso/deprecatedconceptscheme
INFO: Marking loose concept http://www.yso.fi/onto/yso/p19314 as top concept of scheme http://www.yso.fi/onto/ekso/deprecatedconceptscheme
INFO: Marking loose concept http://www.yso.fi/onto/yso/p19318 as top concept of scheme http://www.yso.fi/onto/ekso/deprecatedconceptscheme
INFO: Marking loose concept http://www.yso.fi/onto/yso/p19320 as top concept of scheme http://www.yso.fi/onto/ekso/deprecatedconceptscheme
INFO: Marking loose concept http://www.yso.fi/onto/yso/p19324 as top concept of scheme http://www.yso.fi/onto/ekso/deprecatedconceptscheme
INFO: Marking loose concept http://www.yso.fi/onto/yso/p19334 as top concept of scheme http://www.yso.fi/onto/ekso/deprecatedconceptscheme
INFO: Marking loose concept http://www.yso.fi/onto/yso/p19340 as top concept of scheme http://www.yso.fi/onto/ekso/deprecatedconceptscheme
INFO: Marking loose concept http://www.yso.fi/onto/yso/p1935 as top concept of scheme http://www.yso.fi/onto/ekso/deprecatedconceptscheme
INFO: Marking loose concept http://www.yso.fi/onto/yso/p19357 as top concept of scheme http://www.yso.fi/onto/ekso/deprecatedconceptscheme
INFO: Marking loose concept http://www.yso.fi/onto/yso/p19380 as top concept of scheme http://www.yso.fi/onto/ekso/deprecatedconceptscheme
INFO: Marking loose concept http://www.yso.fi/onto/yso/p19382 as top concept of scheme http://www.yso.fi/onto/ekso/deprecatedconceptscheme
INFO: Marking loose concept http://www.yso.fi/onto/yso/p19383 as top concept of scheme http://www.yso.fi/onto/ekso/deprecatedconceptscheme
INFO: Marking loose concept http://www.yso.fi/onto/yso/p19384 as top concept of scheme http://www.yso.fi/onto/ekso/deprecatedconceptscheme
INFO: Marking loose concept http://www.yso.fi/onto/yso/p19385 as top concept of scheme http://www.yso.fi/onto/ekso/deprecatedconceptscheme
INFO: Marking loose concept http://www.yso.fi/onto/yso/p19403 as top concept of scheme http://www.yso.fi/onto/ekso/deprecatedconceptscheme
INFO: Marking loose concept http://www.yso.fi/onto/yso/p1945 as top concept of scheme http://www.yso.fi/onto/ekso/deprecatedconceptscheme
INFO: Marking loose concept http://www.yso.fi/onto/yso/p19483 as top concept of scheme http://www.yso.fi/onto/ekso/deprecatedconceptscheme
INFO: Marking loose concept http://www.yso.fi/onto/yso/p19531 as top concept of scheme http://www.yso.fi/onto/ekso/deprecatedconceptscheme
INFO: Marking loose concept http://www.yso.fi/onto/yso/p19567 as top concept of scheme http://www.yso.fi/onto/ekso/deprecatedconceptscheme
INFO: Marking loose concept http://www.yso.fi/onto/yso/p19608 as top concept of scheme http://www.yso.fi/onto/ekso/deprecatedconceptscheme
INFO: Marking loose concept http://www.yso.fi/onto/yso/p19647 as top concept of scheme http://www.yso.fi/onto/ekso/deprecatedconceptscheme
INFO: Marking loose concept http://www.yso.fi/onto/yso/p19667 as top concept of scheme http://www.yso.fi/onto/ekso/deprecatedconceptscheme
INFO: Marking loose concept http://www.yso.fi/onto/yso/p1967 as top concept of scheme http://www.yso.fi/onto/ekso/deprecatedconceptscheme
INFO: Marking loose concept http://www.yso.fi/onto/yso/p1968 as top concept of scheme http://www.yso.fi/onto/ekso/deprecatedconceptscheme
INFO: Marking loose concept http://www.yso.fi/onto/yso/p19702 as top concept of scheme http://www.yso.fi/onto/ekso/deprecatedconceptscheme
INFO: Marking loose concept http://www.yso.fi/onto/yso/p19721 as top concept of scheme http://www.yso.fi/onto/ekso/deprecatedconceptscheme
INFO: Marking loose concept http://www.yso.fi/onto/yso/p19724 as top concept of scheme http://www.yso.fi/onto/ekso/deprecatedconceptscheme
INFO: Marking loose concept http://www.yso.fi/onto/yso/p19736 as top concept of scheme http://www.yso.fi/onto/ekso/deprecatedconceptscheme
INFO: Marking loose concept http://www.yso.fi/onto/yso/p19743 as top concept of scheme http://www.yso.fi/onto/ekso/deprecatedconceptscheme
INFO: Marking loose concept http://www.yso.fi/onto/yso/p19749 as top concept of scheme http://www.yso.fi/onto/ekso/deprecatedconceptscheme
INFO: Marking loose concept http://www.yso.fi/onto/yso/p19753 as top concept of scheme http://www.yso.fi/onto/ekso/deprecatedconceptscheme
INFO: Marking loose concept http://www.yso.fi/onto/yso/p19758 as top concept of scheme http://www.yso.fi/onto/ekso/deprecatedconceptscheme
INFO: Marking loose concept http://www.yso.fi/onto/yso/p19763 as top concept of scheme http://www.yso.fi/onto/ekso/deprecatedconceptscheme
INFO: Marking loose concept http://www.yso.fi/onto/yso/p19768 as top concept of scheme http://www.yso.fi/onto/ekso/deprecatedconceptscheme
INFO: Marking loose concept http://www.yso.fi/onto/yso/p19775 as top concept of scheme http://www.yso.fi/onto/ekso/deprecatedconceptscheme
INFO: Marking loose concept http://www.yso.fi/onto/yso/p19789 as top concept of scheme http://www.yso.fi/onto/ekso/deprecatedconceptscheme
INFO: Marking loose concept http://www.yso.fi/onto/yso/p19795 as top concept of scheme http://www.yso.fi/onto/ekso/deprecatedconceptscheme
INFO: Marking loose concept http://www.yso.fi/onto/yso/p198 as top concept of scheme http://www.yso.fi/onto/ekso/deprecatedconceptscheme
INFO: Marking loose concept http://www.yso.fi/onto/yso/p19800 as top concept of scheme http://www.yso.fi/onto/ekso/deprecatedconceptscheme
INFO: Marking loose concept http://www.yso.fi/onto/yso/p19811 as top concept of scheme http://www.yso.fi/onto/ekso/deprecatedconceptscheme
INFO: Marking loose concept http://www.yso.fi/onto/yso/p19880 as top concept of scheme http://www.yso.fi/onto/ekso/deprecatedconceptscheme
INFO: Marking loose concept http://www.yso.fi/onto/yso/p19883 as top concept of scheme http://www.yso.fi/onto/ekso/deprecatedconceptscheme
INFO: Marking loose concept http://www.yso.fi/onto/yso/p19893 as top concept of scheme http://www.yso.fi/onto/ekso/deprecatedconceptscheme
INFO: Marking loose concept http://www.yso.fi/onto/yso/p1990 as top concept of scheme http://www.yso.fi/onto/ekso/deprecatedconceptscheme
INFO: Marking loose concept http://www.yso.fi/onto/yso/p19908 as top concept of scheme http://www.yso.fi/onto/ekso/deprecatedconceptscheme
INFO: Marking loose concept http://www.yso.fi/onto/yso/p19911 as top concept of scheme http://www.yso.fi/onto/ekso/deprecatedconceptscheme
INFO: Marking loose concept http://www.yso.fi/onto/yso/p19918 as top concept of scheme http://www.yso.fi/onto/ekso/deprecatedconceptscheme
INFO: Marking loose concept http://www.yso.fi/onto/yso/p1992 as top concept of scheme http://www.yso.fi/onto/ekso/deprecatedconceptscheme
INFO: Marking loose concept http://www.yso.fi/onto/yso/p19947 as top concept of scheme http://www.yso.fi/onto/ekso/deprecatedconceptscheme
INFO: Marking loose concept http://www.yso.fi/onto/yso/p1995 as top concept of scheme http://www.yso.fi/onto/ekso/deprecatedconceptscheme
INFO: Marking loose concept http://www.yso.fi/onto/yso/p19962 as top concept of scheme http://www.yso.fi/onto/ekso/deprecatedconceptscheme
INFO: Marking loose concept http://www.yso.fi/onto/yso/p1997 as top concept of scheme http://www.yso.fi/onto/ekso/deprecatedconceptscheme
INFO: Marking loose concept http://www.yso.fi/onto/yso/p19971 as top concept of scheme http://www.yso.fi/onto/ekso/deprecatedconceptscheme
INFO: Marking loose concept http://www.yso.fi/onto/yso/p19980 as top concept of scheme http://www.yso.fi/onto/ekso/deprecatedconceptscheme
INFO: Marking loose concept http://www.yso.fi/onto/yso/p19986 as top concept of scheme http://www.yso.fi/onto/ekso/deprecatedconceptscheme
INFO: Marking loose concept http://www.yso.fi/onto/yso/p19990 as top concept of scheme http://www.yso.fi/onto/ekso/deprecatedconceptscheme
INFO: Marking loose concept http://www.yso.fi/onto/yso/p19995 as top concept of scheme http://www.yso.fi/onto/ekso/deprecatedconceptscheme
INFO: Marking loose concept http://www.yso.fi/onto/yso/p20031 as top concept of scheme http://www.yso.fi/onto/ekso/deprecatedconceptscheme
INFO: Marking loose concept http://www.yso.fi/onto/yso/p20038 as top concept of scheme http://www.yso.fi/onto/ekso/deprecatedconceptscheme
INFO: Marking loose concept http://www.yso.fi/onto/yso/p2006 as top concept of scheme http://www.yso.fi/onto/ekso/deprecatedconceptscheme
INFO: Marking loose concept http://www.yso.fi/onto/yso/p20061 as top concept of scheme http://www.yso.fi/onto/ekso/deprecatedconceptscheme
INFO: Marking loose concept http://www.yso.fi/onto/yso/p20071 as top concept of scheme http://www.yso.fi/onto/ekso/deprecatedconceptscheme
INFO: Marking loose concept http://www.yso.fi/onto/yso/p20082 as top concept of scheme http://www.yso.fi/onto/ekso/deprecatedconceptscheme
INFO: Marking loose concept http://www.yso.fi/onto/yso/p20130 as top concept of scheme http://www.yso.fi/onto/ekso/deprecatedconceptscheme
INFO: Marking loose concept http://www.yso.fi/onto/yso/p20191 as top concept of scheme http://www.yso.fi/onto/ekso/deprecatedconceptscheme
INFO: Marking loose concept http://www.yso.fi/onto/yso/p20208 as top concept of scheme http://www.yso.fi/onto/ekso/deprecatedconceptscheme
INFO: Marking loose concept http://www.yso.fi/onto/yso/p20216 as top concept of scheme http://www.yso.fi/onto/ekso/deprecatedconceptscheme
INFO: Marking loose concept http://www.yso.fi/onto/yso/p20219 as top concept of scheme http://www.yso.fi/onto/ekso/deprecatedconceptscheme
INFO: Marking loose concept http://www.yso.fi/onto/yso/p20232 as top concept of scheme http://www.yso.fi/onto/ekso/deprecatedconceptscheme
INFO: Marking loose concept http://www.yso.fi/onto/yso/p20238 as top concept of scheme http://www.yso.fi/onto/ekso/deprecatedconceptscheme
INFO: Marking loose concept http://www.yso.fi/onto/yso/p2025 as top concept of scheme http://www.yso.fi/onto/ekso/deprecatedconceptscheme
INFO: Marking loose concept http://www.yso.fi/onto/yso/p20254 as top concept of scheme http://www.yso.fi/onto/ekso/deprecatedconceptscheme
INFO: Marking loose concept http://www.yso.fi/onto/yso/p20258 as top concept of scheme http://www.yso.fi/onto/ekso/deprecatedconceptscheme
INFO: Marking loose concept http://www.yso.fi/onto/yso/p20263 as top concept of scheme http://www.yso.fi/onto/ekso/deprecatedconceptscheme
INFO: Marking loose concept http://www.yso.fi/onto/yso/p20276 as top concept of scheme http://www.yso.fi/onto/ekso/deprecatedconceptscheme
INFO: Marking loose concept http://www.yso.fi/onto/yso/p20312 as top concept of scheme http://www.yso.fi/onto/ekso/deprecatedconceptscheme
INFO: Marking loose concept http://www.yso.fi/onto/yso/p2033 as top concept of scheme http://www.yso.fi/onto/ekso/deprecatedconceptscheme
INFO: Marking loose concept http://www.yso.fi/onto/yso/p20393 as top concept of scheme http://www.yso.fi/onto/ekso/deprecatedconceptscheme
INFO: Marking loose concept http://www.yso.fi/onto/yso/p20411 as top concept of scheme http://www.yso.fi/onto/ekso/deprecatedconceptscheme
INFO: Marking loose concept http://www.yso.fi/onto/yso/p20422 as top concept of scheme http://www.yso.fi/onto/ekso/deprecatedconceptscheme
INFO: Marking loose concept http://www.yso.fi/onto/yso/p2043 as top concept of scheme http://www.yso.fi/onto/ekso/deprecatedconceptscheme
INFO: Marking loose concept http://www.yso.fi/onto/yso/p20433 as top concept of scheme http://www.yso.fi/onto/ekso/deprecatedconceptscheme
INFO: Marking loose concept http://www.yso.fi/onto/yso/p20435 as top concept of scheme http://www.yso.fi/onto/ekso/deprecatedconceptscheme
INFO: Marking loose concept http://www.yso.fi/onto/yso/p20439 as top concept of scheme http://www.yso.fi/onto/ekso/deprecatedconceptscheme
INFO: Marking loose concept http://www.yso.fi/onto/yso/p20443 as top concept of scheme http://www.yso.fi/onto/ekso/deprecatedconceptscheme
INFO: Marking loose concept http://www.yso.fi/onto/yso/p20449 as top concept of scheme http://www.yso.fi/onto/ekso/deprecatedconceptscheme
INFO: Marking loose concept http://www.yso.fi/onto/yso/p20469 as top concept of scheme http://www.yso.fi/onto/ekso/deprecatedconceptscheme
INFO: Marking loose concept http://www.yso.fi/onto/yso/p2051 as top concept of scheme http://www.yso.fi/onto/ekso/deprecatedconceptscheme
INFO: Marking loose concept http://www.yso.fi/onto/yso/p20556 as top concept of scheme http://www.yso.fi/onto/ekso/deprecatedconceptscheme
INFO: Marking loose concept http://www.yso.fi/onto/yso/p20562 as top concept of scheme http://www.yso.fi/onto/ekso/deprecatedconceptscheme
INFO: Marking loose concept http://www.yso.fi/onto/yso/p20564 as top concept of scheme http://www.yso.fi/onto/ekso/deprecatedconceptscheme
INFO: Marking loose concept http://www.yso.fi/onto/yso/p20565 as top concept of scheme http://www.yso.fi/onto/ekso/deprecatedconceptscheme
INFO: Marking loose concept http://www.yso.fi/onto/yso/p20593 as top concept of scheme http://www.yso.fi/onto/ekso/deprecatedconceptscheme
INFO: Marking loose concept http://www.yso.fi/onto/yso/p20602 as top concept of scheme http://www.yso.fi/onto/ekso/deprecatedconceptscheme
INFO: Marking loose concept http://www.yso.fi/onto/yso/p20645 as top concept of scheme http://www.yso.fi/onto/ekso/deprecatedconceptscheme
INFO: Marking loose concept http://www.yso.fi/onto/yso/p20664 as top concept of scheme http://www.yso.fi/onto/ekso/deprecatedconceptscheme
INFO: Marking loose concept http://www.yso.fi/onto/yso/p20675 as top concept of scheme http://www.yso.fi/onto/ekso/deprecatedconceptscheme
INFO: Marking loose concept http://www.yso.fi/onto/yso/p20684 as top concept of scheme http://www.yso.fi/onto/ekso/deprecatedconceptscheme
INFO: Marking loose concept http://www.yso.fi/onto/yso/p20708 as top concept of scheme http://www.yso.fi/onto/ekso/deprecatedconceptscheme
INFO: Marking loose concept http://www.yso.fi/onto/yso/p20720 as top concept of scheme http://www.yso.fi/onto/ekso/deprecatedconceptscheme
INFO: Marking loose concept http://www.yso.fi/onto/yso/p20749 as top concept of scheme http://www.yso.fi/onto/ekso/deprecatedconceptscheme
INFO: Marking loose concept http://www.yso.fi/onto/yso/p20767 as top concept of scheme http://www.yso.fi/onto/ekso/deprecatedconceptscheme
INFO: Marking loose concept http://www.yso.fi/onto/yso/p20775 as top concept of scheme http://www.yso.fi/onto/ekso/deprecatedconceptscheme
INFO: Marking loose concept http://www.yso.fi/onto/yso/p20785 as top concept of scheme http://www.yso.fi/onto/ekso/deprecatedconceptscheme
INFO: Marking loose concept http://www.yso.fi/onto/yso/p20788 as top concept of scheme http://www.yso.fi/onto/ekso/deprecatedconceptscheme
INFO: Marking loose concept http://www.yso.fi/onto/yso/p20804 as top concept of scheme http://www.yso.fi/onto/ekso/deprecatedconceptscheme
INFO: Marking loose concept http://www.yso.fi/onto/yso/p20806 as top concept of scheme http://www.yso.fi/onto/ekso/deprecatedconceptscheme
INFO: Marking loose concept http://www.yso.fi/onto/yso/p20828 as top concept of scheme http://www.yso.fi/onto/ekso/deprecatedconceptscheme
INFO: Marking loose concept http://www.yso.fi/onto/yso/p20842 as top concept of scheme http://www.yso.fi/onto/ekso/deprecatedconceptscheme
INFO: Marking loose concept http://www.yso.fi/onto/yso/p20847 as top concept of scheme http://www.yso.fi/onto/ekso/deprecatedconceptscheme
INFO: Marking loose concept http://www.yso.fi/onto/yso/p20867 as top concept of scheme http://www.yso.fi/onto/ekso/deprecatedconceptscheme
INFO: Marking loose concept http://www.yso.fi/onto/yso/p20868 as top concept of scheme http://www.yso.fi/onto/ekso/deprecatedconceptscheme
INFO: Marking loose concept http://www.yso.fi/onto/yso/p20880 as top concept of scheme http://www.yso.fi/onto/ekso/deprecatedconceptscheme
INFO: Marking loose concept http://www.yso.fi/onto/yso/p20883 as top concept of scheme http://www.yso.fi/onto/ekso/deprecatedconceptscheme
INFO: Marking loose concept http://www.yso.fi/onto/yso/p20899 as top concept of scheme http://www.yso.fi/onto/ekso/deprecatedconceptscheme
INFO: Marking loose concept http://www.yso.fi/onto/yso/p2090 as top concept of scheme http://www.yso.fi/onto/ekso/deprecatedconceptscheme
INFO: Marking loose concept http://www.yso.fi/onto/yso/p2091 as top concept of scheme http://www.yso.fi/onto/ekso/deprecatedconceptscheme
INFO: Marking loose concept http://www.yso.fi/onto/yso/p20922 as top concept of scheme http://www.yso.fi/onto/ekso/deprecatedconceptscheme
INFO: Marking loose concept http://www.yso.fi/onto/yso/p20946 as top concept of scheme http://www.yso.fi/onto/ekso/deprecatedconceptscheme
INFO: Marking loose concept http://www.yso.fi/onto/yso/p20956 as top concept of scheme http://www.yso.fi/onto/ekso/deprecatedconceptscheme
INFO: Marking loose concept http://www.yso.fi/onto/yso/p20963 as top concept of scheme http://www.yso.fi/onto/ekso/deprecatedconceptscheme
INFO: Marking loose concept http://www.yso.fi/onto/yso/p20974 as top concept of scheme http://www.yso.fi/onto/ekso/deprecatedconceptscheme
INFO: Marking loose concept http://www.yso.fi/onto/yso/p20990 as top concept of scheme http://www.yso.fi/onto/ekso/deprecatedconceptscheme
INFO: Marking loose concept http://www.yso.fi/onto/yso/p21010 as top concept of scheme http://www.yso.fi/onto/ekso/deprecatedconceptscheme
INFO: Marking loose concept http://www.yso.fi/onto/yso/p21011 as top concept of scheme http://www.yso.fi/onto/ekso/deprecatedconceptscheme
INFO: Marking loose concept http://www.yso.fi/onto/yso/p21025 as top concept of scheme http://www.yso.fi/onto/ekso/deprecatedconceptscheme
INFO: Marking loose concept http://www.yso.fi/onto/yso/p21037 as top concept of scheme http://www.yso.fi/onto/ekso/deprecatedconceptscheme
INFO: Marking loose concept http://www.yso.fi/onto/yso/p21105 as top concept of scheme http://www.yso.fi/onto/ekso/deprecatedconceptscheme
INFO: Marking loose concept http://www.yso.fi/onto/yso/p21129 as top concept of scheme http://www.yso.fi/onto/ekso/deprecatedconceptscheme
INFO: Marking loose concept http://www.yso.fi/onto/yso/p21134 as top concept of scheme http://www.yso.fi/onto/ekso/deprecatedconceptscheme
INFO: Marking loose concept http://www.yso.fi/onto/yso/p2115 as top concept of scheme http://www.yso.fi/onto/ekso/deprecatedconceptscheme
INFO: Marking loose concept http://www.yso.fi/onto/yso/p21154 as top concept of scheme http://www.yso.fi/onto/ekso/deprecatedconceptscheme
INFO: Marking loose concept http://www.yso.fi/onto/yso/p21160 as top concept of scheme http://www.yso.fi/onto/ekso/deprecatedconceptscheme
INFO: Marking loose concept http://www.yso.fi/onto/yso/p2121 as top concept of scheme http://www.yso.fi/onto/ekso/deprecatedconceptscheme
INFO: Marking loose concept http://www.yso.fi/onto/yso/p21213 as top concept of scheme http://www.yso.fi/onto/ekso/deprecatedconceptscheme
INFO: Marking loose concept http://www.yso.fi/onto/yso/p21247 as top concept of scheme http://www.yso.fi/onto/ekso/deprecatedconceptscheme
INFO: Marking loose concept http://www.yso.fi/onto/yso/p21256 as top concept of scheme http://www.yso.fi/onto/ekso/deprecatedconceptscheme
INFO: Marking loose concept http://www.yso.fi/onto/yso/p21286 as top concept of scheme http://www.yso.fi/onto/ekso/deprecatedconceptscheme
INFO: Marking loose concept http://www.yso.fi/onto/yso/p2129 as top concept of scheme http://www.yso.fi/onto/ekso/deprecatedconceptscheme
INFO: Marking loose concept http://www.yso.fi/onto/yso/p21304 as top concept of scheme http://www.yso.fi/onto/ekso/deprecatedconceptscheme
INFO: Marking loose concept http://www.yso.fi/onto/yso/p21315 as top concept of scheme http://www.yso.fi/onto/ekso/deprecatedconceptscheme
INFO: Marking loose concept http://www.yso.fi/onto/yso/p21317 as top concept of scheme http://www.yso.fi/onto/ekso/deprecatedconceptscheme
INFO: Marking loose concept http://www.yso.fi/onto/yso/p21330 as top concept of scheme http://www.yso.fi/onto/ekso/deprecatedconceptscheme
INFO: Marking loose concept http://www.yso.fi/onto/yso/p21331 as top concept of scheme http://www.yso.fi/onto/ekso/deprecatedconceptscheme
INFO: Marking loose concept http://www.yso.fi/onto/yso/p21332 as top concept of scheme http://www.yso.fi/onto/ekso/deprecatedconceptscheme
INFO: Marking loose concept http://www.yso.fi/onto/yso/p21334 as top concept of scheme http://www.yso.fi/onto/ekso/deprecatedconceptscheme
INFO: Marking loose concept http://www.yso.fi/onto/yso/p21341 as top concept of scheme http://www.yso.fi/onto/ekso/deprecatedconceptscheme
INFO: Marking loose concept http://www.yso.fi/onto/yso/p21349 as top concept of scheme http://www.yso.fi/onto/ekso/deprecatedconceptscheme
INFO: Marking loose concept http://www.yso.fi/onto/yso/p21354 as top concept of scheme http://www.yso.fi/onto/ekso/deprecatedconceptscheme
INFO: Marking loose concept http://www.yso.fi/onto/yso/p21356 as top concept of scheme http://www.yso.fi/onto/ekso/deprecatedconceptscheme
INFO: Marking loose concept http://www.yso.fi/onto/yso/p21365 as top concept of scheme http://www.yso.fi/onto/ekso/deprecatedconceptscheme
INFO: Marking loose concept http://www.yso.fi/onto/yso/p21374 as top concept of scheme http://www.yso.fi/onto/ekso/deprecatedconceptscheme
INFO: Marking loose concept http://www.yso.fi/onto/yso/p21384 as top concept of scheme http://www.yso.fi/onto/ekso/deprecatedconceptscheme
INFO: Marking loose concept http://www.yso.fi/onto/yso/p21422 as top concept of scheme http://www.yso.fi/onto/ekso/deprecatedconceptscheme
INFO: Marking loose concept http://www.yso.fi/onto/yso/p21429 as top concept of scheme http://www.yso.fi/onto/ekso/deprecatedconceptscheme
INFO: Marking loose concept http://www.yso.fi/onto/yso/p21443 as top concept of scheme http://www.yso.fi/onto/ekso/deprecatedconceptscheme
INFO: Marking loose concept http://www.yso.fi/onto/yso/p21448 as top concept of scheme http://www.yso.fi/onto/ekso/deprecatedconceptscheme
INFO: Marking loose concept http://www.yso.fi/onto/yso/p21454 as top concept of scheme http://www.yso.fi/onto/ekso/deprecatedconceptscheme
INFO: Marking loose concept http://www.yso.fi/onto/yso/p21485 as top concept of scheme http://www.yso.fi/onto/ekso/deprecatedconceptscheme
INFO: Marking loose concept http://www.yso.fi/onto/yso/p21502 as top concept of scheme http://www.yso.fi/onto/ekso/deprecatedconceptscheme
INFO: Marking loose concept http://www.yso.fi/onto/yso/p21510 as top concept of scheme http://www.yso.fi/onto/ekso/deprecatedconceptscheme
INFO: Marking loose concept http://www.yso.fi/onto/yso/p21529 as top concept of scheme http://www.yso.fi/onto/ekso/deprecatedconceptscheme
INFO: Marking loose concept http://www.yso.fi/onto/yso/p21531 as top concept of scheme http://www.yso.fi/onto/ekso/deprecatedconceptscheme
INFO: Marking loose concept http://www.yso.fi/onto/yso/p21540 as top concept of scheme http://www.yso.fi/onto/ekso/deprecatedconceptscheme
INFO: Marking loose concept http://www.yso.fi/onto/yso/p2155 as top concept of scheme http://www.yso.fi/onto/ekso/deprecatedconceptscheme
INFO: Marking loose concept http://www.yso.fi/onto/yso/p21578 as top concept of scheme http://www.yso.fi/onto/ekso/deprecatedconceptscheme
INFO: Marking loose concept http://www.yso.fi/onto/yso/p21612 as top concept of scheme http://www.yso.fi/onto/ekso/deprecatedconceptscheme
INFO: Marking loose concept http://www.yso.fi/onto/yso/p21613 as top concept of scheme http://www.yso.fi/onto/ekso/deprecatedconceptscheme
INFO: Marking loose concept http://www.yso.fi/onto/yso/p21622 as top concept of scheme http://www.yso.fi/onto/ekso/deprecatedconceptscheme
INFO: Marking loose concept http://www.yso.fi/onto/yso/p21688 as top concept of scheme http://www.yso.fi/onto/ekso/deprecatedconceptscheme
INFO: Marking loose concept http://www.yso.fi/onto/yso/p21699 as top concept of scheme http://www.yso.fi/onto/ekso/deprecatedconceptscheme
INFO: Marking loose concept http://www.yso.fi/onto/yso/p21722 as top concept of scheme http://www.yso.fi/onto/ekso/deprecatedconceptscheme
INFO: Marking loose concept http://www.yso.fi/onto/yso/p21738 as top concept of scheme http://www.yso.fi/onto/ekso/deprecatedconceptscheme
INFO: Marking loose concept http://www.yso.fi/onto/yso/p21739 as top concept of scheme http://www.yso.fi/onto/ekso/deprecatedconceptscheme
INFO: Marking loose concept http://www.yso.fi/onto/yso/p21747 as top concept of scheme http://www.yso.fi/onto/ekso/deprecatedconceptscheme
INFO: Marking loose concept http://www.yso.fi/onto/yso/p21749 as top concept of scheme http://www.yso.fi/onto/ekso/deprecatedconceptscheme
INFO: Marking loose concept http://www.yso.fi/onto/yso/p21756 as top concept of scheme http://www.yso.fi/onto/ekso/deprecatedconceptscheme
INFO: Marking loose concept http://www.yso.fi/onto/yso/p21776 as top concept of scheme http://www.yso.fi/onto/ekso/deprecatedconceptscheme
INFO: Marking loose concept http://www.yso.fi/onto/yso/p21792 as top concept of scheme http://www.yso.fi/onto/ekso/deprecatedconceptscheme
INFO: Marking loose concept http://www.yso.fi/onto/yso/p21793 as top concept of scheme http://www.yso.fi/onto/ekso/deprecatedconceptscheme
INFO: Marking loose concept http://www.yso.fi/onto/yso/p21803 as top concept of scheme http://www.yso.fi/onto/ekso/deprecatedconceptscheme
INFO: Marking loose concept http://www.yso.fi/onto/yso/p21809 as top concept of scheme http://www.yso.fi/onto/ekso/deprecatedconceptscheme
INFO: Marking loose concept http://www.yso.fi/onto/yso/p21822 as top concept of scheme http://www.yso.fi/onto/ekso/deprecatedconceptscheme
INFO: Marking loose concept http://www.yso.fi/onto/yso/p21850 as top concept of scheme http://www.yso.fi/onto/ekso/deprecatedconceptscheme
INFO: Marking loose concept http://www.yso.fi/onto/yso/p21852 as top concept of scheme http://www.yso.fi/onto/ekso/deprecatedconceptscheme
INFO: Marking loose concept http://www.yso.fi/onto/yso/p21875 as top concept of scheme http://www.yso.fi/onto/ekso/deprecatedconceptscheme
INFO: Marking loose concept http://www.yso.fi/onto/yso/p21891 as top concept of scheme http://www.yso.fi/onto/ekso/deprecatedconceptscheme
INFO: Marking loose concept http://www.yso.fi/onto/yso/p21901 as top concept of scheme http://www.yso.fi/onto/ekso/deprecatedconceptscheme
INFO: Marking loose concept http://www.yso.fi/onto/yso/p21920 as top concept of scheme http://www.yso.fi/onto/ekso/deprecatedconceptscheme
INFO: Marking loose concept http://www.yso.fi/onto/yso/p21931 as top concept of scheme http://www.yso.fi/onto/ekso/deprecatedconceptscheme
INFO: Marking loose concept http://www.yso.fi/onto/yso/p21942 as top concept of scheme http://www.yso.fi/onto/ekso/deprecatedconceptscheme
INFO: Marking loose concept http://www.yso.fi/onto/yso/p21953 as top concept of scheme http://www.yso.fi/onto/ekso/deprecatedconceptscheme
INFO: Marking loose concept http://www.yso.fi/onto/yso/p21957 as top concept of scheme http://www.yso.fi/onto/ekso/deprecatedconceptscheme
INFO: Marking loose concept http://www.yso.fi/onto/yso/p21987 as top concept of scheme http://www.yso.fi/onto/ekso/deprecatedconceptscheme
INFO: Marking loose concept http://www.yso.fi/onto/yso/p21991 as top concept of scheme http://www.yso.fi/onto/ekso/deprecatedconceptscheme
INFO: Marking loose concept http://www.yso.fi/onto/yso/p22000 as top concept of scheme http://www.yso.fi/onto/ekso/deprecatedconceptscheme
INFO: Marking loose concept http://www.yso.fi/onto/yso/p22017 as top concept of scheme http://www.yso.fi/onto/ekso/deprecatedconceptscheme
INFO: Marking loose concept http://www.yso.fi/onto/yso/p22027 as top concept of scheme http://www.yso.fi/onto/ekso/deprecatedconceptscheme
INFO: Marking loose concept http://www.yso.fi/onto/yso/p22028 as top concept of scheme http://www.yso.fi/onto/ekso/deprecatedconceptscheme
INFO: Marking loose concept http://www.yso.fi/onto/yso/p22030 as top concept of scheme http://www.yso.fi/onto/ekso/deprecatedconceptscheme
INFO: Marking loose concept http://www.yso.fi/onto/yso/p22035 as top concept of scheme http://www.yso.fi/onto/ekso/deprecatedconceptscheme
INFO: Marking loose concept http://www.yso.fi/onto/yso/p22036 as top concept of scheme http://www.yso.fi/onto/ekso/deprecatedconceptscheme
INFO: Marking loose concept http://www.yso.fi/onto/yso/p22047 as top concept of scheme http://www.yso.fi/onto/ekso/deprecatedconceptscheme
INFO: Marking loose concept http://www.yso.fi/onto/yso/p22048 as top concept of scheme http://www.yso.fi/onto/ekso/deprecatedconceptscheme
INFO: Marking loose concept http://www.yso.fi/onto/yso/p22066 as top concept of scheme http://www.yso.fi/onto/ekso/deprecatedconceptscheme
INFO: Marking loose concept http://www.yso.fi/onto/yso/p22099 as top concept of scheme http://www.yso.fi/onto/ekso/deprecatedconceptscheme
INFO: Marking loose concept http://www.yso.fi/onto/yso/p22100 as top concept of scheme http://www.yso.fi/onto/ekso/deprecatedconceptscheme
INFO: Marking loose concept http://www.yso.fi/onto/yso/p22117 as top concept of scheme http://www.yso.fi/onto/ekso/deprecatedconceptscheme
INFO: Marking loose concept http://www.yso.fi/onto/yso/p22121 as top concept of scheme http://www.yso.fi/onto/ekso/deprecatedconceptscheme
INFO: Marking loose concept http://www.yso.fi/onto/yso/p22132 as top concept of scheme http://www.yso.fi/onto/ekso/deprecatedconceptscheme
INFO: Marking loose concept http://www.yso.fi/onto/yso/p22133 as top concept of scheme http://www.yso.fi/onto/ekso/deprecatedconceptscheme
INFO: Marking loose concept http://www.yso.fi/onto/yso/p22134 as top concept of scheme http://www.yso.fi/onto/ekso/deprecatedconceptscheme
INFO: Marking loose concept http://www.yso.fi/onto/yso/p22137 as top concept of scheme http://www.yso.fi/onto/ekso/deprecatedconceptscheme
INFO: Marking loose concept http://www.yso.fi/onto/yso/p22158 as top concept of scheme http://www.yso.fi/onto/ekso/deprecatedconceptscheme
INFO: Marking loose concept http://www.yso.fi/onto/yso/p22190 as top concept of scheme http://www.yso.fi/onto/ekso/deprecatedconceptscheme
INFO: Marking loose concept http://www.yso.fi/onto/yso/p22230 as top concept of scheme http://www.yso.fi/onto/ekso/deprecatedconceptscheme
INFO: Marking loose concept http://www.yso.fi/onto/yso/p22238 as top concept of scheme http://www.yso.fi/onto/ekso/deprecatedconceptscheme
INFO: Marking loose concept http://www.yso.fi/onto/yso/p22243 as top concept of scheme http://www.yso.fi/onto/ekso/deprecatedconceptscheme
INFO: Marking loose concept http://www.yso.fi/onto/yso/p22264 as top concept of scheme http://www.yso.fi/onto/ekso/deprecatedconceptscheme
INFO: Marking loose concept http://www.yso.fi/onto/yso/p22265 as top concept of scheme http://www.yso.fi/onto/ekso/deprecatedconceptscheme
INFO: Marking loose concept http://www.yso.fi/onto/yso/p22269 as top concept of scheme http://www.yso.fi/onto/ekso/deprecatedconceptscheme
INFO: Marking loose concept http://www.yso.fi/onto/yso/p22291 as top concept of scheme http://www.yso.fi/onto/ekso/deprecatedconceptscheme
INFO: Marking loose concept http://www.yso.fi/onto/yso/p22299 as top concept of scheme http://www.yso.fi/onto/ekso/deprecatedconceptscheme
INFO: Marking loose concept http://www.yso.fi/onto/yso/p22326 as top concept of scheme http://www.yso.fi/onto/ekso/deprecatedconceptscheme
INFO: Marking loose concept http://www.yso.fi/onto/yso/p22343 as top concept of scheme http://www.yso.fi/onto/ekso/deprecatedconceptscheme
INFO: Marking loose concept http://www.yso.fi/onto/yso/p22350 as top concept of scheme http://www.yso.fi/onto/ekso/deprecatedconceptscheme
INFO: Marking loose concept http://www.yso.fi/onto/yso/p22361 as top concept of scheme http://www.yso.fi/onto/ekso/deprecatedconceptscheme
INFO: Marking loose concept http://www.yso.fi/onto/yso/p22370 as top concept of scheme http://www.yso.fi/onto/ekso/deprecatedconceptscheme
INFO: Marking loose concept http://www.yso.fi/onto/yso/p22375 as top concept of scheme http://www.yso.fi/onto/ekso/deprecatedconceptscheme
INFO: Marking loose concept http://www.yso.fi/onto/yso/p22381 as top concept of scheme http://www.yso.fi/onto/ekso/deprecatedconceptscheme
INFO: Marking loose concept http://www.yso.fi/onto/yso/p224 as top concept of scheme http://www.yso.fi/onto/ekso/deprecatedconceptscheme
INFO: Marking loose concept http://www.yso.fi/onto/yso/p22406 as top concept of scheme http://www.yso.fi/onto/ekso/deprecatedconceptscheme
INFO: Marking loose concept http://www.yso.fi/onto/yso/p22439 as top concept of scheme http://www.yso.fi/onto/ekso/deprecatedconceptscheme
INFO: Marking loose concept http://www.yso.fi/onto/yso/p22472 as top concept of scheme http://www.yso.fi/onto/ekso/deprecatedconceptscheme
INFO: Marking loose concept http://www.yso.fi/onto/yso/p22479 as top concept of scheme http://www.yso.fi/onto/ekso/deprecatedconceptscheme
INFO: Marking loose concept http://www.yso.fi/onto/yso/p22519 as top concept of scheme http://www.yso.fi/onto/ekso/deprecatedconceptscheme
INFO: Marking loose concept http://www.yso.fi/onto/yso/p22536 as top concept of scheme http://www.yso.fi/onto/ekso/deprecatedconceptscheme
INFO: Marking loose concept http://www.yso.fi/onto/yso/p2254 as top concept of scheme http://www.yso.fi/onto/ekso/deprecatedconceptscheme
INFO: Marking loose concept http://www.yso.fi/onto/yso/p22569 as top concept of scheme http://www.yso.fi/onto/ekso/deprecatedconceptscheme
INFO: Marking loose concept http://www.yso.fi/onto/yso/p22578 as top concept of scheme http://www.yso.fi/onto/ekso/deprecatedconceptscheme
INFO: Marking loose concept http://www.yso.fi/onto/yso/p22590 as top concept of scheme http://www.yso.fi/onto/ekso/deprecatedconceptscheme
INFO: Marking loose concept http://www.yso.fi/onto/yso/p22633 as top concept of scheme http://www.yso.fi/onto/ekso/deprecatedconceptscheme
INFO: Marking loose concept http://www.yso.fi/onto/yso/p22640 as top concept of scheme http://www.yso.fi/onto/ekso/deprecatedconceptscheme
INFO: Marking loose concept http://www.yso.fi/onto/yso/p22646 as top concept of scheme http://www.yso.fi/onto/ekso/deprecatedconceptscheme
INFO: Marking loose concept http://www.yso.fi/onto/yso/p22669 as top concept of scheme http://www.yso.fi/onto/ekso/deprecatedconceptscheme
INFO: Marking loose concept http://www.yso.fi/onto/yso/p22708 as top concept of scheme http://www.yso.fi/onto/ekso/deprecatedconceptscheme
INFO: Marking loose concept http://www.yso.fi/onto/yso/p22715 as top concept of scheme http://www.yso.fi/onto/ekso/deprecatedconceptscheme
INFO: Marking loose concept http://www.yso.fi/onto/yso/p22726 as top concept of scheme http://www.yso.fi/onto/ekso/deprecatedconceptscheme
INFO: Marking loose concept http://www.yso.fi/onto/yso/p22736 as top concept of scheme http://www.yso.fi/onto/ekso/deprecatedconceptscheme
INFO: Marking loose concept http://www.yso.fi/onto/yso/p22772 as top concept of scheme http://www.yso.fi/onto/ekso/deprecatedconceptscheme
INFO: Marking loose concept http://www.yso.fi/onto/yso/p2278 as top concept of scheme http://www.yso.fi/onto/ekso/deprecatedconceptscheme
INFO: Marking loose concept http://www.yso.fi/onto/yso/p22782 as top concept of scheme http://www.yso.fi/onto/ekso/deprecatedconceptscheme
INFO: Marking loose concept http://www.yso.fi/onto/yso/p22789 as top concept of scheme http://www.yso.fi/onto/ekso/deprecatedconceptscheme
INFO: Marking loose concept http://www.yso.fi/onto/yso/p22815 as top concept of scheme http://www.yso.fi/onto/ekso/deprecatedconceptscheme
INFO: Marking loose concept http://www.yso.fi/onto/yso/p22836 as top concept of scheme http://www.yso.fi/onto/ekso/deprecatedconceptscheme
INFO: Marking loose concept http://www.yso.fi/onto/yso/p22840 as top concept of scheme http://www.yso.fi/onto/ekso/deprecatedconceptscheme
INFO: Marking loose concept http://www.yso.fi/onto/yso/p22844 as top concept of scheme http://www.yso.fi/onto/ekso/deprecatedconceptscheme
INFO: Marking loose concept http://www.yso.fi/onto/yso/p22845 as top concept of scheme http://www.yso.fi/onto/ekso/deprecatedconceptscheme
INFO: Marking loose concept http://www.yso.fi/onto/yso/p22847 as top concept of scheme http://www.yso.fi/onto/ekso/deprecatedconceptscheme
INFO: Marking loose concept http://www.yso.fi/onto/yso/p22852 as top concept of scheme http://www.yso.fi/onto/ekso/deprecatedconceptscheme
INFO: Marking loose concept http://www.yso.fi/onto/yso/p22894 as top concept of scheme http://www.yso.fi/onto/ekso/deprecatedconceptscheme
INFO: Marking loose concept http://www.yso.fi/onto/yso/p22895 as top concept of scheme http://www.yso.fi/onto/ekso/deprecatedconceptscheme
INFO: Marking loose concept http://www.yso.fi/onto/yso/p22914 as top concept of scheme http://www.yso.fi/onto/ekso/deprecatedconceptscheme
INFO: Marking loose concept http://www.yso.fi/onto/yso/p22930 as top concept of scheme http://www.yso.fi/onto/ekso/deprecatedconceptscheme
INFO: Marking loose concept http://www.yso.fi/onto/yso/p22938 as top concept of scheme http://www.yso.fi/onto/ekso/deprecatedconceptscheme
INFO: Marking loose concept http://www.yso.fi/onto/yso/p22973 as top concept of scheme http://www.yso.fi/onto/ekso/deprecatedconceptscheme
INFO: Marking loose concept http://www.yso.fi/onto/yso/p23000 as top concept of scheme http://www.yso.fi/onto/ekso/deprecatedconceptscheme
INFO: Marking loose concept http://www.yso.fi/onto/yso/p23036 as top concept of scheme http://www.yso.fi/onto/ekso/deprecatedconceptscheme
INFO: Marking loose concept http://www.yso.fi/onto/yso/p23037 as top concept of scheme http://www.yso.fi/onto/ekso/deprecatedconceptscheme
INFO: Marking loose concept http://www.yso.fi/onto/yso/p23042 as top concept of scheme http://www.yso.fi/onto/ekso/deprecatedconceptscheme
INFO: Marking loose concept http://www.yso.fi/onto/yso/p23044 as top concept of scheme http://www.yso.fi/onto/ekso/deprecatedconceptscheme
INFO: Marking loose concept http://www.yso.fi/onto/yso/p23077 as top concept of scheme http://www.yso.fi/onto/ekso/deprecatedconceptscheme
INFO: Marking loose concept http://www.yso.fi/onto/yso/p23104 as top concept of scheme http://www.yso.fi/onto/ekso/deprecatedconceptscheme
INFO: Marking loose concept http://www.yso.fi/onto/yso/p23166 as top concept of scheme http://www.yso.fi/onto/ekso/deprecatedconceptscheme
INFO: Marking loose concept http://www.yso.fi/onto/yso/p2318 as top concept of scheme http://www.yso.fi/onto/ekso/deprecatedconceptscheme
INFO: Marking loose concept http://www.yso.fi/onto/yso/p23197 as top concept of scheme http://www.yso.fi/onto/ekso/deprecatedconceptscheme
INFO: Marking loose concept http://www.yso.fi/onto/yso/p2322 as top concept of scheme http://www.yso.fi/onto/ekso/deprecatedconceptscheme
INFO: Marking loose concept http://www.yso.fi/onto/yso/p23232 as top concept of scheme http://www.yso.fi/onto/ekso/deprecatedconceptscheme
INFO: Marking loose concept http://www.yso.fi/onto/yso/p23233 as top concept of scheme http://www.yso.fi/onto/ekso/deprecatedconceptscheme
INFO: Marking loose concept http://www.yso.fi/onto/yso/p23235 as top concept of scheme http://www.yso.fi/onto/ekso/deprecatedconceptscheme
INFO: Marking loose concept http://www.yso.fi/onto/yso/p23246 as top concept of scheme http://www.yso.fi/onto/ekso/deprecatedconceptscheme
INFO: Marking loose concept http://www.yso.fi/onto/yso/p23258 as top concept of scheme http://www.yso.fi/onto/ekso/deprecatedconceptscheme
INFO: Marking loose concept http://www.yso.fi/onto/yso/p23269 as top concept of scheme http://www.yso.fi/onto/ekso/deprecatedconceptscheme
INFO: Marking loose concept http://www.yso.fi/onto/yso/p23275 as top concept of scheme http://www.yso.fi/onto/ekso/deprecatedconceptscheme
INFO: Marking loose concept http://www.yso.fi/onto/yso/p23327 as top concept of scheme http://www.yso.fi/onto/ekso/deprecatedconceptscheme
INFO: Marking loose concept http://www.yso.fi/onto/yso/p23377 as top concept of scheme http://www.yso.fi/onto/ekso/deprecatedconceptscheme
INFO: Marking loose concept http://www.yso.fi/onto/yso/p23378 as top concept of scheme http://www.yso.fi/onto/ekso/deprecatedconceptscheme
INFO: Marking loose concept http://www.yso.fi/onto/yso/p2340 as top concept of scheme http://www.yso.fi/onto/ekso/deprecatedconceptscheme
INFO: Marking loose concept http://www.yso.fi/onto/yso/p23423 as top concept of scheme http://www.yso.fi/onto/ekso/deprecatedconceptscheme
INFO: Marking loose concept http://www.yso.fi/onto/yso/p23447 as top concept of scheme http://www.yso.fi/onto/ekso/deprecatedconceptscheme
INFO: Marking loose concept http://www.yso.fi/onto/yso/p23449 as top concept of scheme http://www.yso.fi/onto/ekso/deprecatedconceptscheme
INFO: Marking loose concept http://www.yso.fi/onto/yso/p23464 as top concept of scheme http://www.yso.fi/onto/ekso/deprecatedconceptscheme
INFO: Marking loose concept http://www.yso.fi/onto/yso/p23473 as top concept of scheme http://www.yso.fi/onto/ekso/deprecatedconceptscheme
INFO: Marking loose concept http://www.yso.fi/onto/yso/p23500 as top concept of scheme http://www.yso.fi/onto/ekso/deprecatedconceptscheme
INFO: Marking loose concept http://www.yso.fi/onto/yso/p23591 as top concept of scheme http://www.yso.fi/onto/ekso/deprecatedconceptscheme
INFO: Marking loose concept http://www.yso.fi/onto/yso/p23609 as top concept of scheme http://www.yso.fi/onto/ekso/deprecatedconceptscheme
INFO: Marking loose concept http://www.yso.fi/onto/yso/p23614 as top concept of scheme http://www.yso.fi/onto/ekso/deprecatedconceptscheme
INFO: Marking loose concept http://www.yso.fi/onto/yso/p23620 as top concept of scheme http://www.yso.fi/onto/ekso/deprecatedconceptscheme
INFO: Marking loose concept http://www.yso.fi/onto/yso/p2365 as top concept of scheme http://www.yso.fi/onto/ekso/deprecatedconceptscheme
INFO: Marking loose concept http://www.yso.fi/onto/yso/p23659 as top concept of scheme http://www.yso.fi/onto/ekso/deprecatedconceptscheme
INFO: Marking loose concept http://www.yso.fi/onto/yso/p23663 as top concept of scheme http://www.yso.fi/onto/ekso/deprecatedconceptscheme
INFO: Marking loose concept http://www.yso.fi/onto/yso/p23680 as top concept of scheme http://www.yso.fi/onto/ekso/deprecatedconceptscheme
INFO: Marking loose concept http://www.yso.fi/onto/yso/p23682 as top concept of scheme http://www.yso.fi/onto/ekso/deprecatedconceptscheme
INFO: Marking loose concept http://www.yso.fi/onto/yso/p23685 as top concept of scheme http://www.yso.fi/onto/ekso/deprecatedconceptscheme
INFO: Marking loose concept http://www.yso.fi/onto/yso/p23686 as top concept of scheme http://www.yso.fi/onto/ekso/deprecatedconceptscheme
INFO: Marking loose concept http://www.yso.fi/onto/yso/p23690 as top concept of scheme http://www.yso.fi/onto/ekso/deprecatedconceptscheme
INFO: Marking loose concept http://www.yso.fi/onto/yso/p23710 as top concept of scheme http://www.yso.fi/onto/ekso/deprecatedconceptscheme
INFO: Marking loose concept http://www.yso.fi/onto/yso/p23711 as top concept of scheme http://www.yso.fi/onto/ekso/deprecatedconceptscheme
INFO: Marking loose concept http://www.yso.fi/onto/yso/p2372 as top concept of scheme http://www.yso.fi/onto/ekso/deprecatedconceptscheme
INFO: Marking loose concept http://www.yso.fi/onto/yso/p23726 as top concept of scheme http://www.yso.fi/onto/ekso/deprecatedconceptscheme
INFO: Marking loose concept http://www.yso.fi/onto/yso/p23736 as top concept of scheme http://www.yso.fi/onto/ekso/deprecatedconceptscheme
INFO: Marking loose concept http://www.yso.fi/onto/yso/p23738 as top concept of scheme http://www.yso.fi/onto/ekso/deprecatedconceptscheme
INFO: Marking loose concept http://www.yso.fi/onto/yso/p23739 as top concept of scheme http://www.yso.fi/onto/ekso/deprecatedconceptscheme
INFO: Marking loose concept http://www.yso.fi/onto/yso/p2374 as top concept of scheme http://www.yso.fi/onto/ekso/deprecatedconceptscheme
INFO: Marking loose concept http://www.yso.fi/onto/yso/p23748 as top concept of scheme http://www.yso.fi/onto/ekso/deprecatedconceptscheme
INFO: Marking loose concept http://www.yso.fi/onto/yso/p23749 as top concept of scheme http://www.yso.fi/onto/ekso/deprecatedconceptscheme
INFO: Marking loose concept http://www.yso.fi/onto/yso/p2375 as top concept of scheme http://www.yso.fi/onto/ekso/deprecatedconceptscheme
INFO: Marking loose concept http://www.yso.fi/onto/yso/p23750 as top concept of scheme http://www.yso.fi/onto/ekso/deprecatedconceptscheme
INFO: Marking loose concept http://www.yso.fi/onto/yso/p23754 as top concept of scheme http://www.yso.fi/onto/ekso/deprecatedconceptscheme
INFO: Marking loose concept http://www.yso.fi/onto/yso/p23756 as top concept of scheme http://www.yso.fi/onto/ekso/deprecatedconceptscheme
INFO: Marking loose concept http://www.yso.fi/onto/yso/p23759 as top concept of scheme http://www.yso.fi/onto/ekso/deprecatedconceptscheme
INFO: Marking loose concept http://www.yso.fi/onto/yso/p23760 as top concept of scheme http://www.yso.fi/onto/ekso/deprecatedconceptscheme
INFO: Marking loose concept http://www.yso.fi/onto/yso/p23761 as top concept of scheme http://www.yso.fi/onto/ekso/deprecatedconceptscheme
INFO: Marking loose concept http://www.yso.fi/onto/yso/p23762 as top concept of scheme http://www.yso.fi/onto/ekso/deprecatedconceptscheme
INFO: Marking loose concept http://www.yso.fi/onto/yso/p23763 as top concept of scheme http://www.yso.fi/onto/ekso/deprecatedconceptscheme
INFO: Marking loose concept http://www.yso.fi/onto/yso/p23764 as top concept of scheme http://www.yso.fi/onto/ekso/deprecatedconceptscheme
INFO: Marking loose concept http://www.yso.fi/onto/yso/p23765 as top concept of scheme http://www.yso.fi/onto/ekso/deprecatedconceptscheme
INFO: Marking loose concept http://www.yso.fi/onto/yso/p23766 as top concept of scheme http://www.yso.fi/onto/ekso/deprecatedconceptscheme
INFO: Marking loose concept http://www.yso.fi/onto/yso/p23767 as top concept of scheme http://www.yso.fi/onto/ekso/deprecatedconceptscheme
INFO: Marking loose concept http://www.yso.fi/onto/yso/p23768 as top concept of scheme http://www.yso.fi/onto/ekso/deprecatedconceptscheme
INFO: Marking loose concept http://www.yso.fi/onto/yso/p23769 as top concept of scheme http://www.yso.fi/onto/ekso/deprecatedconceptscheme
INFO: Marking loose concept http://www.yso.fi/onto/yso/p23770 as top concept of scheme http://www.yso.fi/onto/ekso/deprecatedconceptscheme
INFO: Marking loose concept http://www.yso.fi/onto/yso/p23771 as top concept of scheme http://www.yso.fi/onto/ekso/deprecatedconceptscheme
INFO: Marking loose concept http://www.yso.fi/onto/yso/p23772 as top concept of scheme http://www.yso.fi/onto/ekso/deprecatedconceptscheme
INFO: Marking loose concept http://www.yso.fi/onto/yso/p23773 as top concept of scheme http://www.yso.fi/onto/ekso/deprecatedconceptscheme
INFO: Marking loose concept http://www.yso.fi/onto/yso/p23774 as top concept of scheme http://www.yso.fi/onto/ekso/deprecatedconceptscheme
INFO: Marking loose concept http://www.yso.fi/onto/yso/p23775 as top concept of scheme http://www.yso.fi/onto/ekso/deprecatedconceptscheme
INFO: Marking loose concept http://www.yso.fi/onto/yso/p23776 as top concept of scheme http://www.yso.fi/onto/ekso/deprecatedconceptscheme
INFO: Marking loose concept http://www.yso.fi/onto/yso/p23777 as top concept of scheme http://www.yso.fi/onto/ekso/deprecatedconceptscheme
INFO: Marking loose concept http://www.yso.fi/onto/yso/p23778 as top concept of scheme http://www.yso.fi/onto/ekso/deprecatedconceptscheme
INFO: Marking loose concept http://www.yso.fi/onto/yso/p23779 as top concept of scheme http://www.yso.fi/onto/ekso/deprecatedconceptscheme
INFO: Marking loose concept http://www.yso.fi/onto/yso/p23780 as top concept of scheme http://www.yso.fi/onto/ekso/deprecatedconceptscheme
INFO: Marking loose concept http://www.yso.fi/onto/yso/p23781 as top concept of scheme http://www.yso.fi/onto/ekso/deprecatedconceptscheme
INFO: Marking loose concept http://www.yso.fi/onto/yso/p23782 as top concept of scheme http://www.yso.fi/onto/ekso/deprecatedconceptscheme
INFO: Marking loose concept http://www.yso.fi/onto/yso/p23783 as top concept of scheme http://www.yso.fi/onto/ekso/deprecatedconceptscheme
INFO: Marking loose concept http://www.yso.fi/onto/yso/p23784 as top concept of scheme http://www.yso.fi/onto/ekso/deprecatedconceptscheme
INFO: Marking loose concept http://www.yso.fi/onto/yso/p23785 as top concept of scheme http://www.yso.fi/onto/ekso/deprecatedconceptscheme
INFO: Marking loose concept http://www.yso.fi/onto/yso/p23786 as top concept of scheme http://www.yso.fi/onto/ekso/deprecatedconceptscheme
INFO: Marking loose concept http://www.yso.fi/onto/yso/p23787 as top concept of scheme http://www.yso.fi/onto/ekso/deprecatedconceptscheme
INFO: Marking loose concept http://www.yso.fi/onto/yso/p23788 as top concept of scheme http://www.yso.fi/onto/ekso/deprecatedconceptscheme
INFO: Marking loose concept http://www.yso.fi/onto/yso/p23789 as top concept of scheme http://www.yso.fi/onto/ekso/deprecatedconceptscheme
INFO: Marking loose concept http://www.yso.fi/onto/yso/p23790 as top concept of scheme http://www.yso.fi/onto/ekso/deprecatedconceptscheme
INFO: Marking loose concept http://www.yso.fi/onto/yso/p23791 as top concept of scheme http://www.yso.fi/onto/ekso/deprecatedconceptscheme
INFO: Marking loose concept http://www.yso.fi/onto/yso/p23792 as top concept of scheme http://www.yso.fi/onto/ekso/deprecatedconceptscheme
INFO: Marking loose concept http://www.yso.fi/onto/yso/p23793 as top concept of scheme http://www.yso.fi/onto/ekso/deprecatedconceptscheme
INFO: Marking loose concept http://www.yso.fi/onto/yso/p23794 as top concept of scheme http://www.yso.fi/onto/ekso/deprecatedconceptscheme
INFO: Marking loose concept http://www.yso.fi/onto/yso/p23795 as top concept of scheme http://www.yso.fi/onto/ekso/deprecatedconceptscheme
INFO: Marking loose concept http://www.yso.fi/onto/yso/p23796 as top concept of scheme http://www.yso.fi/onto/ekso/deprecatedconceptscheme
INFO: Marking loose concept http://www.yso.fi/onto/yso/p23797 as top concept of scheme http://www.yso.fi/onto/ekso/deprecatedconceptscheme
INFO: Marking loose concept http://www.yso.fi/onto/yso/p23798 as top concept of scheme http://www.yso.fi/onto/ekso/deprecatedconceptscheme
INFO: Marking loose concept http://www.yso.fi/onto/yso/p23799 as top concept of scheme http://www.yso.fi/onto/ekso/deprecatedconceptscheme
INFO: Marking loose concept http://www.yso.fi/onto/yso/p23800 as top concept of scheme http://www.yso.fi/onto/ekso/deprecatedconceptscheme
INFO: Marking loose concept http://www.yso.fi/onto/yso/p23801 as top concept of scheme http://www.yso.fi/onto/ekso/deprecatedconceptscheme
INFO: Marking loose concept http://www.yso.fi/onto/yso/p23802 as top concept of scheme http://www.yso.fi/onto/ekso/deprecatedconceptscheme
INFO: Marking loose concept http://www.yso.fi/onto/yso/p23803 as top concept of scheme http://www.yso.fi/onto/ekso/deprecatedconceptscheme
INFO: Marking loose concept http://www.yso.fi/onto/yso/p23854 as top concept of scheme http://www.yso.fi/onto/ekso/deprecatedconceptscheme
INFO: Marking loose concept http://www.yso.fi/onto/yso/p23892 as top concept of scheme http://www.yso.fi/onto/ekso/deprecatedconceptscheme
INFO: Marking loose concept http://www.yso.fi/onto/yso/p23925 as top concept of scheme http://www.yso.fi/onto/ekso/deprecatedconceptscheme
INFO: Marking loose concept http://www.yso.fi/onto/yso/p24022 as top concept of scheme http://www.yso.fi/onto/ekso/deprecatedconceptscheme
INFO: Marking loose concept http://www.yso.fi/onto/yso/p24027 as top concept of scheme http://www.yso.fi/onto/ekso/deprecatedconceptscheme
INFO: Marking loose concept http://www.yso.fi/onto/yso/p24115 as top concept of scheme http://www.yso.fi/onto/ekso/deprecatedconceptscheme
INFO: Marking loose concept http://www.yso.fi/onto/yso/p24116 as top concept of scheme http://www.yso.fi/onto/ekso/deprecatedconceptscheme
INFO: Marking loose concept http://www.yso.fi/onto/yso/p24123 as top concept of scheme http://www.yso.fi/onto/ekso/deprecatedconceptscheme
INFO: Marking loose concept http://www.yso.fi/onto/yso/p24131 as top concept of scheme http://www.yso.fi/onto/ekso/deprecatedconceptscheme
INFO: Marking loose concept http://www.yso.fi/onto/yso/p24132 as top concept of scheme http://www.yso.fi/onto/ekso/deprecatedconceptscheme
INFO: Marking loose concept http://www.yso.fi/onto/yso/p24145 as top concept of scheme http://www.yso.fi/onto/ekso/deprecatedconceptscheme
INFO: Marking loose concept http://www.yso.fi/onto/yso/p24228 as top concept of scheme http://www.yso.fi/onto/ekso/deprecatedconceptscheme
INFO: Marking loose concept http://www.yso.fi/onto/yso/p2424 as top concept of scheme http://www.yso.fi/onto/ekso/deprecatedconceptscheme
INFO: Marking loose concept http://www.yso.fi/onto/yso/p24252 as top concept of scheme http://www.yso.fi/onto/ekso/deprecatedconceptscheme
INFO: Marking loose concept http://www.yso.fi/onto/yso/p24255 as top concept of scheme http://www.yso.fi/onto/ekso/deprecatedconceptscheme
INFO: Marking loose concept http://www.yso.fi/onto/yso/p24293 as top concept of scheme http://www.yso.fi/onto/ekso/deprecatedconceptscheme
INFO: Marking loose concept http://www.yso.fi/onto/yso/p24312 as top concept of scheme http://www.yso.fi/onto/ekso/deprecatedconceptscheme
INFO: Marking loose concept http://www.yso.fi/onto/yso/p2434 as top concept of scheme http://www.yso.fi/onto/ekso/deprecatedconceptscheme
INFO: Marking loose concept http://www.yso.fi/onto/yso/p24345 as top concept of scheme http://www.yso.fi/onto/ekso/deprecatedconceptscheme
INFO: Marking loose concept http://www.yso.fi/onto/yso/p24375 as top concept of scheme http://www.yso.fi/onto/ekso/deprecatedconceptscheme
INFO: Marking loose concept http://www.yso.fi/onto/yso/p24381 as top concept of scheme http://www.yso.fi/onto/ekso/deprecatedconceptscheme
INFO: Marking loose concept http://www.yso.fi/onto/yso/p24392 as top concept of scheme http://www.yso.fi/onto/ekso/deprecatedconceptscheme
INFO: Marking loose concept http://www.yso.fi/onto/yso/p2446 as top concept of scheme http://www.yso.fi/onto/ekso/deprecatedconceptscheme
INFO: Marking loose concept http://www.yso.fi/onto/yso/p24460 as top concept of scheme http://www.yso.fi/onto/ekso/deprecatedconceptscheme
INFO: Marking loose concept http://www.yso.fi/onto/yso/p2447 as top concept of scheme http://www.yso.fi/onto/ekso/deprecatedconceptscheme
INFO: Marking loose concept http://www.yso.fi/onto/yso/p2448 as top concept of scheme http://www.yso.fi/onto/ekso/deprecatedconceptscheme
INFO: Marking loose concept http://www.yso.fi/onto/yso/p2450 as top concept of scheme http://www.yso.fi/onto/ekso/deprecatedconceptscheme
INFO: Marking loose concept http://www.yso.fi/onto/yso/p24503 as top concept of scheme http://www.yso.fi/onto/ekso/deprecatedconceptscheme
INFO: Marking loose concept http://www.yso.fi/onto/yso/p24573 as top concept of scheme http://www.yso.fi/onto/ekso/deprecatedconceptscheme
INFO: Marking loose concept http://www.yso.fi/onto/yso/p24604 as top concept of scheme http://www.yso.fi/onto/ekso/deprecatedconceptscheme
INFO: Marking loose concept http://www.yso.fi/onto/yso/p24637 as top concept of scheme http://www.yso.fi/onto/ekso/deprecatedconceptscheme
INFO: Marking loose concept http://www.yso.fi/onto/yso/p24638 as top concept of scheme http://www.yso.fi/onto/ekso/deprecatedconceptscheme
INFO: Marking loose concept http://www.yso.fi/onto/yso/p24640 as top concept of scheme http://www.yso.fi/onto/ekso/deprecatedconceptscheme
INFO: Marking loose concept http://www.yso.fi/onto/yso/p24641 as top concept of scheme http://www.yso.fi/onto/ekso/deprecatedconceptscheme
INFO: Marking loose concept http://www.yso.fi/onto/yso/p24642 as top concept of scheme http://www.yso.fi/onto/ekso/deprecatedconceptscheme
INFO: Marking loose concept http://www.yso.fi/onto/yso/p24643 as top concept of scheme http://www.yso.fi/onto/ekso/deprecatedconceptscheme
INFO: Marking loose concept http://www.yso.fi/onto/yso/p24645 as top concept of scheme http://www.yso.fi/onto/ekso/deprecatedconceptscheme
INFO: Marking loose concept http://www.yso.fi/onto/yso/p24647 as top concept of scheme http://www.yso.fi/onto/ekso/deprecatedconceptscheme
INFO: Marking loose concept http://www.yso.fi/onto/yso/p24648 as top concept of scheme http://www.yso.fi/onto/ekso/deprecatedconceptscheme
INFO: Marking loose concept http://www.yso.fi/onto/yso/p24649 as top concept of scheme http://www.yso.fi/onto/ekso/deprecatedconceptscheme
INFO: Marking loose concept http://www.yso.fi/onto/yso/p24650 as top concept of scheme http://www.yso.fi/onto/ekso/deprecatedconceptscheme
INFO: Marking loose concept http://www.yso.fi/onto/yso/p24651 as top concept of scheme http://www.yso.fi/onto/ekso/deprecatedconceptscheme
INFO: Marking loose concept http://www.yso.fi/onto/yso/p24653 as top concept of scheme http://www.yso.fi/onto/ekso/deprecatedconceptscheme
INFO: Marking loose concept http://www.yso.fi/onto/yso/p24654 as top concept of scheme http://www.yso.fi/onto/ekso/deprecatedconceptscheme
INFO: Marking loose concept http://www.yso.fi/onto/yso/p24655 as top concept of scheme http://www.yso.fi/onto/ekso/deprecatedconceptscheme
INFO: Marking loose concept http://www.yso.fi/onto/yso/p24656 as top concept of scheme http://www.yso.fi/onto/ekso/deprecatedconceptscheme
INFO: Marking loose concept http://www.yso.fi/onto/yso/p24657 as top concept of scheme http://www.yso.fi/onto/ekso/deprecatedconceptscheme
INFO: Marking loose concept http://www.yso.fi/onto/yso/p24658 as top concept of scheme http://www.yso.fi/onto/ekso/deprecatedconceptscheme
INFO: Marking loose concept http://www.yso.fi/onto/yso/p24660 as top concept of scheme http://www.yso.fi/onto/ekso/deprecatedconceptscheme
INFO: Marking loose concept http://www.yso.fi/onto/yso/p24661 as top concept of scheme http://www.yso.fi/onto/ekso/deprecatedconceptscheme
INFO: Marking loose concept http://www.yso.fi/onto/yso/p24665 as top concept of scheme http://www.yso.fi/onto/ekso/deprecatedconceptscheme
INFO: Marking loose concept http://www.yso.fi/onto/yso/p24666 as top concept of scheme http://www.yso.fi/onto/ekso/deprecatedconceptscheme
INFO: Marking loose concept http://www.yso.fi/onto/yso/p24667 as top concept of scheme http://www.yso.fi/onto/ekso/deprecatedconceptscheme
INFO: Marking loose concept http://www.yso.fi/onto/yso/p2472 as top concept of scheme http://www.yso.fi/onto/ekso/deprecatedconceptscheme
INFO: Marking loose concept http://www.yso.fi/onto/yso/p24742 as top concept of scheme http://www.yso.fi/onto/ekso/deprecatedconceptscheme
INFO: Marking loose concept http://www.yso.fi/onto/yso/p24750 as top concept of scheme http://www.yso.fi/onto/ekso/deprecatedconceptscheme
INFO: Marking loose concept http://www.yso.fi/onto/yso/p24808 as top concept of scheme http://www.yso.fi/onto/ekso/deprecatedconceptscheme
INFO: Marking loose concept http://www.yso.fi/onto/yso/p24809 as top concept of scheme http://www.yso.fi/onto/ekso/deprecatedconceptscheme
INFO: Marking loose concept http://www.yso.fi/onto/yso/p24822 as top concept of scheme http://www.yso.fi/onto/ekso/deprecatedconceptscheme
INFO: Marking loose concept http://www.yso.fi/onto/yso/p24827 as top concept of scheme http://www.yso.fi/onto/ekso/deprecatedconceptscheme
INFO: Marking loose concept http://www.yso.fi/onto/yso/p2485 as top concept of scheme http://www.yso.fi/onto/ekso/deprecatedconceptscheme
INFO: Marking loose concept http://www.yso.fi/onto/yso/p2489 as top concept of scheme http://www.yso.fi/onto/ekso/deprecatedconceptscheme
INFO: Marking loose concept http://www.yso.fi/onto/yso/p24908 as top concept of scheme http://www.yso.fi/onto/ekso/deprecatedconceptscheme
INFO: Marking loose concept http://www.yso.fi/onto/yso/p2491 as top concept of scheme http://www.yso.fi/onto/ekso/deprecatedconceptscheme
INFO: Marking loose concept http://www.yso.fi/onto/yso/p24977 as top concept of scheme http://www.yso.fi/onto/ekso/deprecatedconceptscheme
INFO: Marking loose concept http://www.yso.fi/onto/yso/p25001 as top concept of scheme http://www.yso.fi/onto/ekso/deprecatedconceptscheme
INFO: Marking loose concept http://www.yso.fi/onto/yso/p25008 as top concept of scheme http://www.yso.fi/onto/ekso/deprecatedconceptscheme
INFO: Marking loose concept http://www.yso.fi/onto/yso/p2501 as top concept of scheme http://www.yso.fi/onto/ekso/deprecatedconceptscheme
INFO: Marking loose concept http://www.yso.fi/onto/yso/p2506 as top concept of scheme http://www.yso.fi/onto/ekso/deprecatedconceptscheme
INFO: Marking loose concept http://www.yso.fi/onto/yso/p25068 as top concept of scheme http://www.yso.fi/onto/ekso/deprecatedconceptscheme
INFO: Marking loose concept http://www.yso.fi/onto/yso/p25074 as top concept of scheme http://www.yso.fi/onto/ekso/deprecatedconceptscheme
INFO: Marking loose concept http://www.yso.fi/onto/yso/p25090 as top concept of scheme http://www.yso.fi/onto/ekso/deprecatedconceptscheme
INFO: Marking loose concept http://www.yso.fi/onto/yso/p25091 as top concept of scheme http://www.yso.fi/onto/ekso/deprecatedconceptscheme
INFO: Marking loose concept http://www.yso.fi/onto/yso/p25097 as top concept of scheme http://www.yso.fi/onto/ekso/deprecatedconceptscheme
INFO: Marking loose concept http://www.yso.fi/onto/yso/p25138 as top concept of scheme http://www.yso.fi/onto/ekso/deprecatedconceptscheme
INFO: Marking loose concept http://www.yso.fi/onto/yso/p2516 as top concept of scheme http://www.yso.fi/onto/ekso/deprecatedconceptscheme
INFO: Marking loose concept http://www.yso.fi/onto/yso/p25208 as top concept of scheme http://www.yso.fi/onto/ekso/deprecatedconceptscheme
INFO: Marking loose concept http://www.yso.fi/onto/yso/p25264 as top concept of scheme http://www.yso.fi/onto/ekso/deprecatedconceptscheme
INFO: Marking loose concept http://www.yso.fi/onto/yso/p25265 as top concept of scheme http://www.yso.fi/onto/ekso/deprecatedconceptscheme
INFO: Marking loose concept http://www.yso.fi/onto/yso/p25277 as top concept of scheme http://www.yso.fi/onto/ekso/deprecatedconceptscheme
INFO: Marking loose concept http://www.yso.fi/onto/yso/p25281 as top concept of scheme http://www.yso.fi/onto/ekso/deprecatedconceptscheme
INFO: Marking loose concept http://www.yso.fi/onto/yso/p253 as top concept of scheme http://www.yso.fi/onto/ekso/deprecatedconceptscheme
INFO: Marking loose concept http://www.yso.fi/onto/yso/p2530 as top concept of scheme http://www.yso.fi/onto/ekso/deprecatedconceptscheme
INFO: Marking loose concept http://www.yso.fi/onto/yso/p25372 as top concept of scheme http://www.yso.fi/onto/ekso/deprecatedconceptscheme
INFO: Marking loose concept http://www.yso.fi/onto/yso/p25411 as top concept of scheme http://www.yso.fi/onto/ekso/deprecatedconceptscheme
INFO: Marking loose concept http://www.yso.fi/onto/yso/p25421 as top concept of scheme http://www.yso.fi/onto/ekso/deprecatedconceptscheme
INFO: Marking loose concept http://www.yso.fi/onto/yso/p25450 as top concept of scheme http://www.yso.fi/onto/ekso/deprecatedconceptscheme
INFO: Marking loose concept http://www.yso.fi/onto/yso/p25467 as top concept of scheme http://www.yso.fi/onto/ekso/deprecatedconceptscheme
INFO: Marking loose concept http://www.yso.fi/onto/yso/p25480 as top concept of scheme http://www.yso.fi/onto/ekso/deprecatedconceptscheme
INFO: Marking loose concept http://www.yso.fi/onto/yso/p25507 as top concept of scheme http://www.yso.fi/onto/ekso/deprecatedconceptscheme
INFO: Marking loose concept http://www.yso.fi/onto/yso/p25543 as top concept of scheme http://www.yso.fi/onto/ekso/deprecatedconceptscheme
INFO: Marking loose concept http://www.yso.fi/onto/yso/p25624 as top concept of scheme http://www.yso.fi/onto/ekso/deprecatedconceptscheme
INFO: Marking loose concept http://www.yso.fi/onto/yso/p25667 as top concept of scheme http://www.yso.fi/onto/ekso/deprecatedconceptscheme
INFO: Marking loose concept http://www.yso.fi/onto/yso/p25694 as top concept of scheme http://www.yso.fi/onto/ekso/deprecatedconceptscheme
INFO: Marking loose concept http://www.yso.fi/onto/yso/p25715 as top concept of scheme http://www.yso.fi/onto/ekso/deprecatedconceptscheme
INFO: Marking loose concept http://www.yso.fi/onto/yso/p25730 as top concept of scheme http://www.yso.fi/onto/ekso/deprecatedconceptscheme
INFO: Marking loose concept http://www.yso.fi/onto/yso/p2577 as top concept of scheme http://www.yso.fi/onto/ekso/deprecatedconceptscheme
INFO: Marking loose concept http://www.yso.fi/onto/yso/p25772 as top concept of scheme http://www.yso.fi/onto/ekso/deprecatedconceptscheme
INFO: Marking loose concept http://www.yso.fi/onto/yso/p2578 as top concept of scheme http://www.yso.fi/onto/ekso/deprecatedconceptscheme
INFO: Marking loose concept http://www.yso.fi/onto/yso/p25783 as top concept of scheme http://www.yso.fi/onto/ekso/deprecatedconceptscheme
INFO: Marking loose concept http://www.yso.fi/onto/yso/p25799 as top concept of scheme http://www.yso.fi/onto/ekso/deprecatedconceptscheme
INFO: Marking loose concept http://www.yso.fi/onto/yso/p25913 as top concept of scheme http://www.yso.fi/onto/ekso/deprecatedconceptscheme
INFO: Marking loose concept http://www.yso.fi/onto/yso/p25914 as top concept of scheme http://www.yso.fi/onto/ekso/deprecatedconceptscheme
INFO: Marking loose concept http://www.yso.fi/onto/yso/p25923 as top concept of scheme http://www.yso.fi/onto/ekso/deprecatedconceptscheme
INFO: Marking loose concept http://www.yso.fi/onto/yso/p25954 as top concept of scheme http://www.yso.fi/onto/ekso/deprecatedconceptscheme
INFO: Marking loose concept http://www.yso.fi/onto/yso/p25961 as top concept of scheme http://www.yso.fi/onto/ekso/deprecatedconceptscheme
INFO: Marking loose concept http://www.yso.fi/onto/yso/p25971 as top concept of scheme http://www.yso.fi/onto/ekso/deprecatedconceptscheme
INFO: Marking loose concept http://www.yso.fi/onto/yso/p25979 as top concept of scheme http://www.yso.fi/onto/ekso/deprecatedconceptscheme
INFO: Marking loose concept http://www.yso.fi/onto/yso/p26049 as top concept of scheme http://www.yso.fi/onto/ekso/deprecatedconceptscheme
INFO: Marking loose concept http://www.yso.fi/onto/yso/p26193 as top concept of scheme http://www.yso.fi/onto/ekso/deprecatedconceptscheme
INFO: Marking loose concept http://www.yso.fi/onto/yso/p26199 as top concept of scheme http://www.yso.fi/onto/ekso/deprecatedconceptscheme
INFO: Marking loose concept http://www.yso.fi/onto/yso/p2620 as top concept of scheme http://www.yso.fi/onto/ekso/deprecatedconceptscheme
INFO: Marking loose concept http://www.yso.fi/onto/yso/p26246 as top concept of scheme http://www.yso.fi/onto/ekso/deprecatedconceptscheme
INFO: Marking loose concept http://www.yso.fi/onto/yso/p2628 as top concept of scheme http://www.yso.fi/onto/ekso/deprecatedconceptscheme
INFO: Marking loose concept http://www.yso.fi/onto/yso/p26313 as top concept of scheme http://www.yso.fi/onto/ekso/deprecatedconceptscheme
INFO: Marking loose concept http://www.yso.fi/onto/yso/p26338 as top concept of scheme http://www.yso.fi/onto/ekso/deprecatedconceptscheme
INFO: Marking loose concept http://www.yso.fi/onto/yso/p26350 as top concept of scheme http://www.yso.fi/onto/ekso/deprecatedconceptscheme
INFO: Marking loose concept http://www.yso.fi/onto/yso/p26362 as top concept of scheme http://www.yso.fi/onto/ekso/deprecatedconceptscheme
INFO: Marking loose concept http://www.yso.fi/onto/yso/p26380 as top concept of scheme http://www.yso.fi/onto/ekso/deprecatedconceptscheme
INFO: Marking loose concept http://www.yso.fi/onto/yso/p26384 as top concept of scheme http://www.yso.fi/onto/ekso/deprecatedconceptscheme
INFO: Marking loose concept http://www.yso.fi/onto/yso/p26415 as top concept of scheme http://www.yso.fi/onto/ekso/deprecatedconceptscheme
INFO: Marking loose concept http://www.yso.fi/onto/yso/p26452 as top concept of scheme http://www.yso.fi/onto/ekso/deprecatedconceptscheme
INFO: Marking loose concept http://www.yso.fi/onto/yso/p26458 as top concept of scheme http://www.yso.fi/onto/ekso/deprecatedconceptscheme
INFO: Marking loose concept http://www.yso.fi/onto/yso/p26465 as top concept of scheme http://www.yso.fi/onto/ekso/deprecatedconceptscheme
INFO: Marking loose concept http://www.yso.fi/onto/yso/p26485 as top concept of scheme http://www.yso.fi/onto/ekso/deprecatedconceptscheme
INFO: Marking loose concept http://www.yso.fi/onto/yso/p26497 as top concept of scheme http://www.yso.fi/onto/ekso/deprecatedconceptscheme
INFO: Marking loose concept http://www.yso.fi/onto/yso/p26515 as top concept of scheme http://www.yso.fi/onto/ekso/deprecatedconceptscheme
INFO: Marking loose concept http://www.yso.fi/onto/yso/p26516 as top concept of scheme http://www.yso.fi/onto/ekso/deprecatedconceptscheme
INFO: Marking loose concept http://www.yso.fi/onto/yso/p26518 as top concept of scheme http://www.yso.fi/onto/ekso/deprecatedconceptscheme
INFO: Marking loose concept http://www.yso.fi/onto/yso/p26521 as top concept of scheme http://www.yso.fi/onto/ekso/deprecatedconceptscheme
INFO: Marking loose concept http://www.yso.fi/onto/yso/p26523 as top concept of scheme http://www.yso.fi/onto/ekso/deprecatedconceptscheme
INFO: Marking loose concept http://www.yso.fi/onto/yso/p26558 as top concept of scheme http://www.yso.fi/onto/ekso/deprecatedconceptscheme
INFO: Marking loose concept http://www.yso.fi/onto/yso/p26637 as top concept of scheme http://www.yso.fi/onto/ekso/deprecatedconceptscheme
INFO: Marking loose concept http://www.yso.fi/onto/yso/p2673 as top concept of scheme http://www.yso.fi/onto/ekso/deprecatedconceptscheme
INFO: Marking loose concept http://www.yso.fi/onto/yso/p26743 as top concept of scheme http://www.yso.fi/onto/ekso/deprecatedconceptscheme
INFO: Marking loose concept http://www.yso.fi/onto/yso/p268 as top concept of scheme http://www.yso.fi/onto/ekso/deprecatedconceptscheme
INFO: Marking loose concept http://www.yso.fi/onto/yso/p2689 as top concept of scheme http://www.yso.fi/onto/ekso/deprecatedconceptscheme
INFO: Marking loose concept http://www.yso.fi/onto/yso/p26903 as top concept of scheme http://www.yso.fi/onto/ekso/deprecatedconceptscheme
INFO: Marking loose concept http://www.yso.fi/onto/yso/p2697 as top concept of scheme http://www.yso.fi/onto/ekso/deprecatedconceptscheme
INFO: Marking loose concept http://www.yso.fi/onto/yso/p26980 as top concept of scheme http://www.yso.fi/onto/ekso/deprecatedconceptscheme
INFO: Marking loose concept http://www.yso.fi/onto/yso/p27027 as top concept of scheme http://www.yso.fi/onto/ekso/deprecatedconceptscheme
INFO: Marking loose concept http://www.yso.fi/onto/yso/p2706 as top concept of scheme http://www.yso.fi/onto/ekso/deprecatedconceptscheme
INFO: Marking loose concept http://www.yso.fi/onto/yso/p27094 as top concept of scheme http://www.yso.fi/onto/ekso/deprecatedconceptscheme
INFO: Marking loose concept http://www.yso.fi/onto/yso/p27124 as top concept of scheme http://www.yso.fi/onto/ekso/deprecatedconceptscheme
INFO: Marking loose concept http://www.yso.fi/onto/yso/p27145 as top concept of scheme http://www.yso.fi/onto/ekso/deprecatedconceptscheme
INFO: Marking loose concept http://www.yso.fi/onto/yso/p2715 as top concept of scheme http://www.yso.fi/onto/ekso/deprecatedconceptscheme
INFO: Marking loose concept http://www.yso.fi/onto/yso/p27158 as top concept of scheme http://www.yso.fi/onto/ekso/deprecatedconceptscheme
INFO: Marking loose concept http://www.yso.fi/onto/yso/p27296 as top concept of scheme http://www.yso.fi/onto/ekso/deprecatedconceptscheme
INFO: Marking loose concept http://www.yso.fi/onto/yso/p2731 as top concept of scheme http://www.yso.fi/onto/ekso/deprecatedconceptscheme
INFO: Marking loose concept http://www.yso.fi/onto/yso/p27441 as top concept of scheme http://www.yso.fi/onto/ekso/deprecatedconceptscheme
INFO: Marking loose concept http://www.yso.fi/onto/yso/p2753 as top concept of scheme http://www.yso.fi/onto/ekso/deprecatedconceptscheme
INFO: Marking loose concept http://www.yso.fi/onto/yso/p27607 as top concept of scheme http://www.yso.fi/onto/ekso/deprecatedconceptscheme
INFO: Marking loose concept http://www.yso.fi/onto/yso/p27709 as top concept of scheme http://www.yso.fi/onto/ekso/deprecatedconceptscheme
INFO: Marking loose concept http://www.yso.fi/onto/yso/p27710 as top concept of scheme http://www.yso.fi/onto/ekso/deprecatedconceptscheme
INFO: Marking loose concept http://www.yso.fi/onto/yso/p27711 as top concept of scheme http://www.yso.fi/onto/ekso/deprecatedconceptscheme
INFO: Marking loose concept http://www.yso.fi/onto/yso/p2773 as top concept of scheme http://www.yso.fi/onto/ekso/deprecatedconceptscheme
INFO: Marking loose concept http://www.yso.fi/onto/yso/p2777 as top concept of scheme http://www.yso.fi/onto/ekso/deprecatedconceptscheme
INFO: Marking loose concept http://www.yso.fi/onto/yso/p27842 as top concept of scheme http://www.yso.fi/onto/ekso/deprecatedconceptscheme
INFO: Marking loose concept http://www.yso.fi/onto/yso/p27870 as top concept of scheme http://www.yso.fi/onto/ekso/deprecatedconceptscheme
INFO: Marking loose concept http://www.yso.fi/onto/yso/p2794 as top concept of scheme http://www.yso.fi/onto/ekso/deprecatedconceptscheme
INFO: Marking loose concept http://www.yso.fi/onto/yso/p28 as top concept of scheme http://www.yso.fi/onto/ekso/deprecatedconceptscheme
INFO: Marking loose concept http://www.yso.fi/onto/yso/p2801 as top concept of scheme http://www.yso.fi/onto/ekso/deprecatedconceptscheme
INFO: Marking loose concept http://www.yso.fi/onto/yso/p28186 as top concept of scheme http://www.yso.fi/onto/ekso/deprecatedconceptscheme
INFO: Marking loose concept http://www.yso.fi/onto/yso/p28187 as top concept of scheme http://www.yso.fi/onto/ekso/deprecatedconceptscheme
INFO: Marking loose concept http://www.yso.fi/onto/yso/p28188 as top concept of scheme http://www.yso.fi/onto/ekso/deprecatedconceptscheme
INFO: Marking loose concept http://www.yso.fi/onto/yso/p28194 as top concept of scheme http://www.yso.fi/onto/ekso/deprecatedconceptscheme
INFO: Marking loose concept http://www.yso.fi/onto/yso/p2826 as top concept of scheme http://www.yso.fi/onto/ekso/deprecatedconceptscheme
INFO: Marking loose concept http://www.yso.fi/onto/yso/p283 as top concept of scheme http://www.yso.fi/onto/ekso/deprecatedconceptscheme
INFO: Marking loose concept http://www.yso.fi/onto/yso/p28344 as top concept of scheme http://www.yso.fi/onto/ekso/deprecatedconceptscheme
INFO: Marking loose concept http://www.yso.fi/onto/yso/p2838 as top concept of scheme http://www.yso.fi/onto/ekso/deprecatedconceptscheme
INFO: Marking loose concept http://www.yso.fi/onto/yso/p28440 as top concept of scheme http://www.yso.fi/onto/ekso/deprecatedconceptscheme
INFO: Marking loose concept http://www.yso.fi/onto/yso/p28450 as top concept of scheme http://www.yso.fi/onto/ekso/deprecatedconceptscheme
INFO: Marking loose concept http://www.yso.fi/onto/yso/p2864 as top concept of scheme http://www.yso.fi/onto/ekso/deprecatedconceptscheme
INFO: Marking loose concept http://www.yso.fi/onto/yso/p2866 as top concept of scheme http://www.yso.fi/onto/ekso/deprecatedconceptscheme
INFO: Marking loose concept http://www.yso.fi/onto/yso/p28686 as top concept of scheme http://www.yso.fi/onto/ekso/deprecatedconceptscheme
INFO: Marking loose concept http://www.yso.fi/onto/yso/p2871 as top concept of scheme http://www.yso.fi/onto/ekso/deprecatedconceptscheme
INFO: Marking loose concept http://www.yso.fi/onto/yso/p28714 as top concept of scheme http://www.yso.fi/onto/ekso/deprecatedconceptscheme
INFO: Marking loose concept http://www.yso.fi/onto/yso/p28769 as top concept of scheme http://www.yso.fi/onto/ekso/deprecatedconceptscheme
INFO: Marking loose concept http://www.yso.fi/onto/yso/p2880 as top concept of scheme http://www.yso.fi/onto/ekso/deprecatedconceptscheme
INFO: Marking loose concept http://www.yso.fi/onto/yso/p2881 as top concept of scheme http://www.yso.fi/onto/ekso/deprecatedconceptscheme
INFO: Marking loose concept http://www.yso.fi/onto/yso/p28824 as top concept of scheme http://www.yso.fi/onto/ekso/deprecatedconceptscheme
INFO: Marking loose concept http://www.yso.fi/onto/yso/p28996 as top concept of scheme http://www.yso.fi/onto/ekso/deprecatedconceptscheme
INFO: Marking loose concept http://www.yso.fi/onto/yso/p293 as top concept of scheme http://www.yso.fi/onto/ekso/deprecatedconceptscheme
INFO: Marking loose concept http://www.yso.fi/onto/yso/p29746 as top concept of scheme http://www.yso.fi/onto/ekso/deprecatedconceptscheme
INFO: Marking loose concept http://www.yso.fi/onto/yso/p2979 as top concept of scheme http://www.yso.fi/onto/ekso/deprecatedconceptscheme
INFO: Marking loose concept http://www.yso.fi/onto/yso/p29790 as top concept of scheme http://www.yso.fi/onto/ekso/deprecatedconceptscheme
INFO: Marking loose concept http://www.yso.fi/onto/yso/p29888 as top concept of scheme http://www.yso.fi/onto/ekso/deprecatedconceptscheme
INFO: Marking loose concept http://www.yso.fi/onto/yso/p29911 as top concept of scheme http://www.yso.fi/onto/ekso/deprecatedconceptscheme
INFO: Marking loose concept http://www.yso.fi/onto/yso/p2993 as top concept of scheme http://www.yso.fi/onto/ekso/deprecatedconceptscheme
INFO: Marking loose concept http://www.yso.fi/onto/yso/p30 as top concept of scheme http://www.yso.fi/onto/ekso/deprecatedconceptscheme
INFO: Marking loose concept http://www.yso.fi/onto/yso/p30083 as top concept of scheme http://www.yso.fi/onto/ekso/deprecatedconceptscheme
INFO: Marking loose concept http://www.yso.fi/onto/yso/p30157 as top concept of scheme http://www.yso.fi/onto/ekso/deprecatedconceptscheme
INFO: Marking loose concept http://www.yso.fi/onto/yso/p302 as top concept of scheme http://www.yso.fi/onto/ekso/deprecatedconceptscheme
INFO: Marking loose concept http://www.yso.fi/onto/yso/p30229 as top concept of scheme http://www.yso.fi/onto/ekso/deprecatedconceptscheme
INFO: Marking loose concept http://www.yso.fi/onto/yso/p3027 as top concept of scheme http://www.yso.fi/onto/ekso/deprecatedconceptscheme
INFO: Marking loose concept http://www.yso.fi/onto/yso/p3052 as top concept of scheme http://www.yso.fi/onto/ekso/deprecatedconceptscheme
INFO: Marking loose concept http://www.yso.fi/onto/yso/p307 as top concept of scheme http://www.yso.fi/onto/ekso/deprecatedconceptscheme
INFO: Marking loose concept http://www.yso.fi/onto/yso/p3071 as top concept of scheme http://www.yso.fi/onto/ekso/deprecatedconceptscheme
INFO: Marking loose concept http://www.yso.fi/onto/yso/p3083 as top concept of scheme http://www.yso.fi/onto/ekso/deprecatedconceptscheme
INFO: Marking loose concept http://www.yso.fi/onto/yso/p3092 as top concept of scheme http://www.yso.fi/onto/ekso/deprecatedconceptscheme
INFO: Marking loose concept http://www.yso.fi/onto/yso/p3112 as top concept of scheme http://www.yso.fi/onto/ekso/deprecatedconceptscheme
INFO: Marking loose concept http://www.yso.fi/onto/yso/p3120 as top concept of scheme http://www.yso.fi/onto/ekso/deprecatedconceptscheme
INFO: Marking loose concept http://www.yso.fi/onto/yso/p3124 as top concept of scheme http://www.yso.fi/onto/ekso/deprecatedconceptscheme
INFO: Marking loose concept http://www.yso.fi/onto/yso/p3152 as top concept of scheme http://www.yso.fi/onto/ekso/deprecatedconceptscheme
INFO: Marking loose concept http://www.yso.fi/onto/yso/p317 as top concept of scheme http://www.yso.fi/onto/ekso/deprecatedconceptscheme
INFO: Marking loose concept http://www.yso.fi/onto/yso/p3198 as top concept of scheme http://www.yso.fi/onto/ekso/deprecatedconceptscheme
INFO: Marking loose concept http://www.yso.fi/onto/yso/p3237 as top concept of scheme http://www.yso.fi/onto/ekso/deprecatedconceptscheme
INFO: Marking loose concept http://www.yso.fi/onto/yso/p3256 as top concept of scheme http://www.yso.fi/onto/ekso/deprecatedconceptscheme
INFO: Marking loose concept http://www.yso.fi/onto/yso/p3273 as top concept of scheme http://www.yso.fi/onto/ekso/deprecatedconceptscheme
INFO: Marking loose concept http://www.yso.fi/onto/yso/p3274 as top concept of scheme http://www.yso.fi/onto/ekso/deprecatedconceptscheme
INFO: Marking loose concept http://www.yso.fi/onto/yso/p3323 as top concept of scheme http://www.yso.fi/onto/ekso/deprecatedconceptscheme
INFO: Marking loose concept http://www.yso.fi/onto/yso/p3378 as top concept of scheme http://www.yso.fi/onto/ekso/deprecatedconceptscheme
INFO: Marking loose concept http://www.yso.fi/onto/yso/p3379 as top concept of scheme http://www.yso.fi/onto/ekso/deprecatedconceptscheme
INFO: Marking loose concept http://www.yso.fi/onto/yso/p338 as top concept of scheme http://www.yso.fi/onto/ekso/deprecatedconceptscheme
INFO: Marking loose concept http://www.yso.fi/onto/yso/p3380 as top concept of scheme http://www.yso.fi/onto/ekso/deprecatedconceptscheme
INFO: Marking loose concept http://www.yso.fi/onto/yso/p3410 as top concept of scheme http://www.yso.fi/onto/ekso/deprecatedconceptscheme
INFO: Marking loose concept http://www.yso.fi/onto/yso/p3411 as top concept of scheme http://www.yso.fi/onto/ekso/deprecatedconceptscheme
INFO: Marking loose concept http://www.yso.fi/onto/yso/p3414 as top concept of scheme http://www.yso.fi/onto/ekso/deprecatedconceptscheme
INFO: Marking loose concept http://www.yso.fi/onto/yso/p3431 as top concept of scheme http://www.yso.fi/onto/ekso/deprecatedconceptscheme
INFO: Marking loose concept http://www.yso.fi/onto/yso/p3438 as top concept of scheme http://www.yso.fi/onto/ekso/deprecatedconceptscheme
INFO: Marking loose concept http://www.yso.fi/onto/yso/p3456 as top concept of scheme http://www.yso.fi/onto/ekso/deprecatedconceptscheme
INFO: Marking loose concept http://www.yso.fi/onto/yso/p3471 as top concept of scheme http://www.yso.fi/onto/ekso/deprecatedconceptscheme
INFO: Marking loose concept http://www.yso.fi/onto/yso/p3498 as top concept of scheme http://www.yso.fi/onto/ekso/deprecatedconceptscheme
INFO: Marking loose concept http://www.yso.fi/onto/yso/p3520 as top concept of scheme http://www.yso.fi/onto/ekso/deprecatedconceptscheme
INFO: Marking loose concept http://www.yso.fi/onto/yso/p353 as top concept of scheme http://www.yso.fi/onto/ekso/deprecatedconceptscheme
INFO: Marking loose concept http://www.yso.fi/onto/yso/p3530 as top concept of scheme http://www.yso.fi/onto/ekso/deprecatedconceptscheme
INFO: Marking loose concept http://www.yso.fi/onto/yso/p3531 as top concept of scheme http://www.yso.fi/onto/ekso/deprecatedconceptscheme
INFO: Marking loose concept http://www.yso.fi/onto/yso/p3546 as top concept of scheme http://www.yso.fi/onto/ekso/deprecatedconceptscheme
INFO: Marking loose concept http://www.yso.fi/onto/yso/p3548 as top concept of scheme http://www.yso.fi/onto/ekso/deprecatedconceptscheme
INFO: Marking loose concept http://www.yso.fi/onto/yso/p355 as top concept of scheme http://www.yso.fi/onto/ekso/deprecatedconceptscheme
INFO: Marking loose concept http://www.yso.fi/onto/yso/p3561 as top concept of scheme http://www.yso.fi/onto/ekso/deprecatedconceptscheme
INFO: Marking loose concept http://www.yso.fi/onto/yso/p3579 as top concept of scheme http://www.yso.fi/onto/ekso/deprecatedconceptscheme
INFO: Marking loose concept http://www.yso.fi/onto/yso/p3580 as top concept of scheme http://www.yso.fi/onto/ekso/deprecatedconceptscheme
INFO: Marking loose concept http://www.yso.fi/onto/yso/p3584 as top concept of scheme http://www.yso.fi/onto/ekso/deprecatedconceptscheme
INFO: Marking loose concept http://www.yso.fi/onto/yso/p359 as top concept of scheme http://www.yso.fi/onto/ekso/deprecatedconceptscheme
INFO: Marking loose concept http://www.yso.fi/onto/yso/p3623 as top concept of scheme http://www.yso.fi/onto/ekso/deprecatedconceptscheme
INFO: Marking loose concept http://www.yso.fi/onto/yso/p363 as top concept of scheme http://www.yso.fi/onto/ekso/deprecatedconceptscheme
INFO: Marking loose concept http://www.yso.fi/onto/yso/p3639 as top concept of scheme http://www.yso.fi/onto/ekso/deprecatedconceptscheme
INFO: Marking loose concept http://www.yso.fi/onto/yso/p3652 as top concept of scheme http://www.yso.fi/onto/ekso/deprecatedconceptscheme
INFO: Marking loose concept http://www.yso.fi/onto/yso/p36817 as top concept of scheme http://www.yso.fi/onto/ekso/deprecatedconceptscheme
INFO: Marking loose concept http://www.yso.fi/onto/yso/p369 as top concept of scheme http://www.yso.fi/onto/ekso/deprecatedconceptscheme
INFO: Marking loose concept http://www.yso.fi/onto/yso/p370 as top concept of scheme http://www.yso.fi/onto/ekso/deprecatedconceptscheme
INFO: Marking loose concept http://www.yso.fi/onto/yso/p3700 as top concept of scheme http://www.yso.fi/onto/ekso/deprecatedconceptscheme
INFO: Marking loose concept http://www.yso.fi/onto/yso/p3704 as top concept of scheme http://www.yso.fi/onto/ekso/deprecatedconceptscheme
INFO: Marking loose concept http://www.yso.fi/onto/yso/p3710 as top concept of scheme http://www.yso.fi/onto/ekso/deprecatedconceptscheme
INFO: Marking loose concept http://www.yso.fi/onto/yso/p3725 as top concept of scheme http://www.yso.fi/onto/ekso/deprecatedconceptscheme
INFO: Marking loose concept http://www.yso.fi/onto/yso/p3735 as top concept of scheme http://www.yso.fi/onto/ekso/deprecatedconceptscheme
INFO: Marking loose concept http://www.yso.fi/onto/yso/p3740 as top concept of scheme http://www.yso.fi/onto/ekso/deprecatedconceptscheme
INFO: Marking loose concept http://www.yso.fi/onto/yso/p3763 as top concept of scheme http://www.yso.fi/onto/ekso/deprecatedconceptscheme
INFO: Marking loose concept http://www.yso.fi/onto/yso/p3767 as top concept of scheme http://www.yso.fi/onto/ekso/deprecatedconceptscheme
INFO: Marking loose concept http://www.yso.fi/onto/yso/p3772 as top concept of scheme http://www.yso.fi/onto/ekso/deprecatedconceptscheme
INFO: Marking loose concept http://www.yso.fi/onto/yso/p37785 as top concept of scheme http://www.yso.fi/onto/ekso/deprecatedconceptscheme
INFO: Marking loose concept http://www.yso.fi/onto/yso/p380 as top concept of scheme http://www.yso.fi/onto/ekso/deprecatedconceptscheme
INFO: Marking loose concept http://www.yso.fi/onto/yso/p38015 as top concept of scheme http://www.yso.fi/onto/ekso/deprecatedconceptscheme
INFO: Marking loose concept http://www.yso.fi/onto/yso/p381 as top concept of scheme http://www.yso.fi/onto/ekso/deprecatedconceptscheme
INFO: Marking loose concept http://www.yso.fi/onto/yso/p3859 as top concept of scheme http://www.yso.fi/onto/ekso/deprecatedconceptscheme
INFO: Marking loose concept http://www.yso.fi/onto/yso/p38608 as top concept of scheme http://www.yso.fi/onto/ekso/deprecatedconceptscheme
INFO: Marking loose concept http://www.yso.fi/onto/yso/p38696 as top concept of scheme http://www.yso.fi/onto/ekso/deprecatedconceptscheme
INFO: Marking loose concept http://www.yso.fi/onto/yso/p3871 as top concept of scheme http://www.yso.fi/onto/ekso/deprecatedconceptscheme
INFO: Marking loose concept http://www.yso.fi/onto/yso/p3882 as top concept of scheme http://www.yso.fi/onto/ekso/deprecatedconceptscheme
INFO: Marking loose concept http://www.yso.fi/onto/yso/p389 as top concept of scheme http://www.yso.fi/onto/ekso/deprecatedconceptscheme
INFO: Marking loose concept http://www.yso.fi/onto/yso/p38945 as top concept of scheme http://www.yso.fi/onto/ekso/deprecatedconceptscheme
INFO: Marking loose concept http://www.yso.fi/onto/yso/p3898 as top concept of scheme http://www.yso.fi/onto/ekso/deprecatedconceptscheme
INFO: Marking loose concept http://www.yso.fi/onto/yso/p3899 as top concept of scheme http://www.yso.fi/onto/ekso/deprecatedconceptscheme
INFO: Marking loose concept http://www.yso.fi/onto/yso/p39033 as top concept of scheme http://www.yso.fi/onto/ekso/deprecatedconceptscheme
INFO: Marking loose concept http://www.yso.fi/onto/yso/p39036 as top concept of scheme http://www.yso.fi/onto/ekso/deprecatedconceptscheme
INFO: Marking loose concept http://www.yso.fi/onto/yso/p39186 as top concept of scheme http://www.yso.fi/onto/ekso/deprecatedconceptscheme
INFO: Marking loose concept http://www.yso.fi/onto/yso/p39252 as top concept of scheme http://www.yso.fi/onto/ekso/deprecatedconceptscheme
INFO: Marking loose concept http://www.yso.fi/onto/yso/p3936 as top concept of scheme http://www.yso.fi/onto/ekso/deprecatedconceptscheme
INFO: Marking loose concept http://www.yso.fi/onto/yso/p39504 as top concept of scheme http://www.yso.fi/onto/ekso/deprecatedconceptscheme
INFO: Marking loose concept http://www.yso.fi/onto/yso/p3959 as top concept of scheme http://www.yso.fi/onto/ekso/deprecatedconceptscheme
INFO: Marking loose concept http://www.yso.fi/onto/yso/p39592 as top concept of scheme http://www.yso.fi/onto/ekso/deprecatedconceptscheme
INFO: Marking loose concept http://www.yso.fi/onto/yso/p39608 as top concept of scheme http://www.yso.fi/onto/ekso/deprecatedconceptscheme
INFO: Marking loose concept http://www.yso.fi/onto/yso/p3970 as top concept of scheme http://www.yso.fi/onto/ekso/deprecatedconceptscheme
INFO: Marking loose concept http://www.yso.fi/onto/yso/p3977 as top concept of scheme http://www.yso.fi/onto/ekso/deprecatedconceptscheme
INFO: Marking loose concept http://www.yso.fi/onto/yso/p400 as top concept of scheme http://www.yso.fi/onto/ekso/deprecatedconceptscheme
INFO: Marking loose concept http://www.yso.fi/onto/yso/p4007 as top concept of scheme http://www.yso.fi/onto/ekso/deprecatedconceptscheme
INFO: Marking loose concept http://www.yso.fi/onto/yso/p4008 as top concept of scheme http://www.yso.fi/onto/ekso/deprecatedconceptscheme
INFO: Marking loose concept http://www.yso.fi/onto/yso/p404 as top concept of scheme http://www.yso.fi/onto/ekso/deprecatedconceptscheme
INFO: Marking loose concept http://www.yso.fi/onto/yso/p4048 as top concept of scheme http://www.yso.fi/onto/ekso/deprecatedconceptscheme
INFO: Marking loose concept http://www.yso.fi/onto/yso/p4065 as top concept of scheme http://www.yso.fi/onto/ekso/deprecatedconceptscheme
INFO: Marking loose concept http://www.yso.fi/onto/yso/p4073 as top concept of scheme http://www.yso.fi/onto/ekso/deprecatedconceptscheme
INFO: Marking loose concept http://www.yso.fi/onto/yso/p4078 as top concept of scheme http://www.yso.fi/onto/ekso/deprecatedconceptscheme
INFO: Marking loose concept http://www.yso.fi/onto/yso/p413 as top concept of scheme http://www.yso.fi/onto/ekso/deprecatedconceptscheme
INFO: Marking loose concept http://www.yso.fi/onto/yso/p4151 as top concept of scheme http://www.yso.fi/onto/ekso/deprecatedconceptscheme
INFO: Marking loose concept http://www.yso.fi/onto/yso/p4162 as top concept of scheme http://www.yso.fi/onto/ekso/deprecatedconceptscheme
INFO: Marking loose concept http://www.yso.fi/onto/yso/p4172 as top concept of scheme http://www.yso.fi/onto/ekso/deprecatedconceptscheme
INFO: Marking loose concept http://www.yso.fi/onto/yso/p4178 as top concept of scheme http://www.yso.fi/onto/ekso/deprecatedconceptscheme
INFO: Marking loose concept http://www.yso.fi/onto/yso/p4184 as top concept of scheme http://www.yso.fi/onto/ekso/deprecatedconceptscheme
INFO: Marking loose concept http://www.yso.fi/onto/yso/p4188 as top concept of scheme http://www.yso.fi/onto/ekso/deprecatedconceptscheme
INFO: Marking loose concept http://www.yso.fi/onto/yso/p4199 as top concept of scheme http://www.yso.fi/onto/ekso/deprecatedconceptscheme
INFO: Marking loose concept http://www.yso.fi/onto/yso/p42 as top concept of scheme http://www.yso.fi/onto/ekso/deprecatedconceptscheme
INFO: Marking loose concept http://www.yso.fi/onto/yso/p4204 as top concept of scheme http://www.yso.fi/onto/ekso/deprecatedconceptscheme
INFO: Marking loose concept http://www.yso.fi/onto/yso/p423 as top concept of scheme http://www.yso.fi/onto/ekso/deprecatedconceptscheme
INFO: Marking loose concept http://www.yso.fi/onto/yso/p424 as top concept of scheme http://www.yso.fi/onto/ekso/deprecatedconceptscheme
INFO: Marking loose concept http://www.yso.fi/onto/yso/p4246 as top concept of scheme http://www.yso.fi/onto/ekso/deprecatedconceptscheme
INFO: Marking loose concept http://www.yso.fi/onto/yso/p4269 as top concept of scheme http://www.yso.fi/onto/ekso/deprecatedconceptscheme
INFO: Marking loose concept http://www.yso.fi/onto/yso/p4308 as top concept of scheme http://www.yso.fi/onto/ekso/deprecatedconceptscheme
INFO: Marking loose concept http://www.yso.fi/onto/yso/p4309 as top concept of scheme http://www.yso.fi/onto/ekso/deprecatedconceptscheme
INFO: Marking loose concept http://www.yso.fi/onto/yso/p4312 as top concept of scheme http://www.yso.fi/onto/ekso/deprecatedconceptscheme
INFO: Marking loose concept http://www.yso.fi/onto/yso/p4322 as top concept of scheme http://www.yso.fi/onto/ekso/deprecatedconceptscheme
INFO: Marking loose concept http://www.yso.fi/onto/yso/p4338 as top concept of scheme http://www.yso.fi/onto/ekso/deprecatedconceptscheme
INFO: Marking loose concept http://www.yso.fi/onto/yso/p4385 as top concept of scheme http://www.yso.fi/onto/ekso/deprecatedconceptscheme
INFO: Marking loose concept http://www.yso.fi/onto/yso/p4389 as top concept of scheme http://www.yso.fi/onto/ekso/deprecatedconceptscheme
INFO: Marking loose concept http://www.yso.fi/onto/yso/p4414 as top concept of scheme http://www.yso.fi/onto/ekso/deprecatedconceptscheme
INFO: Marking loose concept http://www.yso.fi/onto/yso/p4425 as top concept of scheme http://www.yso.fi/onto/ekso/deprecatedconceptscheme
INFO: Marking loose concept http://www.yso.fi/onto/yso/p4428 as top concept of scheme http://www.yso.fi/onto/ekso/deprecatedconceptscheme
INFO: Marking loose concept http://www.yso.fi/onto/yso/p4431 as top concept of scheme http://www.yso.fi/onto/ekso/deprecatedconceptscheme
INFO: Marking loose concept http://www.yso.fi/onto/yso/p4436 as top concept of scheme http://www.yso.fi/onto/ekso/deprecatedconceptscheme
INFO: Marking loose concept http://www.yso.fi/onto/yso/p445 as top concept of scheme http://www.yso.fi/onto/ekso/deprecatedconceptscheme
INFO: Marking loose concept http://www.yso.fi/onto/yso/p4458 as top concept of scheme http://www.yso.fi/onto/ekso/deprecatedconceptscheme
INFO: Marking loose concept http://www.yso.fi/onto/yso/p4459 as top concept of scheme http://www.yso.fi/onto/ekso/deprecatedconceptscheme
INFO: Marking loose concept http://www.yso.fi/onto/yso/p4467 as top concept of scheme http://www.yso.fi/onto/ekso/deprecatedconceptscheme
INFO: Marking loose concept http://www.yso.fi/onto/yso/p4474 as top concept of scheme http://www.yso.fi/onto/ekso/deprecatedconceptscheme
INFO: Marking loose concept http://www.yso.fi/onto/yso/p449 as top concept of scheme http://www.yso.fi/onto/ekso/deprecatedconceptscheme
INFO: Marking loose concept http://www.yso.fi/onto/yso/p4497 as top concept of scheme http://www.yso.fi/onto/ekso/deprecatedconceptscheme
INFO: Marking loose concept http://www.yso.fi/onto/yso/p4533 as top concept of scheme http://www.yso.fi/onto/ekso/deprecatedconceptscheme
INFO: Marking loose concept http://www.yso.fi/onto/yso/p4563 as top concept of scheme http://www.yso.fi/onto/ekso/deprecatedconceptscheme
INFO: Marking loose concept http://www.yso.fi/onto/yso/p4566 as top concept of scheme http://www.yso.fi/onto/ekso/deprecatedconceptscheme
INFO: Marking loose concept http://www.yso.fi/onto/yso/p4573 as top concept of scheme http://www.yso.fi/onto/ekso/deprecatedconceptscheme
INFO: Marking loose concept http://www.yso.fi/onto/yso/p4578 as top concept of scheme http://www.yso.fi/onto/ekso/deprecatedconceptscheme
INFO: Marking loose concept http://www.yso.fi/onto/yso/p4580 as top concept of scheme http://www.yso.fi/onto/ekso/deprecatedconceptscheme
INFO: Marking loose concept http://www.yso.fi/onto/yso/p4590 as top concept of scheme http://www.yso.fi/onto/ekso/deprecatedconceptscheme
INFO: Marking loose concept http://www.yso.fi/onto/yso/p4596 as top concept of scheme http://www.yso.fi/onto/ekso/deprecatedconceptscheme
INFO: Marking loose concept http://www.yso.fi/onto/yso/p4605 as top concept of scheme http://www.yso.fi/onto/ekso/deprecatedconceptscheme
INFO: Marking loose concept http://www.yso.fi/onto/yso/p4608 as top concept of scheme http://www.yso.fi/onto/ekso/deprecatedconceptscheme
INFO: Marking loose concept http://www.yso.fi/onto/yso/p464 as top concept of scheme http://www.yso.fi/onto/ekso/deprecatedconceptscheme
INFO: Marking loose concept http://www.yso.fi/onto/yso/p465 as top concept of scheme http://www.yso.fi/onto/ekso/deprecatedconceptscheme
INFO: Marking loose concept http://www.yso.fi/onto/yso/p4671 as top concept of scheme http://www.yso.fi/onto/ekso/deprecatedconceptscheme
INFO: Marking loose concept http://www.yso.fi/onto/yso/p4681 as top concept of scheme http://www.yso.fi/onto/ekso/deprecatedconceptscheme
INFO: Marking loose concept http://www.yso.fi/onto/yso/p470 as top concept of scheme http://www.yso.fi/onto/ekso/deprecatedconceptscheme
INFO: Marking loose concept http://www.yso.fi/onto/yso/p4720 as top concept of scheme http://www.yso.fi/onto/ekso/deprecatedconceptscheme
INFO: Marking loose concept http://www.yso.fi/onto/yso/p4721 as top concept of scheme http://www.yso.fi/onto/ekso/deprecatedconceptscheme
INFO: Marking loose concept http://www.yso.fi/onto/yso/p4753 as top concept of scheme http://www.yso.fi/onto/ekso/deprecatedconceptscheme
INFO: Marking loose concept http://www.yso.fi/onto/yso/p4811 as top concept of scheme http://www.yso.fi/onto/ekso/deprecatedconceptscheme
INFO: Marking loose concept http://www.yso.fi/onto/yso/p4813 as top concept of scheme http://www.yso.fi/onto/ekso/deprecatedconceptscheme
INFO: Marking loose concept http://www.yso.fi/onto/yso/p4830 as top concept of scheme http://www.yso.fi/onto/ekso/deprecatedconceptscheme
INFO: Marking loose concept http://www.yso.fi/onto/yso/p4838 as top concept of scheme http://www.yso.fi/onto/ekso/deprecatedconceptscheme
INFO: Marking loose concept http://www.yso.fi/onto/yso/p484 as top concept of scheme http://www.yso.fi/onto/ekso/deprecatedconceptscheme
INFO: Marking loose concept http://www.yso.fi/onto/yso/p4850 as top concept of scheme http://www.yso.fi/onto/ekso/deprecatedconceptscheme
INFO: Marking loose concept http://www.yso.fi/onto/yso/p4861 as top concept of scheme http://www.yso.fi/onto/ekso/deprecatedconceptscheme
INFO: Marking loose concept http://www.yso.fi/onto/yso/p4904 as top concept of scheme http://www.yso.fi/onto/ekso/deprecatedconceptscheme
INFO: Marking loose concept http://www.yso.fi/onto/yso/p497 as top concept of scheme http://www.yso.fi/onto/ekso/deprecatedconceptscheme
INFO: Marking loose concept http://www.yso.fi/onto/yso/p4990 as top concept of scheme http://www.yso.fi/onto/ekso/deprecatedconceptscheme
INFO: Marking loose concept http://www.yso.fi/onto/yso/p5002 as top concept of scheme http://www.yso.fi/onto/ekso/deprecatedconceptscheme
INFO: Marking loose concept http://www.yso.fi/onto/yso/p5050 as top concept of scheme http://www.yso.fi/onto/ekso/deprecatedconceptscheme
INFO: Marking loose concept http://www.yso.fi/onto/yso/p5073 as top concept of scheme http://www.yso.fi/onto/ekso/deprecatedconceptscheme
INFO: Marking loose concept http://www.yso.fi/onto/yso/p5077 as top concept of scheme http://www.yso.fi/onto/ekso/deprecatedconceptscheme
INFO: Marking loose concept http://www.yso.fi/onto/yso/p5090 as top concept of scheme http://www.yso.fi/onto/ekso/deprecatedconceptscheme
INFO: Marking loose concept http://www.yso.fi/onto/yso/p5093 as top concept of scheme http://www.yso.fi/onto/ekso/deprecatedconceptscheme
INFO: Marking loose concept http://www.yso.fi/onto/yso/p5119 as top concept of scheme http://www.yso.fi/onto/ekso/deprecatedconceptscheme
INFO: Marking loose concept http://www.yso.fi/onto/yso/p5133 as top concept of scheme http://www.yso.fi/onto/ekso/deprecatedconceptscheme
INFO: Marking loose concept http://www.yso.fi/onto/yso/p5136 as top concept of scheme http://www.yso.fi/onto/ekso/deprecatedconceptscheme
INFO: Marking loose concept http://www.yso.fi/onto/yso/p5143 as top concept of scheme http://www.yso.fi/onto/ekso/deprecatedconceptscheme
INFO: Marking loose concept http://www.yso.fi/onto/yso/p5162 as top concept of scheme http://www.yso.fi/onto/ekso/deprecatedconceptscheme
INFO: Marking loose concept http://www.yso.fi/onto/yso/p5163 as top concept of scheme http://www.yso.fi/onto/ekso/deprecatedconceptscheme
INFO: Marking loose concept http://www.yso.fi/onto/yso/p5180 as top concept of scheme http://www.yso.fi/onto/ekso/deprecatedconceptscheme
INFO: Marking loose concept http://www.yso.fi/onto/yso/p5185 as top concept of scheme http://www.yso.fi/onto/ekso/deprecatedconceptscheme
INFO: Marking loose concept http://www.yso.fi/onto/yso/p5193 as top concept of scheme http://www.yso.fi/onto/ekso/deprecatedconceptscheme
INFO: Marking loose concept http://www.yso.fi/onto/yso/p5195 as top concept of scheme http://www.yso.fi/onto/ekso/deprecatedconceptscheme
INFO: Marking loose concept http://www.yso.fi/onto/yso/p52 as top concept of scheme http://www.yso.fi/onto/ekso/deprecatedconceptscheme
INFO: Marking loose concept http://www.yso.fi/onto/yso/p520 as top concept of scheme http://www.yso.fi/onto/ekso/deprecatedconceptscheme
INFO: Marking loose concept http://www.yso.fi/onto/yso/p524 as top concept of scheme http://www.yso.fi/onto/ekso/deprecatedconceptscheme
INFO: Marking loose concept http://www.yso.fi/onto/yso/p5242 as top concept of scheme http://www.yso.fi/onto/ekso/deprecatedconceptscheme
INFO: Marking loose concept http://www.yso.fi/onto/yso/p5262 as top concept of scheme http://www.yso.fi/onto/ekso/deprecatedconceptscheme
INFO: Marking loose concept http://www.yso.fi/onto/yso/p5282 as top concept of scheme http://www.yso.fi/onto/ekso/deprecatedconceptscheme
INFO: Marking loose concept http://www.yso.fi/onto/yso/p5283 as top concept of scheme http://www.yso.fi/onto/ekso/deprecatedconceptscheme
INFO: Marking loose concept http://www.yso.fi/onto/yso/p5308 as top concept of scheme http://www.yso.fi/onto/ekso/deprecatedconceptscheme
INFO: Marking loose concept http://www.yso.fi/onto/yso/p5324 as top concept of scheme http://www.yso.fi/onto/ekso/deprecatedconceptscheme
INFO: Marking loose concept http://www.yso.fi/onto/yso/p5330 as top concept of scheme http://www.yso.fi/onto/ekso/deprecatedconceptscheme
INFO: Marking loose concept http://www.yso.fi/onto/yso/p5339 as top concept of scheme http://www.yso.fi/onto/ekso/deprecatedconceptscheme
INFO: Marking loose concept http://www.yso.fi/onto/yso/p5341 as top concept of scheme http://www.yso.fi/onto/ekso/deprecatedconceptscheme
INFO: Marking loose concept http://www.yso.fi/onto/yso/p5345 as top concept of scheme http://www.yso.fi/onto/ekso/deprecatedconceptscheme
INFO: Marking loose concept http://www.yso.fi/onto/yso/p5373 as top concept of scheme http://www.yso.fi/onto/ekso/deprecatedconceptscheme
INFO: Marking loose concept http://www.yso.fi/onto/yso/p5382 as top concept of scheme http://www.yso.fi/onto/ekso/deprecatedconceptscheme
INFO: Marking loose concept http://www.yso.fi/onto/yso/p5397 as top concept of scheme http://www.yso.fi/onto/ekso/deprecatedconceptscheme
INFO: Marking loose concept http://www.yso.fi/onto/yso/p54 as top concept of scheme http://www.yso.fi/onto/ekso/deprecatedconceptscheme
INFO: Marking loose concept http://www.yso.fi/onto/yso/p5403 as top concept of scheme http://www.yso.fi/onto/ekso/deprecatedconceptscheme
INFO: Marking loose concept http://www.yso.fi/onto/yso/p5408 as top concept of scheme http://www.yso.fi/onto/ekso/deprecatedconceptscheme
INFO: Marking loose concept http://www.yso.fi/onto/yso/p541 as top concept of scheme http://www.yso.fi/onto/ekso/deprecatedconceptscheme
INFO: Marking loose concept http://www.yso.fi/onto/yso/p5416 as top concept of scheme http://www.yso.fi/onto/ekso/deprecatedconceptscheme
INFO: Marking loose concept http://www.yso.fi/onto/yso/p5427 as top concept of scheme http://www.yso.fi/onto/ekso/deprecatedconceptscheme
INFO: Marking loose concept http://www.yso.fi/onto/yso/p5428 as top concept of scheme http://www.yso.fi/onto/ekso/deprecatedconceptscheme
INFO: Marking loose concept http://www.yso.fi/onto/yso/p5432 as top concept of scheme http://www.yso.fi/onto/ekso/deprecatedconceptscheme
INFO: Marking loose concept http://www.yso.fi/onto/yso/p5440 as top concept of scheme http://www.yso.fi/onto/ekso/deprecatedconceptscheme
INFO: Marking loose concept http://www.yso.fi/onto/yso/p5442 as top concept of scheme http://www.yso.fi/onto/ekso/deprecatedconceptscheme
INFO: Marking loose concept http://www.yso.fi/onto/yso/p545 as top concept of scheme http://www.yso.fi/onto/ekso/deprecatedconceptscheme
INFO: Marking loose concept http://www.yso.fi/onto/yso/p5466 as top concept of scheme http://www.yso.fi/onto/ekso/deprecatedconceptscheme
INFO: Marking loose concept http://www.yso.fi/onto/yso/p5474 as top concept of scheme http://www.yso.fi/onto/ekso/deprecatedconceptscheme
INFO: Marking loose concept http://www.yso.fi/onto/yso/p5494 as top concept of scheme http://www.yso.fi/onto/ekso/deprecatedconceptscheme
INFO: Marking loose concept http://www.yso.fi/onto/yso/p5516 as top concept of scheme http://www.yso.fi/onto/ekso/deprecatedconceptscheme
INFO: Marking loose concept http://www.yso.fi/onto/yso/p5524 as top concept of scheme http://www.yso.fi/onto/ekso/deprecatedconceptscheme
INFO: Marking loose concept http://www.yso.fi/onto/yso/p5532 as top concept of scheme http://www.yso.fi/onto/ekso/deprecatedconceptscheme
INFO: Marking loose concept http://www.yso.fi/onto/yso/p5537 as top concept of scheme http://www.yso.fi/onto/ekso/deprecatedconceptscheme
INFO: Marking loose concept http://www.yso.fi/onto/yso/p5545 as top concept of scheme http://www.yso.fi/onto/ekso/deprecatedconceptscheme
INFO: Marking loose concept http://www.yso.fi/onto/yso/p5559 as top concept of scheme http://www.yso.fi/onto/ekso/deprecatedconceptscheme
INFO: Marking loose concept http://www.yso.fi/onto/yso/p5565 as top concept of scheme http://www.yso.fi/onto/ekso/deprecatedconceptscheme
INFO: Marking loose concept http://www.yso.fi/onto/yso/p5596 as top concept of scheme http://www.yso.fi/onto/ekso/deprecatedconceptscheme
INFO: Marking loose concept http://www.yso.fi/onto/yso/p5637 as top concept of scheme http://www.yso.fi/onto/ekso/deprecatedconceptscheme
INFO: Marking loose concept http://www.yso.fi/onto/yso/p5661 as top concept of scheme http://www.yso.fi/onto/ekso/deprecatedconceptscheme
INFO: Marking loose concept http://www.yso.fi/onto/yso/p5665 as top concept of scheme http://www.yso.fi/onto/ekso/deprecatedconceptscheme
INFO: Marking loose concept http://www.yso.fi/onto/yso/p5669 as top concept of scheme http://www.yso.fi/onto/ekso/deprecatedconceptscheme
INFO: Marking loose concept http://www.yso.fi/onto/yso/p5680 as top concept of scheme http://www.yso.fi/onto/ekso/deprecatedconceptscheme
INFO: Marking loose concept http://www.yso.fi/onto/yso/p5685 as top concept of scheme http://www.yso.fi/onto/ekso/deprecatedconceptscheme
INFO: Marking loose concept http://www.yso.fi/onto/yso/p5718 as top concept of scheme http://www.yso.fi/onto/ekso/deprecatedconceptscheme
INFO: Marking loose concept http://www.yso.fi/onto/yso/p5802 as top concept of scheme http://www.yso.fi/onto/ekso/deprecatedconceptscheme
INFO: Marking loose concept http://www.yso.fi/onto/yso/p5818 as top concept of scheme http://www.yso.fi/onto/ekso/deprecatedconceptscheme
INFO: Marking loose concept http://www.yso.fi/onto/yso/p5820 as top concept of scheme http://www.yso.fi/onto/ekso/deprecatedconceptscheme
INFO: Marking loose concept http://www.yso.fi/onto/yso/p5829 as top concept of scheme http://www.yso.fi/onto/ekso/deprecatedconceptscheme
INFO: Marking loose concept http://www.yso.fi/onto/yso/p5833 as top concept of scheme http://www.yso.fi/onto/ekso/deprecatedconceptscheme
INFO: Marking loose concept http://www.yso.fi/onto/yso/p5842 as top concept of scheme http://www.yso.fi/onto/ekso/deprecatedconceptscheme
INFO: Marking loose concept http://www.yso.fi/onto/yso/p5843 as top concept of scheme http://www.yso.fi/onto/ekso/deprecatedconceptscheme
INFO: Marking loose concept http://www.yso.fi/onto/yso/p5851 as top concept of scheme http://www.yso.fi/onto/ekso/deprecatedconceptscheme
INFO: Marking loose concept http://www.yso.fi/onto/yso/p5875 as top concept of scheme http://www.yso.fi/onto/ekso/deprecatedconceptscheme
INFO: Marking loose concept http://www.yso.fi/onto/yso/p5906 as top concept of scheme http://www.yso.fi/onto/ekso/deprecatedconceptscheme
INFO: Marking loose concept http://www.yso.fi/onto/yso/p5956 as top concept of scheme http://www.yso.fi/onto/ekso/deprecatedconceptscheme
INFO: Marking loose concept http://www.yso.fi/onto/yso/p596 as top concept of scheme http://www.yso.fi/onto/ekso/deprecatedconceptscheme
INFO: Marking loose concept http://www.yso.fi/onto/yso/p60 as top concept of scheme http://www.yso.fi/onto/ekso/deprecatedconceptscheme
INFO: Marking loose concept http://www.yso.fi/onto/yso/p6012 as top concept of scheme http://www.yso.fi/onto/ekso/deprecatedconceptscheme
INFO: Marking loose concept http://www.yso.fi/onto/yso/p6024 as top concept of scheme http://www.yso.fi/onto/ekso/deprecatedconceptscheme
INFO: Marking loose concept http://www.yso.fi/onto/yso/p603 as top concept of scheme http://www.yso.fi/onto/ekso/deprecatedconceptscheme
INFO: Marking loose concept http://www.yso.fi/onto/yso/p6051 as top concept of scheme http://www.yso.fi/onto/ekso/deprecatedconceptscheme
INFO: Marking loose concept http://www.yso.fi/onto/yso/p6053 as top concept of scheme http://www.yso.fi/onto/ekso/deprecatedconceptscheme
INFO: Marking loose concept http://www.yso.fi/onto/yso/p6084 as top concept of scheme http://www.yso.fi/onto/ekso/deprecatedconceptscheme
INFO: Marking loose concept http://www.yso.fi/onto/yso/p613 as top concept of scheme http://www.yso.fi/onto/ekso/deprecatedconceptscheme
INFO: Marking loose concept http://www.yso.fi/onto/yso/p6136 as top concept of scheme http://www.yso.fi/onto/ekso/deprecatedconceptscheme
INFO: Marking loose concept http://www.yso.fi/onto/yso/p614 as top concept of scheme http://www.yso.fi/onto/ekso/deprecatedconceptscheme
INFO: Marking loose concept http://www.yso.fi/onto/yso/p6143 as top concept of scheme http://www.yso.fi/onto/ekso/deprecatedconceptscheme
INFO: Marking loose concept http://www.yso.fi/onto/yso/p6155 as top concept of scheme http://www.yso.fi/onto/ekso/deprecatedconceptscheme
INFO: Marking loose concept http://www.yso.fi/onto/yso/p6208 as top concept of scheme http://www.yso.fi/onto/ekso/deprecatedconceptscheme
INFO: Marking loose concept http://www.yso.fi/onto/yso/p621 as top concept of scheme http://www.yso.fi/onto/ekso/deprecatedconceptscheme
INFO: Marking loose concept http://www.yso.fi/onto/yso/p6216 as top concept of scheme http://www.yso.fi/onto/ekso/deprecatedconceptscheme
INFO: Marking loose concept http://www.yso.fi/onto/yso/p6242 as top concept of scheme http://www.yso.fi/onto/ekso/deprecatedconceptscheme
INFO: Marking loose concept http://www.yso.fi/onto/yso/p6320 as top concept of scheme http://www.yso.fi/onto/ekso/deprecatedconceptscheme
INFO: Marking loose concept http://www.yso.fi/onto/yso/p6327 as top concept of scheme http://www.yso.fi/onto/ekso/deprecatedconceptscheme
INFO: Marking loose concept http://www.yso.fi/onto/yso/p6342 as top concept of scheme http://www.yso.fi/onto/ekso/deprecatedconceptscheme
INFO: Marking loose concept http://www.yso.fi/onto/yso/p6347 as top concept of scheme http://www.yso.fi/onto/ekso/deprecatedconceptscheme
INFO: Marking loose concept http://www.yso.fi/onto/yso/p6368 as top concept of scheme http://www.yso.fi/onto/ekso/deprecatedconceptscheme
INFO: Marking loose concept http://www.yso.fi/onto/yso/p6370 as top concept of scheme http://www.yso.fi/onto/ekso/deprecatedconceptscheme
INFO: Marking loose concept http://www.yso.fi/onto/yso/p6397 as top concept of scheme http://www.yso.fi/onto/ekso/deprecatedconceptscheme
INFO: Marking loose concept http://www.yso.fi/onto/yso/p6403 as top concept of scheme http://www.yso.fi/onto/ekso/deprecatedconceptscheme
INFO: Marking loose concept http://www.yso.fi/onto/yso/p641 as top concept of scheme http://www.yso.fi/onto/ekso/deprecatedconceptscheme
INFO: Marking loose concept http://www.yso.fi/onto/yso/p6415 as top concept of scheme http://www.yso.fi/onto/ekso/deprecatedconceptscheme
INFO: Marking loose concept http://www.yso.fi/onto/yso/p6420 as top concept of scheme http://www.yso.fi/onto/ekso/deprecatedconceptscheme
INFO: Marking loose concept http://www.yso.fi/onto/yso/p6429 as top concept of scheme http://www.yso.fi/onto/ekso/deprecatedconceptscheme
INFO: Marking loose concept http://www.yso.fi/onto/yso/p6434 as top concept of scheme http://www.yso.fi/onto/ekso/deprecatedconceptscheme
INFO: Marking loose concept http://www.yso.fi/onto/yso/p6437 as top concept of scheme http://www.yso.fi/onto/ekso/deprecatedconceptscheme
INFO: Marking loose concept http://www.yso.fi/onto/yso/p6465 as top concept of scheme http://www.yso.fi/onto/ekso/deprecatedconceptscheme
INFO: Marking loose concept http://www.yso.fi/onto/yso/p6466 as top concept of scheme http://www.yso.fi/onto/ekso/deprecatedconceptscheme
INFO: Marking loose concept http://www.yso.fi/onto/yso/p648 as top concept of scheme http://www.yso.fi/onto/ekso/deprecatedconceptscheme
INFO: Marking loose concept http://www.yso.fi/onto/yso/p649 as top concept of scheme http://www.yso.fi/onto/ekso/deprecatedconceptscheme
INFO: Marking loose concept http://www.yso.fi/onto/yso/p6495 as top concept of scheme http://www.yso.fi/onto/ekso/deprecatedconceptscheme
INFO: Marking loose concept http://www.yso.fi/onto/yso/p6496 as top concept of scheme http://www.yso.fi/onto/ekso/deprecatedconceptscheme
INFO: Marking loose concept http://www.yso.fi/onto/yso/p6519 as top concept of scheme http://www.yso.fi/onto/ekso/deprecatedconceptscheme
INFO: Marking loose concept http://www.yso.fi/onto/yso/p652 as top concept of scheme http://www.yso.fi/onto/ekso/deprecatedconceptscheme
INFO: Marking loose concept http://www.yso.fi/onto/yso/p653 as top concept of scheme http://www.yso.fi/onto/ekso/deprecatedconceptscheme
INFO: Marking loose concept http://www.yso.fi/onto/yso/p6531 as top concept of scheme http://www.yso.fi/onto/ekso/deprecatedconceptscheme
INFO: Marking loose concept http://www.yso.fi/onto/yso/p6535 as top concept of scheme http://www.yso.fi/onto/ekso/deprecatedconceptscheme
INFO: Marking loose concept http://www.yso.fi/onto/yso/p6544 as top concept of scheme http://www.yso.fi/onto/ekso/deprecatedconceptscheme
INFO: Marking loose concept http://www.yso.fi/onto/yso/p656 as top concept of scheme http://www.yso.fi/onto/ekso/deprecatedconceptscheme
INFO: Marking loose concept http://www.yso.fi/onto/yso/p6561 as top concept of scheme http://www.yso.fi/onto/ekso/deprecatedconceptscheme
INFO: Marking loose concept http://www.yso.fi/onto/yso/p6567 as top concept of scheme http://www.yso.fi/onto/ekso/deprecatedconceptscheme
INFO: Marking loose concept http://www.yso.fi/onto/yso/p6573 as top concept of scheme http://www.yso.fi/onto/ekso/deprecatedconceptscheme
INFO: Marking loose concept http://www.yso.fi/onto/yso/p6574 as top concept of scheme http://www.yso.fi/onto/ekso/deprecatedconceptscheme
INFO: Marking loose concept http://www.yso.fi/onto/yso/p6590 as top concept of scheme http://www.yso.fi/onto/ekso/deprecatedconceptscheme
INFO: Marking loose concept http://www.yso.fi/onto/yso/p6615 as top concept of scheme http://www.yso.fi/onto/ekso/deprecatedconceptscheme
INFO: Marking loose concept http://www.yso.fi/onto/yso/p6637 as top concept of scheme http://www.yso.fi/onto/ekso/deprecatedconceptscheme
INFO: Marking loose concept http://www.yso.fi/onto/yso/p6650 as top concept of scheme http://www.yso.fi/onto/ekso/deprecatedconceptscheme
INFO: Marking loose concept http://www.yso.fi/onto/yso/p669 as top concept of scheme http://www.yso.fi/onto/ekso/deprecatedconceptscheme
INFO: Marking loose concept http://www.yso.fi/onto/yso/p673 as top concept of scheme http://www.yso.fi/onto/ekso/deprecatedconceptscheme
INFO: Marking loose concept http://www.yso.fi/onto/yso/p6764 as top concept of scheme http://www.yso.fi/onto/ekso/deprecatedconceptscheme
INFO: Marking loose concept http://www.yso.fi/onto/yso/p6773 as top concept of scheme http://www.yso.fi/onto/ekso/deprecatedconceptscheme
INFO: Marking loose concept http://www.yso.fi/onto/yso/p6774 as top concept of scheme http://www.yso.fi/onto/ekso/deprecatedconceptscheme
INFO: Marking loose concept http://www.yso.fi/onto/yso/p6782 as top concept of scheme http://www.yso.fi/onto/ekso/deprecatedconceptscheme
INFO: Marking loose concept http://www.yso.fi/onto/yso/p6831 as top concept of scheme http://www.yso.fi/onto/ekso/deprecatedconceptscheme
INFO: Marking loose concept http://www.yso.fi/onto/yso/p6843 as top concept of scheme http://www.yso.fi/onto/ekso/deprecatedconceptscheme
INFO: Marking loose concept http://www.yso.fi/onto/yso/p6853 as top concept of scheme http://www.yso.fi/onto/ekso/deprecatedconceptscheme
INFO: Marking loose concept http://www.yso.fi/onto/yso/p6863 as top concept of scheme http://www.yso.fi/onto/ekso/deprecatedconceptscheme
INFO: Marking loose concept http://www.yso.fi/onto/yso/p6881 as top concept of scheme http://www.yso.fi/onto/ekso/deprecatedconceptscheme
INFO: Marking loose concept http://www.yso.fi/onto/yso/p6883 as top concept of scheme http://www.yso.fi/onto/ekso/deprecatedconceptscheme
INFO: Marking loose concept http://www.yso.fi/onto/yso/p689 as top concept of scheme http://www.yso.fi/onto/ekso/deprecatedconceptscheme
INFO: Marking loose concept http://www.yso.fi/onto/yso/p6912 as top concept of scheme http://www.yso.fi/onto/ekso/deprecatedconceptscheme
INFO: Marking loose concept http://www.yso.fi/onto/yso/p6954 as top concept of scheme http://www.yso.fi/onto/ekso/deprecatedconceptscheme
INFO: Marking loose concept http://www.yso.fi/onto/yso/p6995 as top concept of scheme http://www.yso.fi/onto/ekso/deprecatedconceptscheme
INFO: Marking loose concept http://www.yso.fi/onto/yso/p7018 as top concept of scheme http://www.yso.fi/onto/ekso/deprecatedconceptscheme
INFO: Marking loose concept http://www.yso.fi/onto/yso/p7022 as top concept of scheme http://www.yso.fi/onto/ekso/deprecatedconceptscheme
INFO: Marking loose concept http://www.yso.fi/onto/yso/p703 as top concept of scheme http://www.yso.fi/onto/ekso/deprecatedconceptscheme
INFO: Marking loose concept http://www.yso.fi/onto/yso/p7030 as top concept of scheme http://www.yso.fi/onto/ekso/deprecatedconceptscheme
INFO: Marking loose concept http://www.yso.fi/onto/yso/p7031 as top concept of scheme http://www.yso.fi/onto/ekso/deprecatedconceptscheme
INFO: Marking loose concept http://www.yso.fi/onto/yso/p7036 as top concept of scheme http://www.yso.fi/onto/ekso/deprecatedconceptscheme
INFO: Marking loose concept http://www.yso.fi/onto/yso/p7038 as top concept of scheme http://www.yso.fi/onto/ekso/deprecatedconceptscheme
INFO: Marking loose concept http://www.yso.fi/onto/yso/p707 as top concept of scheme http://www.yso.fi/onto/ekso/deprecatedconceptscheme
INFO: Marking loose concept http://www.yso.fi/onto/yso/p7168 as top concept of scheme http://www.yso.fi/onto/ekso/deprecatedconceptscheme
INFO: Marking loose concept http://www.yso.fi/onto/yso/p7176 as top concept of scheme http://www.yso.fi/onto/ekso/deprecatedconceptscheme
INFO: Marking loose concept http://www.yso.fi/onto/yso/p7203 as top concept of scheme http://www.yso.fi/onto/ekso/deprecatedconceptscheme
INFO: Marking loose concept http://www.yso.fi/onto/yso/p721 as top concept of scheme http://www.yso.fi/onto/ekso/deprecatedconceptscheme
INFO: Marking loose concept http://www.yso.fi/onto/yso/p7212 as top concept of scheme http://www.yso.fi/onto/ekso/deprecatedconceptscheme
INFO: Marking loose concept http://www.yso.fi/onto/yso/p7227 as top concept of scheme http://www.yso.fi/onto/ekso/deprecatedconceptscheme
INFO: Marking loose concept http://www.yso.fi/onto/yso/p7246 as top concept of scheme http://www.yso.fi/onto/ekso/deprecatedconceptscheme
INFO: Marking loose concept http://www.yso.fi/onto/yso/p7251 as top concept of scheme http://www.yso.fi/onto/ekso/deprecatedconceptscheme
INFO: Marking loose concept http://www.yso.fi/onto/yso/p7262 as top concept of scheme http://www.yso.fi/onto/ekso/deprecatedconceptscheme
INFO: Marking loose concept http://www.yso.fi/onto/yso/p7284 as top concept of scheme http://www.yso.fi/onto/ekso/deprecatedconceptscheme
INFO: Marking loose concept http://www.yso.fi/onto/yso/p7305 as top concept of scheme http://www.yso.fi/onto/ekso/deprecatedconceptscheme
INFO: Marking loose concept http://www.yso.fi/onto/yso/p7317 as top concept of scheme http://www.yso.fi/onto/ekso/deprecatedconceptscheme
INFO: Marking loose concept http://www.yso.fi/onto/yso/p7329 as top concept of scheme http://www.yso.fi/onto/ekso/deprecatedconceptscheme
INFO: Marking loose concept http://www.yso.fi/onto/yso/p733 as top concept of scheme http://www.yso.fi/onto/ekso/deprecatedconceptscheme
INFO: Marking loose concept http://www.yso.fi/onto/yso/p7341 as top concept of scheme http://www.yso.fi/onto/ekso/deprecatedconceptscheme
INFO: Marking loose concept http://www.yso.fi/onto/yso/p7353 as top concept of scheme http://www.yso.fi/onto/ekso/deprecatedconceptscheme
INFO: Marking loose concept http://www.yso.fi/onto/yso/p7355 as top concept of scheme http://www.yso.fi/onto/ekso/deprecatedconceptscheme
INFO: Marking loose concept http://www.yso.fi/onto/yso/p7361 as top concept of scheme http://www.yso.fi/onto/ekso/deprecatedconceptscheme
INFO: Marking loose concept http://www.yso.fi/onto/yso/p7364 as top concept of scheme http://www.yso.fi/onto/ekso/deprecatedconceptscheme
INFO: Marking loose concept http://www.yso.fi/onto/yso/p7365 as top concept of scheme http://www.yso.fi/onto/ekso/deprecatedconceptscheme
INFO: Marking loose concept http://www.yso.fi/onto/yso/p7374 as top concept of scheme http://www.yso.fi/onto/ekso/deprecatedconceptscheme
INFO: Marking loose concept http://www.yso.fi/onto/yso/p7386 as top concept of scheme http://www.yso.fi/onto/ekso/deprecatedconceptscheme
INFO: Marking loose concept http://www.yso.fi/onto/yso/p7387 as top concept of scheme http://www.yso.fi/onto/ekso/deprecatedconceptscheme
INFO: Marking loose concept http://www.yso.fi/onto/yso/p7388 as top concept of scheme http://www.yso.fi/onto/ekso/deprecatedconceptscheme
INFO: Marking loose concept http://www.yso.fi/onto/yso/p7392 as top concept of scheme http://www.yso.fi/onto/ekso/deprecatedconceptscheme
INFO: Marking loose concept http://www.yso.fi/onto/yso/p7402 as top concept of scheme http://www.yso.fi/onto/ekso/deprecatedconceptscheme
INFO: Marking loose concept http://www.yso.fi/onto/yso/p7411 as top concept of scheme http://www.yso.fi/onto/ekso/deprecatedconceptscheme
INFO: Marking loose concept http://www.yso.fi/onto/yso/p7412 as top concept of scheme http://www.yso.fi/onto/ekso/deprecatedconceptscheme
INFO: Marking loose concept http://www.yso.fi/onto/yso/p7414 as top concept of scheme http://www.yso.fi/onto/ekso/deprecatedconceptscheme
INFO: Marking loose concept http://www.yso.fi/onto/yso/p7471 as top concept of scheme http://www.yso.fi/onto/ekso/deprecatedconceptscheme
INFO: Marking loose concept http://www.yso.fi/onto/yso/p748 as top concept of scheme http://www.yso.fi/onto/ekso/deprecatedconceptscheme
INFO: Marking loose concept http://www.yso.fi/onto/yso/p749 as top concept of scheme http://www.yso.fi/onto/ekso/deprecatedconceptscheme
INFO: Marking loose concept http://www.yso.fi/onto/yso/p7538 as top concept of scheme http://www.yso.fi/onto/ekso/deprecatedconceptscheme
INFO: Marking loose concept http://www.yso.fi/onto/yso/p7539 as top concept of scheme http://www.yso.fi/onto/ekso/deprecatedconceptscheme
INFO: Marking loose concept http://www.yso.fi/onto/yso/p7592 as top concept of scheme http://www.yso.fi/onto/ekso/deprecatedconceptscheme
INFO: Marking loose concept http://www.yso.fi/onto/yso/p7601 as top concept of scheme http://www.yso.fi/onto/ekso/deprecatedconceptscheme
INFO: Marking loose concept http://www.yso.fi/onto/yso/p7604 as top concept of scheme http://www.yso.fi/onto/ekso/deprecatedconceptscheme
INFO: Marking loose concept http://www.yso.fi/onto/yso/p7635 as top concept of scheme http://www.yso.fi/onto/ekso/deprecatedconceptscheme
INFO: Marking loose concept http://www.yso.fi/onto/yso/p7638 as top concept of scheme http://www.yso.fi/onto/ekso/deprecatedconceptscheme
INFO: Marking loose concept http://www.yso.fi/onto/yso/p7639 as top concept of scheme http://www.yso.fi/onto/ekso/deprecatedconceptscheme
INFO: Marking loose concept http://www.yso.fi/onto/yso/p7651 as top concept of scheme http://www.yso.fi/onto/ekso/deprecatedconceptscheme
INFO: Marking loose concept http://www.yso.fi/onto/yso/p7658 as top concept of scheme http://www.yso.fi/onto/ekso/deprecatedconceptscheme
INFO: Marking loose concept http://www.yso.fi/onto/yso/p766 as top concept of scheme http://www.yso.fi/onto/ekso/deprecatedconceptscheme
INFO: Marking loose concept http://www.yso.fi/onto/yso/p7669 as top concept of scheme http://www.yso.fi/onto/ekso/deprecatedconceptscheme
INFO: Marking loose concept http://www.yso.fi/onto/yso/p7679 as top concept of scheme http://www.yso.fi/onto/ekso/deprecatedconceptscheme
INFO: Marking loose concept http://www.yso.fi/onto/yso/p7681 as top concept of scheme http://www.yso.fi/onto/ekso/deprecatedconceptscheme
INFO: Marking loose concept http://www.yso.fi/onto/yso/p772 as top concept of scheme http://www.yso.fi/onto/ekso/deprecatedconceptscheme
INFO: Marking loose concept http://www.yso.fi/onto/yso/p7728 as top concept of scheme http://www.yso.fi/onto/ekso/deprecatedconceptscheme
INFO: Marking loose concept http://www.yso.fi/onto/yso/p773 as top concept of scheme http://www.yso.fi/onto/ekso/deprecatedconceptscheme
INFO: Marking loose concept http://www.yso.fi/onto/yso/p7732 as top concept of scheme http://www.yso.fi/onto/ekso/deprecatedconceptscheme
INFO: Marking loose concept http://www.yso.fi/onto/yso/p774 as top concept of scheme http://www.yso.fi/onto/ekso/deprecatedconceptscheme
INFO: Marking loose concept http://www.yso.fi/onto/yso/p7762 as top concept of scheme http://www.yso.fi/onto/ekso/deprecatedconceptscheme
INFO: Marking loose concept http://www.yso.fi/onto/yso/p7783 as top concept of scheme http://www.yso.fi/onto/ekso/deprecatedconceptscheme
INFO: Marking loose concept http://www.yso.fi/onto/yso/p7790 as top concept of scheme http://www.yso.fi/onto/ekso/deprecatedconceptscheme
INFO: Marking loose concept http://www.yso.fi/onto/yso/p7796 as top concept of scheme http://www.yso.fi/onto/ekso/deprecatedconceptscheme
INFO: Marking loose concept http://www.yso.fi/onto/yso/p7803 as top concept of scheme http://www.yso.fi/onto/ekso/deprecatedconceptscheme
INFO: Marking loose concept http://www.yso.fi/onto/yso/p781 as top concept of scheme http://www.yso.fi/onto/ekso/deprecatedconceptscheme
INFO: Marking loose concept http://www.yso.fi/onto/yso/p7812 as top concept of scheme http://www.yso.fi/onto/ekso/deprecatedconceptscheme
INFO: Marking loose concept http://www.yso.fi/onto/yso/p7840 as top concept of scheme http://www.yso.fi/onto/ekso/deprecatedconceptscheme
INFO: Marking loose concept http://www.yso.fi/onto/yso/p7844 as top concept of scheme http://www.yso.fi/onto/ekso/deprecatedconceptscheme
INFO: Marking loose concept http://www.yso.fi/onto/yso/p7850 as top concept of scheme http://www.yso.fi/onto/ekso/deprecatedconceptscheme
INFO: Marking loose concept http://www.yso.fi/onto/yso/p7851 as top concept of scheme http://www.yso.fi/onto/ekso/deprecatedconceptscheme
INFO: Marking loose concept http://www.yso.fi/onto/yso/p7864 as top concept of scheme http://www.yso.fi/onto/ekso/deprecatedconceptscheme
INFO: Marking loose concept http://www.yso.fi/onto/yso/p7867 as top concept of scheme http://www.yso.fi/onto/ekso/deprecatedconceptscheme
INFO: Marking loose concept http://www.yso.fi/onto/yso/p7869 as top concept of scheme http://www.yso.fi/onto/ekso/deprecatedconceptscheme
INFO: Marking loose concept http://www.yso.fi/onto/yso/p7876 as top concept of scheme http://www.yso.fi/onto/ekso/deprecatedconceptscheme
INFO: Marking loose concept http://www.yso.fi/onto/yso/p7898 as top concept of scheme http://www.yso.fi/onto/ekso/deprecatedconceptscheme
INFO: Marking loose concept http://www.yso.fi/onto/yso/p7901 as top concept of scheme http://www.yso.fi/onto/ekso/deprecatedconceptscheme
INFO: Marking loose concept http://www.yso.fi/onto/yso/p7976 as top concept of scheme http://www.yso.fi/onto/ekso/deprecatedconceptscheme
INFO: Marking loose concept http://www.yso.fi/onto/yso/p7991 as top concept of scheme http://www.yso.fi/onto/ekso/deprecatedconceptscheme
INFO: Marking loose concept http://www.yso.fi/onto/yso/p8009 as top concept of scheme http://www.yso.fi/onto/ekso/deprecatedconceptscheme
INFO: Marking loose concept http://www.yso.fi/onto/yso/p8010 as top concept of scheme http://www.yso.fi/onto/ekso/deprecatedconceptscheme
INFO: Marking loose concept http://www.yso.fi/onto/yso/p8019 as top concept of scheme http://www.yso.fi/onto/ekso/deprecatedconceptscheme
INFO: Marking loose concept http://www.yso.fi/onto/yso/p8040 as top concept of scheme http://www.yso.fi/onto/ekso/deprecatedconceptscheme
INFO: Marking loose concept http://www.yso.fi/onto/yso/p8048 as top concept of scheme http://www.yso.fi/onto/ekso/deprecatedconceptscheme
INFO: Marking loose concept http://www.yso.fi/onto/yso/p8049 as top concept of scheme http://www.yso.fi/onto/ekso/deprecatedconceptscheme
INFO: Marking loose concept http://www.yso.fi/onto/yso/p8058 as top concept of scheme http://www.yso.fi/onto/ekso/deprecatedconceptscheme
INFO: Marking loose concept http://www.yso.fi/onto/yso/p8115 as top concept of scheme http://www.yso.fi/onto/ekso/deprecatedconceptscheme
INFO: Marking loose concept http://www.yso.fi/onto/yso/p8140 as top concept of scheme http://www.yso.fi/onto/ekso/deprecatedconceptscheme
INFO: Marking loose concept http://www.yso.fi/onto/yso/p8162 as top concept of scheme http://www.yso.fi/onto/ekso/deprecatedconceptscheme
INFO: Marking loose concept http://www.yso.fi/onto/yso/p821 as top concept of scheme http://www.yso.fi/onto/ekso/deprecatedconceptscheme
INFO: Marking loose concept http://www.yso.fi/onto/yso/p8217 as top concept of scheme http://www.yso.fi/onto/ekso/deprecatedconceptscheme
INFO: Marking loose concept http://www.yso.fi/onto/yso/p8236 as top concept of scheme http://www.yso.fi/onto/ekso/deprecatedconceptscheme
INFO: Marking loose concept http://www.yso.fi/onto/yso/p8242 as top concept of scheme http://www.yso.fi/onto/ekso/deprecatedconceptscheme
INFO: Marking loose concept http://www.yso.fi/onto/yso/p8284 as top concept of scheme http://www.yso.fi/onto/ekso/deprecatedconceptscheme
INFO: Marking loose concept http://www.yso.fi/onto/yso/p8308 as top concept of scheme http://www.yso.fi/onto/ekso/deprecatedconceptscheme
INFO: Marking loose concept http://www.yso.fi/onto/yso/p8334 as top concept of scheme http://www.yso.fi/onto/ekso/deprecatedconceptscheme
INFO: Marking loose concept http://www.yso.fi/onto/yso/p8335 as top concept of scheme http://www.yso.fi/onto/ekso/deprecatedconceptscheme
INFO: Marking loose concept http://www.yso.fi/onto/yso/p8367 as top concept of scheme http://www.yso.fi/onto/ekso/deprecatedconceptscheme
INFO: Marking loose concept http://www.yso.fi/onto/yso/p8375 as top concept of scheme http://www.yso.fi/onto/ekso/deprecatedconceptscheme
INFO: Marking loose concept http://www.yso.fi/onto/yso/p8382 as top concept of scheme http://www.yso.fi/onto/ekso/deprecatedconceptscheme
INFO: Marking loose concept http://www.yso.fi/onto/yso/p8406 as top concept of scheme http://www.yso.fi/onto/ekso/deprecatedconceptscheme
INFO: Marking loose concept http://www.yso.fi/onto/yso/p841 as top concept of scheme http://www.yso.fi/onto/ekso/deprecatedconceptscheme
INFO: Marking loose concept http://www.yso.fi/onto/yso/p8469 as top concept of scheme http://www.yso.fi/onto/ekso/deprecatedconceptscheme
INFO: Marking loose concept http://www.yso.fi/onto/yso/p8477 as top concept of scheme http://www.yso.fi/onto/ekso/deprecatedconceptscheme
INFO: Marking loose concept http://www.yso.fi/onto/yso/p8485 as top concept of scheme http://www.yso.fi/onto/ekso/deprecatedconceptscheme
INFO: Marking loose concept http://www.yso.fi/onto/yso/p8487 as top concept of scheme http://www.yso.fi/onto/ekso/deprecatedconceptscheme
INFO: Marking loose concept http://www.yso.fi/onto/yso/p8495 as top concept of scheme http://www.yso.fi/onto/ekso/deprecatedconceptscheme
INFO: Marking loose concept http://www.yso.fi/onto/yso/p8498 as top concept of scheme http://www.yso.fi/onto/ekso/deprecatedconceptscheme
INFO: Marking loose concept http://www.yso.fi/onto/yso/p8547 as top concept of scheme http://www.yso.fi/onto/ekso/deprecatedconceptscheme
INFO: Marking loose concept http://www.yso.fi/onto/yso/p858 as top concept of scheme http://www.yso.fi/onto/ekso/deprecatedconceptscheme
INFO: Marking loose concept http://www.yso.fi/onto/yso/p8595 as top concept of scheme http://www.yso.fi/onto/ekso/deprecatedconceptscheme
INFO: Marking loose concept http://www.yso.fi/onto/yso/p8601 as top concept of scheme http://www.yso.fi/onto/ekso/deprecatedconceptscheme
INFO: Marking loose concept http://www.yso.fi/onto/yso/p8615 as top concept of scheme http://www.yso.fi/onto/ekso/deprecatedconceptscheme
INFO: Marking loose concept http://www.yso.fi/onto/yso/p8620 as top concept of scheme http://www.yso.fi/onto/ekso/deprecatedconceptscheme
INFO: Marking loose concept http://www.yso.fi/onto/yso/p8637 as top concept of scheme http://www.yso.fi/onto/ekso/deprecatedconceptscheme
INFO: Marking loose concept http://www.yso.fi/onto/yso/p8641 as top concept of scheme http://www.yso.fi/onto/ekso/deprecatedconceptscheme
INFO: Marking loose concept http://www.yso.fi/onto/yso/p8644 as top concept of scheme http://www.yso.fi/onto/ekso/deprecatedconceptscheme
INFO: Marking loose concept http://www.yso.fi/onto/yso/p8662 as top concept of scheme http://www.yso.fi/onto/ekso/deprecatedconceptscheme
INFO: Marking loose concept http://www.yso.fi/onto/yso/p8690 as top concept of scheme http://www.yso.fi/onto/ekso/deprecatedconceptscheme
INFO: Marking loose concept http://www.yso.fi/onto/yso/p8703 as top concept of scheme http://www.yso.fi/onto/ekso/deprecatedconceptscheme
INFO: Marking loose concept http://www.yso.fi/onto/yso/p871 as top concept of scheme http://www.yso.fi/onto/ekso/deprecatedconceptscheme
INFO: Marking loose concept http://www.yso.fi/onto/yso/p8733 as top concept of scheme http://www.yso.fi/onto/ekso/deprecatedconceptscheme
INFO: Marking loose concept http://www.yso.fi/onto/yso/p8757 as top concept of scheme http://www.yso.fi/onto/ekso/deprecatedconceptscheme
INFO: Marking loose concept http://www.yso.fi/onto/yso/p8766 as top concept of scheme http://www.yso.fi/onto/ekso/deprecatedconceptscheme
INFO: Marking loose concept http://www.yso.fi/onto/yso/p8787 as top concept of scheme http://www.yso.fi/onto/ekso/deprecatedconceptscheme
INFO: Marking loose concept http://www.yso.fi/onto/yso/p881 as top concept of scheme http://www.yso.fi/onto/ekso/deprecatedconceptscheme
INFO: Marking loose concept http://www.yso.fi/onto/yso/p8836 as top concept of scheme http://www.yso.fi/onto/ekso/deprecatedconceptscheme
INFO: Marking loose concept http://www.yso.fi/onto/yso/p884 as top concept of scheme http://www.yso.fi/onto/ekso/deprecatedconceptscheme
INFO: Marking loose concept http://www.yso.fi/onto/yso/p8849 as top concept of scheme http://www.yso.fi/onto/ekso/deprecatedconceptscheme
INFO: Marking loose concept http://www.yso.fi/onto/yso/p8854 as top concept of scheme http://www.yso.fi/onto/ekso/deprecatedconceptscheme
INFO: Marking loose concept http://www.yso.fi/onto/yso/p8861 as top concept of scheme http://www.yso.fi/onto/ekso/deprecatedconceptscheme
INFO: Marking loose concept http://www.yso.fi/onto/yso/p8864 as top concept of scheme http://www.yso.fi/onto/ekso/deprecatedconceptscheme
INFO: Marking loose concept http://www.yso.fi/onto/yso/p8870 as top concept of scheme http://www.yso.fi/onto/ekso/deprecatedconceptscheme
INFO: Marking loose concept http://www.yso.fi/onto/yso/p889 as top concept of scheme http://www.yso.fi/onto/ekso/deprecatedconceptscheme
INFO: Marking loose concept http://www.yso.fi/onto/yso/p8905 as top concept of scheme http://www.yso.fi/onto/ekso/deprecatedconceptscheme
INFO: Marking loose concept http://www.yso.fi/onto/yso/p8906 as top concept of scheme http://www.yso.fi/onto/ekso/deprecatedconceptscheme
INFO: Marking loose concept http://www.yso.fi/onto/yso/p8916 as top concept of scheme http://www.yso.fi/onto/ekso/deprecatedconceptscheme
INFO: Marking loose concept http://www.yso.fi/onto/yso/p8924 as top concept of scheme http://www.yso.fi/onto/ekso/deprecatedconceptscheme
INFO: Marking loose concept http://www.yso.fi/onto/yso/p8927 as top concept of scheme http://www.yso.fi/onto/ekso/deprecatedconceptscheme
INFO: Marking loose concept http://www.yso.fi/onto/yso/p8930 as top concept of scheme http://www.yso.fi/onto/ekso/deprecatedconceptscheme
INFO: Marking loose concept http://www.yso.fi/onto/yso/p9020 as top concept of scheme http://www.yso.fi/onto/ekso/deprecatedconceptscheme
INFO: Marking loose concept http://www.yso.fi/onto/yso/p9040 as top concept of scheme http://www.yso.fi/onto/ekso/deprecatedconceptscheme
INFO: Marking loose concept http://www.yso.fi/onto/yso/p9065 as top concept of scheme http://www.yso.fi/onto/ekso/deprecatedconceptscheme
INFO: Marking loose concept http://www.yso.fi/onto/yso/p9069 as top concept of scheme http://www.yso.fi/onto/ekso/deprecatedconceptscheme
INFO: Marking loose concept http://www.yso.fi/onto/yso/p9076 as top concept of scheme http://www.yso.fi/onto/ekso/deprecatedconceptscheme
INFO: Marking loose concept http://www.yso.fi/onto/yso/p9104 as top concept of scheme http://www.yso.fi/onto/ekso/deprecatedconceptscheme
INFO: Marking loose concept http://www.yso.fi/onto/yso/p9107 as top concept of scheme http://www.yso.fi/onto/ekso/deprecatedconceptscheme
INFO: Marking loose concept http://www.yso.fi/onto/yso/p9118 as top concept of scheme http://www.yso.fi/onto/ekso/deprecatedconceptscheme
INFO: Marking loose concept http://www.yso.fi/onto/yso/p9132 as top concept of scheme http://www.yso.fi/onto/ekso/deprecatedconceptscheme
INFO: Marking loose concept http://www.yso.fi/onto/yso/p9149 as top concept of scheme http://www.yso.fi/onto/ekso/deprecatedconceptscheme
INFO: Marking loose concept http://www.yso.fi/onto/yso/p9175 as top concept of scheme http://www.yso.fi/onto/ekso/deprecatedconceptscheme
INFO: Marking loose concept http://www.yso.fi/onto/yso/p9183 as top concept of scheme http://www.yso.fi/onto/ekso/deprecatedconceptscheme
INFO: Marking loose concept http://www.yso.fi/onto/yso/p9186 as top concept of scheme http://www.yso.fi/onto/ekso/deprecatedconceptscheme
INFO: Marking loose concept http://www.yso.fi/onto/yso/p9199 as top concept of scheme http://www.yso.fi/onto/ekso/deprecatedconceptscheme
INFO: Marking loose concept http://www.yso.fi/onto/yso/p9206 as top concept of scheme http://www.yso.fi/onto/ekso/deprecatedconceptscheme
INFO: Marking loose concept http://www.yso.fi/onto/yso/p9223 as top concept of scheme http://www.yso.fi/onto/ekso/deprecatedconceptscheme
INFO: Marking loose concept http://www.yso.fi/onto/yso/p9246 as top concept of scheme http://www.yso.fi/onto/ekso/deprecatedconceptscheme
INFO: Marking loose concept http://www.yso.fi/onto/yso/p9256 as top concept of scheme http://www.yso.fi/onto/ekso/deprecatedconceptscheme
INFO: Marking loose concept http://www.yso.fi/onto/yso/p9257 as top concept of scheme http://www.yso.fi/onto/ekso/deprecatedconceptscheme
INFO: Marking loose concept http://www.yso.fi/onto/yso/p9276 as top concept of scheme http://www.yso.fi/onto/ekso/deprecatedconceptscheme
INFO: Marking loose concept http://www.yso.fi/onto/yso/p9286 as top concept of scheme http://www.yso.fi/onto/ekso/deprecatedconceptscheme
INFO: Marking loose concept http://www.yso.fi/onto/yso/p9303 as top concept of scheme http://www.yso.fi/onto/ekso/deprecatedconceptscheme
INFO: Marking loose concept http://www.yso.fi/onto/yso/p9304 as top concept of scheme http://www.yso.fi/onto/ekso/deprecatedconceptscheme
INFO: Marking loose concept http://www.yso.fi/onto/yso/p9313 as top concept of scheme http://www.yso.fi/onto/ekso/deprecatedconceptscheme
INFO: Marking loose concept http://www.yso.fi/onto/yso/p9324 as top concept of scheme http://www.yso.fi/onto/ekso/deprecatedconceptscheme
INFO: Marking loose concept http://www.yso.fi/onto/yso/p9354 as top concept of scheme http://www.yso.fi/onto/ekso/deprecatedconceptscheme
INFO: Marking loose concept http://www.yso.fi/onto/yso/p9382 as top concept of scheme http://www.yso.fi/onto/ekso/deprecatedconceptscheme
INFO: Marking loose concept http://www.yso.fi/onto/yso/p9402 as top concept of scheme http://www.yso.fi/onto/ekso/deprecatedconceptscheme
INFO: Marking loose concept http://www.yso.fi/onto/yso/p9435 as top concept of scheme http://www.yso.fi/onto/ekso/deprecatedconceptscheme
INFO: Marking loose concept http://www.yso.fi/onto/yso/p9466 as top concept of scheme http://www.yso.fi/onto/ekso/deprecatedconceptscheme
INFO: Marking loose concept http://www.yso.fi/onto/yso/p9483 as top concept of scheme http://www.yso.fi/onto/ekso/deprecatedconceptscheme
INFO: Marking loose concept http://www.yso.fi/onto/yso/p9497 as top concept of scheme http://www.yso.fi/onto/ekso/deprecatedconceptscheme
INFO: Marking loose concept http://www.yso.fi/onto/yso/p9500 as top concept of scheme http://www.yso.fi/onto/ekso/deprecatedconceptscheme
INFO: Marking loose concept http://www.yso.fi/onto/yso/p951 as top concept of scheme http://www.yso.fi/onto/ekso/deprecatedconceptscheme
INFO: Marking loose concept http://www.yso.fi/onto/yso/p9511 as top concept of scheme http://www.yso.fi/onto/ekso/deprecatedconceptscheme
INFO: Marking loose concept http://www.yso.fi/onto/yso/p9518 as top concept of scheme http://www.yso.fi/onto/ekso/deprecatedconceptscheme
INFO: Marking loose concept http://www.yso.fi/onto/yso/p9540 as top concept of scheme http://www.yso.fi/onto/ekso/deprecatedconceptscheme
INFO: Marking loose concept http://www.yso.fi/onto/yso/p9556 as top concept of scheme http://www.yso.fi/onto/ekso/deprecatedconceptscheme
INFO: Marking loose concept http://www.yso.fi/onto/yso/p9578 as top concept of scheme http://www.yso.fi/onto/ekso/deprecatedconceptscheme
INFO: Marking loose concept http://www.yso.fi/onto/yso/p9581 as top concept of scheme http://www.yso.fi/onto/ekso/deprecatedconceptscheme
INFO: Marking loose concept http://www.yso.fi/onto/yso/p9582 as top concept of scheme http://www.yso.fi/onto/ekso/deprecatedconceptscheme
INFO: Marking loose concept http://www.yso.fi/onto/yso/p9585 as top concept of scheme http://www.yso.fi/onto/ekso/deprecatedconceptscheme
INFO: Marking loose concept http://www.yso.fi/onto/yso/p9600 as top concept of scheme http://www.yso.fi/onto/ekso/deprecatedconceptscheme
INFO: Marking loose concept http://www.yso.fi/onto/yso/p9612 as top concept of scheme http://www.yso.fi/onto/ekso/deprecatedconceptscheme
INFO: Marking loose concept http://www.yso.fi/onto/yso/p9627 as top concept of scheme http://www.yso.fi/onto/ekso/deprecatedconceptscheme
INFO: Marking loose concept http://www.yso.fi/onto/yso/p9629 as top concept of scheme http://www.yso.fi/onto/ekso/deprecatedconceptscheme
INFO: Marking loose concept http://www.yso.fi/onto/yso/p9641 as top concept of scheme http://www.yso.fi/onto/ekso/deprecatedconceptscheme
INFO: Marking loose concept http://www.yso.fi/onto/yso/p9643 as top concept of scheme http://www.yso.fi/onto/ekso/deprecatedconceptscheme
INFO: Marking loose concept http://www.yso.fi/onto/yso/p9650 as top concept of scheme http://www.yso.fi/onto/ekso/deprecatedconceptscheme
INFO: Marking loose concept http://www.yso.fi/onto/yso/p9655 as top concept of scheme http://www.yso.fi/onto/ekso/deprecatedconceptscheme
INFO: Marking loose concept http://www.yso.fi/onto/yso/p9660 as top concept of scheme http://www.yso.fi/onto/ekso/deprecatedconceptscheme
INFO: Marking loose concept http://www.yso.fi/onto/yso/p9687 as top concept of scheme http://www.yso.fi/onto/ekso/deprecatedconceptscheme
INFO: Marking loose concept http://www.yso.fi/onto/yso/p9690 as top concept of scheme http://www.yso.fi/onto/ekso/deprecatedconceptscheme
INFO: Marking loose concept http://www.yso.fi/onto/yso/p9691 as top concept of scheme http://www.yso.fi/onto/ekso/deprecatedconceptscheme
INFO: Marking loose concept http://www.yso.fi/onto/yso/p9712 as top concept of scheme http://www.yso.fi/onto/ekso/deprecatedconceptscheme
INFO: Marking loose concept http://www.yso.fi/onto/yso/p9729 as top concept of scheme http://www.yso.fi/onto/ekso/deprecatedconceptscheme
INFO: Marking loose concept http://www.yso.fi/onto/yso/p9736 as top concept of scheme http://www.yso.fi/onto/ekso/deprecatedconceptscheme
INFO: Marking loose concept http://www.yso.fi/onto/yso/p9744 as top concept of scheme http://www.yso.fi/onto/ekso/deprecatedconceptscheme
INFO: Marking loose concept http://www.yso.fi/onto/yso/p976 as top concept of scheme http://www.yso.fi/onto/ekso/deprecatedconceptscheme
INFO: Marking loose concept http://www.yso.fi/onto/yso/p9762 as top concept of scheme http://www.yso.fi/onto/ekso/deprecatedconceptscheme
INFO: Marking loose concept http://www.yso.fi/onto/yso/p979 as top concept of scheme http://www.yso.fi/onto/ekso/deprecatedconceptscheme
INFO: Marking loose concept http://www.yso.fi/onto/yso/p9818 as top concept of scheme http://www.yso.fi/onto/ekso/deprecatedconceptscheme
INFO: Marking loose concept http://www.yso.fi/onto/yso/p9835 as top concept of scheme http://www.yso.fi/onto/ekso/deprecatedconceptscheme
INFO: Marking loose concept http://www.yso.fi/onto/yso/p9851 as top concept of scheme http://www.yso.fi/onto/ekso/deprecatedconceptscheme
INFO: Marking loose concept http://www.yso.fi/onto/yso/p9859 as top concept of scheme http://www.yso.fi/onto/ekso/deprecatedconceptscheme
INFO: Marking loose concept http://www.yso.fi/onto/yso/p9863 as top concept of scheme http://www.yso.fi/onto/ekso/deprecatedconceptscheme
INFO: Marking loose concept http://www.yso.fi/onto/yso/p9878 as top concept of scheme http://www.yso.fi/onto/ekso/deprecatedconceptscheme
INFO: Marking loose concept http://www.yso.fi/onto/yso/p9879 as top concept of scheme http://www.yso.fi/onto/ekso/deprecatedconceptscheme
INFO: Marking loose concept http://www.yso.fi/onto/yso/p9880 as top concept of scheme http://www.yso.fi/onto/ekso/deprecatedconceptscheme
INFO: Marking loose concept http://www.yso.fi/onto/yso/p9896 as top concept of scheme http://www.yso.fi/onto/ekso/deprecatedconceptscheme
INFO: Marking loose concept http://www.yso.fi/onto/yso/p9905 as top concept of scheme http://www.yso.fi/onto/ekso/deprecatedconceptscheme
INFO: Marking loose concept http://www.yso.fi/onto/yso/p9906 as top concept of scheme http://www.yso.fi/onto/ekso/deprecatedconceptscheme
INFO: Marking loose concept http://www.yso.fi/onto/yso/p9920 as top concept of scheme http://www.yso.fi/onto/ekso/deprecatedconceptscheme
INFO: Marking loose concept http://www.yso.fi/onto/yso/p9936 as top concept of scheme http://www.yso.fi/onto/ekso/deprecatedconceptscheme
INFO: Marking loose concept http://www.yso.fi/onto/yso/p9941 as top concept of scheme http://www.yso.fi/onto/ekso/deprecatedconceptscheme
INFO: Marking loose concept http://www.yso.fi/onto/yso/p995 as top concept of scheme http://www.yso.fi/onto/ekso/deprecatedconceptscheme
INFO: Marking loose concept http://www.yso.fi/onto/yso/p9956 as top concept of scheme http://www.yso.fi/onto/ekso/deprecatedconceptscheme
INFO: Marking loose concept http://www.yso.fi/onto/yso/p9958 as top concept of scheme http://www.yso.fi/onto/ekso/deprecatedconceptscheme
INFO: Marking loose concept http://www.yso.fi/onto/yso/p9965 as top concept of scheme http://www.yso.fi/onto/ekso/deprecatedconceptscheme
INFO: Marking loose concept http://www.yso.fi/onto/yso/p9975 as top concept of scheme http://www.yso.fi/onto/ekso/deprecatedconceptscheme
INFO: Marking loose concept http://www.yso.fi/onto/yso/p9980 as top concept of scheme http://www.yso.fi/onto/ekso/deprecatedconceptscheme
INFO: Marking loose concept http://www.yso.fi/onto/yso/p9986 as top concept of scheme http://www.yso.fi/onto/ekso/deprecatedconceptscheme
INFO: Marking loose concept http://www.yso.fi/onto/yso/p9989 as top concept of scheme http://www.yso.fi/onto/ekso/deprecatedconceptscheme
DEBUG: Phase 8: Checking concept hierarchy
WARNING: Concepts http://www.yso.fi/onto/ekso/p1002 and http://www.yso.fi/onto/ekso/p409 connected by both skos:broaderTransitive and skos:related, removing skos:related
WARNING: Concepts http://www.yso.fi/onto/ekso/p1006 and http://www.yso.fi/onto/ekso/p735 connected by both skos:broaderTransitive and skos:related, removing skos:related
WARNING: Concepts http://www.yso.fi/onto/ekso/p1018 and http://www.yso.fi/onto/ekso/p421 connected by both skos:broaderTransitive and skos:related, removing skos:related
WARNING: Concepts http://www.yso.fi/onto/ekso/p103 and http://www.yso.fi/onto/ekso/p3504 connected by both skos:broaderTransitive and skos:related, removing skos:related
WARNING: Concepts http://www.yso.fi/onto/ekso/p1033 and http://www.yso.fi/onto/ekso/p1835 connected by both skos:broaderTransitive and skos:related, removing skos:related
WARNING: Concepts http://www.yso.fi/onto/ekso/p1041 and http://www.yso.fi/onto/ekso/p1558 connected by both skos:broaderTransitive and skos:related, removing skos:related
WARNING: Concepts http://www.yso.fi/onto/ekso/p1047 and http://www.yso.fi/onto/ekso/p9 connected by both skos:broaderTransitive and skos:related, removing skos:related
WARNING: Concepts http://www.yso.fi/onto/ekso/p1062 and http://www.yso.fi/onto/ekso/p663 connected by both skos:broaderTransitive and skos:related, removing skos:related
WARNING: Concepts http://www.yso.fi/onto/ekso/p1066 and http://www.yso.fi/onto/ekso/p217 connected by both skos:broaderTransitive and skos:related, removing skos:related
WARNING: Concepts http://www.yso.fi/onto/ekso/p1079 and http://www.yso.fi/onto/ekso/p1836 connected by both skos:broaderTransitive and skos:related, removing skos:related
WARNING: Concepts http://www.yso.fi/onto/ekso/p1083 and http://www.yso.fi/onto/ekso/p1935 connected by both skos:broaderTransitive and skos:related, removing skos:related
WARNING: Concepts http://www.yso.fi/onto/ekso/p1083 and http://www.yso.fi/onto/ekso/p233 connected by both skos:broaderTransitive and skos:related, removing skos:related
WARNING: Concepts http://www.yso.fi/onto/ekso/p1085 and http://www.yso.fi/onto/ekso/p2257 connected by both skos:broaderTransitive and skos:related, removing skos:related
WARNING: Concepts http://www.yso.fi/onto/ekso/p1088 and http://www.yso.fi/onto/ekso/p3722 connected by both skos:broaderTransitive and skos:related, removing skos:related
WARNING: Concepts http://www.yso.fi/onto/ekso/p1091 and http://www.yso.fi/onto/ekso/p3664 connected by both skos:broaderTransitive and skos:related, removing skos:related
WARNING: Concepts http://www.yso.fi/onto/ekso/p1123 and http://www.yso.fi/onto/ekso/p2155 connected by both skos:broaderTransitive and skos:related, removing skos:related
WARNING: Concepts http://www.yso.fi/onto/ekso/p1132 and http://www.yso.fi/onto/ekso/p735 connected by both skos:broaderTransitive and skos:related, removing skos:related
WARNING: Concepts http://www.yso.fi/onto/ekso/p1138 and http://www.yso.fi/onto/ekso/p141 connected by both skos:broaderTransitive and skos:related, removing skos:related
WARNING: Concepts http://www.yso.fi/onto/ekso/p1139 and http://www.yso.fi/onto/ekso/p1857 connected by both skos:broaderTransitive and skos:related, removing skos:related
WARNING: Concepts http://www.yso.fi/onto/ekso/p115 and http://www.yso.fi/onto/ekso/p1786 connected by both skos:broaderTransitive and skos:related, removing skos:related
WARNING: Concepts http://www.yso.fi/onto/ekso/p1155 and http://www.yso.fi/onto/ekso/p897 connected by both skos:broaderTransitive and skos:related, removing skos:related
WARNING: Concepts http://www.yso.fi/onto/ekso/p1165 and http://www.yso.fi/onto/ekso/p783 connected by both skos:broaderTransitive and skos:related, removing skos:related
WARNING: Concepts http://www.yso.fi/onto/ekso/p1166 and http://www.yso.fi/onto/ekso/p3094 connected by both skos:broaderTransitive and skos:related, removing skos:related
WARNING: Concepts http://www.yso.fi/onto/ekso/p1167 and http://www.yso.fi/onto/ekso/p3680 connected by both skos:broaderTransitive and skos:related, removing skos:related
WARNING: Concepts http://www.yso.fi/onto/ekso/p1172 and http://www.yso.fi/onto/ekso/p1112 connected by both skos:broaderTransitive and skos:related, removing skos:related
WARNING: Concepts http://www.yso.fi/onto/ekso/p1175 and http://www.yso.fi/onto/ekso/p9 connected by both skos:broaderTransitive and skos:related, removing skos:related
WARNING: Concepts http://www.yso.fi/onto/ekso/p1176 and http://www.yso.fi/onto/ekso/p9 connected by both skos:broaderTransitive and skos:related, removing skos:related
WARNING: Concepts http://www.yso.fi/onto/ekso/p1186 and http://www.yso.fi/onto/ekso/p2055 connected by both skos:broaderTransitive and skos:related, removing skos:related
WARNING: Concepts http://www.yso.fi/onto/ekso/p121 and http://www.yso.fi/onto/ekso/p3094 connected by both skos:broaderTransitive and skos:related, removing skos:related
WARNING: Concepts http://www.yso.fi/onto/ekso/p1219 and http://www.yso.fi/onto/ekso/p788 connected by both skos:broaderTransitive and skos:related, removing skos:related
WARNING: Concepts http://www.yso.fi/onto/ekso/p1242 and http://www.yso.fi/onto/ekso/p755 connected by both skos:broaderTransitive and skos:related, removing skos:related
WARNING: Concepts http://www.yso.fi/onto/ekso/p1249 and http://www.yso.fi/onto/ekso/p2651 connected by both skos:broaderTransitive and skos:related, removing skos:related
WARNING: Concepts http://www.yso.fi/onto/ekso/p1262 and http://www.yso.fi/onto/ekso/p504 connected by both skos:broaderTransitive and skos:related, removing skos:related
WARNING: Concepts http://www.yso.fi/onto/ekso/p127 and http://www.yso.fi/onto/ekso/p735 connected by both skos:broaderTransitive and skos:related, removing skos:related
WARNING: Concepts http://www.yso.fi/onto/ekso/p1281 and http://www.yso.fi/onto/ekso/p2285 connected by both skos:broaderTransitive and skos:related, removing skos:related
WARNING: Concepts http://www.yso.fi/onto/ekso/p1286 and http://www.yso.fi/onto/ekso/p1024 connected by both skos:broaderTransitive and skos:related, removing skos:related
WARNING: Concepts http://www.yso.fi/onto/ekso/p1289 and http://www.yso.fi/onto/ekso/p596 connected by both skos:broaderTransitive and skos:related, removing skos:related
WARNING: Concepts http://www.yso.fi/onto/ekso/p1290 and http://www.yso.fi/onto/ekso/p1835 connected by both skos:broaderTransitive and skos:related, removing skos:related
WARNING: Concepts http://www.yso.fi/onto/ekso/p1292 and http://www.yso.fi/onto/ekso/p1471 connected by both skos:broaderTransitive and skos:related, removing skos:related
WARNING: Concepts http://www.yso.fi/onto/ekso/p1292 and http://www.yso.fi/onto/ekso/p755 connected by both skos:broaderTransitive and skos:related, removing skos:related
WARNING: Concepts http://www.yso.fi/onto/ekso/p130 and http://www.yso.fi/onto/ekso/p1471 connected by both skos:broaderTransitive and skos:related, removing skos:related
WARNING: Concepts http://www.yso.fi/onto/ekso/p130 and http://www.yso.fi/onto/ekso/p755 connected by both skos:broaderTransitive and skos:related, removing skos:related
WARNING: Concepts http://www.yso.fi/onto/ekso/p1306 and http://www.yso.fi/onto/ekso/p3664 connected by both skos:broaderTransitive and skos:related, removing skos:related
WARNING: Concepts http://www.yso.fi/onto/ekso/p131 and http://www.yso.fi/onto/ekso/p3269 connected by both skos:broaderTransitive and skos:related, removing skos:related
WARNING: Concepts http://www.yso.fi/onto/ekso/p1327 and http://www.yso.fi/onto/ekso/p2055 connected by both skos:broaderTransitive and skos:related, removing skos:related
WARNING: Concepts http://www.yso.fi/onto/ekso/p1327 and http://www.yso.fi/onto/ekso/p3533 connected by both skos:broaderTransitive and skos:related, removing skos:related
WARNING: Concepts http://www.yso.fi/onto/ekso/p1343 and http://www.yso.fi/onto/ekso/p1564 connected by both skos:broaderTransitive and skos:related, removing skos:related
WARNING: Concepts http://www.yso.fi/onto/ekso/p1379 and http://www.yso.fi/onto/ekso/p1653 connected by both skos:broaderTransitive and skos:related, removing skos:related
WARNING: Concepts http://www.yso.fi/onto/ekso/p1385 and http://www.yso.fi/onto/ekso/p663 connected by both skos:broaderTransitive and skos:related, removing skos:related
WARNING: Concepts http://www.yso.fi/onto/ekso/p1398 and http://www.yso.fi/onto/ekso/p217 connected by both skos:broaderTransitive and skos:related, removing skos:related
WARNING: Concepts http://www.yso.fi/onto/ekso/p1402 and http://www.yso.fi/onto/ekso/p1935 connected by both skos:broaderTransitive and skos:related, removing skos:related
WARNING: Concepts http://www.yso.fi/onto/ekso/p1414 and http://www.yso.fi/onto/ekso/p3503 connected by both skos:broaderTransitive and skos:related, removing skos:related
WARNING: Concepts http://www.yso.fi/onto/ekso/p1418 and http://www.yso.fi/onto/ekso/p2026 connected by both skos:broaderTransitive and skos:related, removing skos:related
WARNING: Concepts http://www.yso.fi/onto/ekso/p1418 and http://www.yso.fi/onto/ekso/p755 connected by both skos:broaderTransitive and skos:related, removing skos:related
WARNING: Concepts http://www.yso.fi/onto/ekso/p143 and http://www.yso.fi/onto/ekso/p3498 connected by both skos:broaderTransitive and skos:related, removing skos:related
WARNING: Concepts http://www.yso.fi/onto/ekso/p1432 and http://www.yso.fi/onto/ekso/p3263 connected by both skos:broaderTransitive and skos:related, removing skos:related
WARNING: Concepts http://www.yso.fi/onto/ekso/p1438 and http://www.yso.fi/onto/ekso/p3722 connected by both skos:broaderTransitive and skos:related, removing skos:related
WARNING: Concepts http://www.yso.fi/onto/ekso/p1446 and http://www.yso.fi/onto/ekso/p3066 connected by both skos:broaderTransitive and skos:related, removing skos:related
WARNING: Concepts http://www.yso.fi/onto/ekso/p1449 and http://www.yso.fi/onto/ekso/p1639 connected by both skos:broaderTransitive and skos:related, removing skos:related
WARNING: Concepts http://www.yso.fi/onto/ekso/p1458 and http://www.yso.fi/onto/ekso/p537 connected by both skos:broaderTransitive and skos:related, removing skos:related
WARNING: Concepts http://www.yso.fi/onto/ekso/p146 and http://www.yso.fi/onto/ekso/p69 connected by both skos:broaderTransitive and skos:related, removing skos:related
WARNING: Concepts http://www.yso.fi/onto/ekso/p1467 and http://www.yso.fi/onto/ekso/p2257 connected by both skos:broaderTransitive and skos:related, removing skos:related
WARNING: Concepts http://www.yso.fi/onto/ekso/p1471 and http://www.yso.fi/onto/ekso/p755 connected by both skos:broaderTransitive and skos:related, removing skos:related
WARNING: Concepts http://www.yso.fi/onto/ekso/p1472 and http://www.yso.fi/onto/ekso/p2587 connected by both skos:broaderTransitive and skos:related, removing skos:related
WARNING: Concepts http://www.yso.fi/onto/ekso/p1480 and http://www.yso.fi/onto/ekso/p904 connected by both skos:broaderTransitive and skos:related, removing skos:related
WARNING: Concepts http://www.yso.fi/onto/ekso/p1489 and http://www.yso.fi/onto/ekso/p3722 connected by both skos:broaderTransitive and skos:related, removing skos:related
WARNING: Concepts http://www.yso.fi/onto/ekso/p149 and http://www.yso.fi/onto/ekso/p1163 connected by both skos:broaderTransitive and skos:related, removing skos:related
WARNING: Concepts http://www.yso.fi/onto/ekso/p1493 and http://www.yso.fi/onto/ekso/p3722 connected by both skos:broaderTransitive and skos:related, removing skos:related
WARNING: Concepts http://www.yso.fi/onto/ekso/p1497 and http://www.yso.fi/onto/ekso/p440 connected by both skos:broaderTransitive and skos:related, removing skos:related
WARNING: Concepts http://www.yso.fi/onto/ekso/p150 and http://www.yso.fi/onto/ekso/p1835 connected by both skos:broaderTransitive and skos:related, removing skos:related
WARNING: Concepts http://www.yso.fi/onto/ekso/p1506 and http://www.yso.fi/onto/ekso/p1505 connected by both skos:broaderTransitive and skos:related, removing skos:related
WARNING: Concepts http://www.yso.fi/onto/ekso/p1514 and http://www.yso.fi/onto/ekso/p1857 connected by both skos:broaderTransitive and skos:related, removing skos:related
WARNING: Concepts http://www.yso.fi/onto/ekso/p1521 and http://www.yso.fi/onto/ekso/p1835 connected by both skos:broaderTransitive and skos:related, removing skos:related
WARNING: Concepts http://www.yso.fi/onto/ekso/p1522 and http://www.yso.fi/onto/ekso/p1523 connected by both skos:broaderTransitive and skos:related, removing skos:related
WARNING: Concepts http://www.yso.fi/onto/ekso/p1525 and http://www.yso.fi/onto/ekso/p985 connected by both skos:broaderTransitive and skos:related, removing skos:related
WARNING: Concepts http://www.yso.fi/onto/ekso/p1532 and http://www.yso.fi/onto/ekso/p4096 connected by both skos:broaderTransitive and skos:related, removing skos:related
WARNING: Concepts http://www.yso.fi/onto/ekso/p1534 and http://www.yso.fi/onto/ekso/p1558 connected by both skos:broaderTransitive and skos:related, removing skos:related
WARNING: Concepts http://www.yso.fi/onto/ekso/p1539 and http://www.yso.fi/onto/ekso/p2758 connected by both skos:broaderTransitive and skos:related, removing skos:related
WARNING: Concepts http://www.yso.fi/onto/ekso/p155 and http://www.yso.fi/onto/ekso/p1112 connected by both skos:broaderTransitive and skos:related, removing skos:related
WARNING: Concepts http://www.yso.fi/onto/ekso/p1552 and http://www.yso.fi/onto/ekso/p233 connected by both skos:broaderTransitive and skos:related, removing skos:related
WARNING: Concepts http://www.yso.fi/onto/ekso/p1553 and http://www.yso.fi/onto/ekso/p663 connected by both skos:broaderTransitive and skos:related, removing skos:related
WARNING: Concepts http://www.yso.fi/onto/ekso/p1565 and http://www.yso.fi/onto/ekso/p1653 connected by both skos:broaderTransitive and skos:related, removing skos:related
WARNING: Concepts http://www.yso.fi/onto/ekso/p1575 and http://www.yso.fi/onto/ekso/p1576 connected by both skos:broaderTransitive and skos:related, removing skos:related
WARNING: Concepts http://www.yso.fi/onto/ekso/p1576 and http://www.yso.fi/onto/ekso/p1719 connected by both skos:broaderTransitive and skos:related, removing skos:related
WARNING: Concepts http://www.yso.fi/onto/ekso/p1578 and http://www.yso.fi/onto/ekso/p3722 connected by both skos:broaderTransitive and skos:related, removing skos:related
WARNING: Concepts http://www.yso.fi/onto/ekso/p158 and http://www.yso.fi/onto/ekso/p1112 connected by both skos:broaderTransitive and skos:related, removing skos:related
WARNING: Concepts http://www.yso.fi/onto/ekso/p1580 and http://www.yso.fi/onto/ekso/p617 connected by both skos:broaderTransitive and skos:related, removing skos:related
WARNING: Concepts http://www.yso.fi/onto/ekso/p1585 and http://www.yso.fi/onto/ekso/p2285 connected by both skos:broaderTransitive and skos:related, removing skos:related
WARNING: Concepts http://www.yso.fi/onto/ekso/p1589 and http://www.yso.fi/onto/ekso/p504 connected by both skos:broaderTransitive and skos:related, removing skos:related
WARNING: Concepts http://www.yso.fi/onto/ekso/p1593 and http://www.yso.fi/onto/ekso/p897 connected by both skos:broaderTransitive and skos:related, removing skos:related
WARNING: Concepts http://www.yso.fi/onto/ekso/p1594 and http://www.yso.fi/onto/ekso/p985 connected by both skos:broaderTransitive and skos:related, removing skos:related
WARNING: Concepts http://www.yso.fi/onto/ekso/p1601 and http://www.yso.fi/onto/ekso/p812 connected by both skos:broaderTransitive and skos:related, removing skos:related
WARNING: Concepts http://www.yso.fi/onto/ekso/p1601 and http://www.yso.fi/onto/ekso/p88 connected by both skos:broaderTransitive and skos:related, removing skos:related
WARNING: Concepts http://www.yso.fi/onto/ekso/p1612 and http://www.yso.fi/onto/ekso/p1112 connected by both skos:broaderTransitive and skos:related, removing skos:related
WARNING: Concepts http://www.yso.fi/onto/ekso/p1617 and http://www.yso.fi/onto/ekso/p770 connected by both skos:broaderTransitive and skos:related, removing skos:related
WARNING: Concepts http://www.yso.fi/onto/ekso/p1618 and http://www.yso.fi/onto/ekso/p409 connected by both skos:broaderTransitive and skos:related, removing skos:related
WARNING: Concepts http://www.yso.fi/onto/ekso/p162 and http://www.yso.fi/onto/ekso/p2348 connected by both skos:broaderTransitive and skos:related, removing skos:related
WARNING: Concepts http://www.yso.fi/onto/ekso/p163 and http://www.yso.fi/onto/ekso/p1471 connected by both skos:broaderTransitive and skos:related, removing skos:related
WARNING: Concepts http://www.yso.fi/onto/ekso/p163 and http://www.yso.fi/onto/ekso/p755 connected by both skos:broaderTransitive and skos:related, removing skos:related
WARNING: Concepts http://www.yso.fi/onto/ekso/p1637 and http://www.yso.fi/onto/ekso/p1268 connected by both skos:broaderTransitive and skos:related, removing skos:related
WARNING: Concepts http://www.yso.fi/onto/ekso/p1641 and http://www.yso.fi/onto/ekso/p13 connected by both skos:broaderTransitive and skos:related, removing skos:related
WARNING: Concepts http://www.yso.fi/onto/ekso/p1651 and http://www.yso.fi/onto/ekso/p509 connected by both skos:broaderTransitive and skos:related, removing skos:related
WARNING: Concepts http://www.yso.fi/onto/ekso/p1654 and http://www.yso.fi/onto/ekso/p1653 connected by both skos:broaderTransitive and skos:related, removing skos:related
WARNING: Concepts http://www.yso.fi/onto/ekso/p1665 and http://www.yso.fi/onto/ekso/p1268 connected by both skos:broaderTransitive and skos:related, removing skos:related
WARNING: Concepts http://www.yso.fi/onto/ekso/p1675 and http://www.yso.fi/onto/ekso/p1835 connected by both skos:broaderTransitive and skos:related, removing skos:related
WARNING: Concepts http://www.yso.fi/onto/ekso/p168 and http://www.yso.fi/onto/ekso/p2699 connected by both skos:broaderTransitive and skos:related, removing skos:related
WARNING: Concepts http://www.yso.fi/onto/ekso/p1686 and http://www.yso.fi/onto/ekso/p88 connected by both skos:broaderTransitive and skos:related, removing skos:related
WARNING: Concepts http://www.yso.fi/onto/ekso/p1687 and http://www.yso.fi/onto/ekso/p88 connected by both skos:broaderTransitive and skos:related, removing skos:related
WARNING: Concepts http://www.yso.fi/onto/ekso/p1690 and http://www.yso.fi/onto/ekso/p2428 connected by both skos:broaderTransitive and skos:related, removing skos:related
WARNING: Concepts http://www.yso.fi/onto/ekso/p1714 and http://www.yso.fi/onto/ekso/p504 connected by both skos:broaderTransitive and skos:related, removing skos:related
WARNING: Concepts http://www.yso.fi/onto/ekso/p1719 and http://www.yso.fi/onto/ekso/p2241 connected by both skos:broaderTransitive and skos:related, removing skos:related
WARNING: Concepts http://www.yso.fi/onto/ekso/p172 and http://www.yso.fi/onto/ekso/p2026 connected by both skos:broaderTransitive and skos:related, removing skos:related
WARNING: Concepts http://www.yso.fi/onto/ekso/p172 and http://www.yso.fi/onto/ekso/p755 connected by both skos:broaderTransitive and skos:related, removing skos:related
WARNING: Concepts http://www.yso.fi/onto/ekso/p1720 and http://www.yso.fi/onto/ekso/p1719 connected by both skos:broaderTransitive and skos:related, removing skos:related
WARNING: Concepts http://www.yso.fi/onto/ekso/p1728 and http://www.yso.fi/onto/ekso/p1558 connected by both skos:broaderTransitive and skos:related, removing skos:related
WARNING: Concepts http://www.yso.fi/onto/ekso/p1734 and http://www.yso.fi/onto/ekso/p2348 connected by both skos:broaderTransitive and skos:related, removing skos:related
WARNING: Concepts http://www.yso.fi/onto/ekso/p1738 and http://www.yso.fi/onto/ekso/p1558 connected by both skos:broaderTransitive and skos:related, removing skos:related
WARNING: Concepts http://www.yso.fi/onto/ekso/p1740 and http://www.yso.fi/onto/ekso/p905 connected by both skos:broaderTransitive and skos:related, removing skos:related
WARNING: Concepts http://www.yso.fi/onto/ekso/p1741 and http://www.yso.fi/onto/ekso/p739 connected by both skos:broaderTransitive and skos:related, removing skos:related
WARNING: Concepts http://www.yso.fi/onto/ekso/p1743 and http://www.yso.fi/onto/ekso/p908 connected by both skos:broaderTransitive and skos:related, removing skos:related
WARNING: Concepts http://www.yso.fi/onto/ekso/p1765 and http://www.yso.fi/onto/ekso/p1764 connected by both skos:broaderTransitive and skos:related, removing skos:related
WARNING: Concepts http://www.yso.fi/onto/ekso/p1767 and http://www.yso.fi/onto/ekso/p1531 connected by both skos:broaderTransitive and skos:related, removing skos:related
WARNING: Concepts http://www.yso.fi/onto/ekso/p1773 and http://www.yso.fi/onto/ekso/p1873 connected by both skos:broaderTransitive and skos:related, removing skos:related
WARNING: Concepts http://www.yso.fi/onto/ekso/p1773 and http://www.yso.fi/onto/ekso/p3044 connected by both skos:broaderTransitive and skos:related, removing skos:related
WARNING: Concepts http://www.yso.fi/onto/ekso/p1773 and http://www.yso.fi/onto/ekso/p663 connected by both skos:broaderTransitive and skos:related, removing skos:related
WARNING: Concepts http://www.yso.fi/onto/ekso/p179 and http://www.yso.fi/onto/ekso/p2285 connected by both skos:broaderTransitive and skos:related, removing skos:related
WARNING: Concepts http://www.yso.fi/onto/ekso/p1801 and http://www.yso.fi/onto/ekso/p178 connected by both skos:broaderTransitive and skos:related, removing skos:related
WARNING: Concepts http://www.yso.fi/onto/ekso/p1805 and http://www.yso.fi/onto/ekso/p3515 connected by both skos:broaderTransitive and skos:related, removing skos:related
WARNING: Concepts http://www.yso.fi/onto/ekso/p1814 and http://www.yso.fi/onto/ekso/p735 connected by both skos:broaderTransitive and skos:related, removing skos:related
WARNING: Concepts http://www.yso.fi/onto/ekso/p1817 and http://www.yso.fi/onto/ekso/p3498 connected by both skos:broaderTransitive and skos:related, removing skos:related
WARNING: Concepts http://www.yso.fi/onto/ekso/p1841 and http://www.yso.fi/onto/ekso/p1653 connected by both skos:broaderTransitive and skos:related, removing skos:related
WARNING: Concepts http://www.yso.fi/onto/ekso/p1862 and http://www.yso.fi/onto/ekso/p1639 connected by both skos:broaderTransitive and skos:related, removing skos:related
WARNING: Concepts http://www.yso.fi/onto/ekso/p1877 and http://www.yso.fi/onto/ekso/p178 connected by both skos:broaderTransitive and skos:related, removing skos:related
WARNING: Concepts http://www.yso.fi/onto/ekso/p1879 and http://www.yso.fi/onto/ekso/p1835 connected by both skos:broaderTransitive and skos:related, removing skos:related
WARNING: Concepts http://www.yso.fi/onto/ekso/p1880 and http://www.yso.fi/onto/ekso/p1252 connected by both skos:broaderTransitive and skos:related, removing skos:related
WARNING: Concepts http://www.yso.fi/onto/ekso/p1887 and http://www.yso.fi/onto/ekso/p324 connected by both skos:broaderTransitive and skos:related, removing skos:related
WARNING: Concepts http://www.yso.fi/onto/ekso/p189 and http://www.yso.fi/onto/ekso/p1935 connected by both skos:broaderTransitive and skos:related, removing skos:related
WARNING: Concepts http://www.yso.fi/onto/ekso/p1897 and http://www.yso.fi/onto/ekso/p897 connected by both skos:broaderTransitive and skos:related, removing skos:related
WARNING: Concepts http://www.yso.fi/onto/ekso/p190 and http://www.yso.fi/onto/ekso/p2854 connected by both skos:broaderTransitive and skos:related, removing skos:related
WARNING: Concepts http://www.yso.fi/onto/ekso/p1909 and http://www.yso.fi/onto/ekso/p683 connected by both skos:broaderTransitive and skos:related, removing skos:related
WARNING: Concepts http://www.yso.fi/onto/ekso/p1912 and http://www.yso.fi/onto/ekso/p3457 connected by both skos:broaderTransitive and skos:related, removing skos:related
WARNING: Concepts http://www.yso.fi/onto/ekso/p1913 and http://www.yso.fi/onto/ekso/p2638 connected by both skos:broaderTransitive and skos:related, removing skos:related
WARNING: Concepts http://www.yso.fi/onto/ekso/p1919 and http://www.yso.fi/onto/ekso/p2775 connected by both skos:broaderTransitive and skos:related, removing skos:related
WARNING: Concepts http://www.yso.fi/onto/ekso/p1928 and http://www.yso.fi/onto/ekso/p663 connected by both skos:broaderTransitive and skos:related, removing skos:related
WARNING: Concepts http://www.yso.fi/onto/ekso/p1934 and http://www.yso.fi/onto/ekso/p596 connected by both skos:broaderTransitive and skos:related, removing skos:related
WARNING: Concepts http://www.yso.fi/onto/ekso/p1945 and http://www.yso.fi/onto/ekso/p1944 connected by both skos:broaderTransitive and skos:related, removing skos:related
WARNING: Concepts http://www.yso.fi/onto/ekso/p1950 and http://www.yso.fi/onto/ekso/p663 connected by both skos:broaderTransitive and skos:related, removing skos:related
WARNING: Concepts http://www.yso.fi/onto/ekso/p1957 and http://www.yso.fi/onto/ekso/p2587 connected by both skos:broaderTransitive and skos:related, removing skos:related
WARNING: Concepts http://www.yso.fi/onto/ekso/p1969 and http://www.yso.fi/onto/ekso/p1655 connected by both skos:broaderTransitive and skos:related, removing skos:related
WARNING: Concepts http://www.yso.fi/onto/ekso/p1981 and http://www.yso.fi/onto/ekso/p1252 connected by both skos:broaderTransitive and skos:related, removing skos:related
WARNING: Concepts http://www.yso.fi/onto/ekso/p1990 and http://www.yso.fi/onto/ekso/p3211 connected by both skos:broaderTransitive and skos:related, removing skos:related
WARNING: Concepts http://www.yso.fi/onto/ekso/p1995 and http://www.yso.fi/onto/ekso/p557 connected by both skos:broaderTransitive and skos:related, removing skos:related
WARNING: Concepts http://www.yso.fi/onto/ekso/p2009 and http://www.yso.fi/onto/ekso/p735 connected by both skos:broaderTransitive and skos:related, removing skos:related
WARNING: Concepts http://www.yso.fi/onto/ekso/p2014 and http://www.yso.fi/onto/ekso/p1558 connected by both skos:broaderTransitive and skos:related, removing skos:related
WARNING: Concepts http://www.yso.fi/onto/ekso/p202 and http://www.yso.fi/onto/ekso/p1268 connected by both skos:broaderTransitive and skos:related, removing skos:related
WARNING: Concepts http://www.yso.fi/onto/ekso/p2020 and http://www.yso.fi/onto/ekso/p2643 connected by both skos:broaderTransitive and skos:related, removing skos:related
WARNING: Concepts http://www.yso.fi/onto/ekso/p2021 and http://www.yso.fi/onto/ekso/p36 connected by both skos:broaderTransitive and skos:related, removing skos:related
WARNING: Concepts http://www.yso.fi/onto/ekso/p2026 and http://www.yso.fi/onto/ekso/p755 connected by both skos:broaderTransitive and skos:related, removing skos:related
WARNING: Concepts http://www.yso.fi/onto/ekso/p2031 and http://www.yso.fi/onto/ekso/p489 connected by both skos:broaderTransitive and skos:related, removing skos:related
WARNING: Concepts http://www.yso.fi/onto/ekso/p2051 and http://www.yso.fi/onto/ekso/p897 connected by both skos:broaderTransitive and skos:related, removing skos:related
WARNING: Concepts http://www.yso.fi/onto/ekso/p2060 and http://www.yso.fi/onto/ekso/p1885 connected by both skos:broaderTransitive and skos:related, removing skos:related
WARNING: Concepts http://www.yso.fi/onto/ekso/p2066 and http://www.yso.fi/onto/ekso/p1835 connected by both skos:broaderTransitive and skos:related, removing skos:related
WARNING: Concepts http://www.yso.fi/onto/ekso/p2083 and http://www.yso.fi/onto/ekso/p2678 connected by both skos:broaderTransitive and skos:related, removing skos:related
WARNING: Concepts http://www.yso.fi/onto/ekso/p2084 and http://www.yso.fi/onto/ekso/p485 connected by both skos:broaderTransitive and skos:related, removing skos:related
WARNING: Concepts http://www.yso.fi/onto/ekso/p2085 and http://www.yso.fi/onto/ekso/p934 connected by both skos:broaderTransitive and skos:related, removing skos:related
WARNING: Concepts http://www.yso.fi/onto/ekso/p2115 and http://www.yso.fi/onto/ekso/p1303 connected by both skos:broaderTransitive and skos:related, removing skos:related
WARNING: Concepts http://www.yso.fi/onto/ekso/p2118 and http://www.yso.fi/onto/ekso/p617 connected by both skos:broaderTransitive and skos:related, removing skos:related
WARNING: Concepts http://www.yso.fi/onto/ekso/p2121 and http://www.yso.fi/onto/ekso/p3722 connected by both skos:broaderTransitive and skos:related, removing skos:related
WARNING: Concepts http://www.yso.fi/onto/ekso/p214 and http://www.yso.fi/onto/ekso/p1793 connected by both skos:broaderTransitive and skos:related, removing skos:related
WARNING: Concepts http://www.yso.fi/onto/ekso/p2150 and http://www.yso.fi/onto/ekso/p735 connected by both skos:broaderTransitive and skos:related, removing skos:related
WARNING: Concepts http://www.yso.fi/onto/ekso/p2154 and http://www.yso.fi/onto/ekso/p2839 connected by both skos:broaderTransitive and skos:related, removing skos:related
WARNING: Concepts http://www.yso.fi/onto/ekso/p2159 and http://www.yso.fi/onto/ekso/p217 connected by both skos:broaderTransitive and skos:related, removing skos:related
WARNING: Concepts http://www.yso.fi/onto/ekso/p216 and http://www.yso.fi/onto/ekso/p217 connected by both skos:broaderTransitive and skos:related, removing skos:related
WARNING: Concepts http://www.yso.fi/onto/ekso/p2163 and http://www.yso.fi/onto/ekso/p755 connected by both skos:broaderTransitive and skos:related, removing skos:related
WARNING: Concepts http://www.yso.fi/onto/ekso/p2168 and http://www.yso.fi/onto/ekso/p3826 connected by both skos:broaderTransitive and skos:related, removing skos:related
WARNING: Concepts http://www.yso.fi/onto/ekso/p2185 and http://www.yso.fi/onto/ekso/p897 connected by both skos:broaderTransitive and skos:related, removing skos:related
WARNING: Concepts http://www.yso.fi/onto/ekso/p2194 and http://www.yso.fi/onto/ekso/p421 connected by both skos:broaderTransitive and skos:related, removing skos:related
WARNING: Concepts http://www.yso.fi/onto/ekso/p22 and http://www.yso.fi/onto/ekso/p1653 connected by both skos:broaderTransitive and skos:related, removing skos:related
WARNING: Concepts http://www.yso.fi/onto/ekso/p220 and http://www.yso.fi/onto/ekso/p985 connected by both skos:broaderTransitive and skos:related, removing skos:related
WARNING: Concepts http://www.yso.fi/onto/ekso/p2200 and http://www.yso.fi/onto/ekso/p788 connected by both skos:broaderTransitive and skos:related, removing skos:related
WARNING: Concepts http://www.yso.fi/onto/ekso/p2201 and http://www.yso.fi/onto/ekso/p325 connected by both skos:broaderTransitive and skos:related, removing skos:related
WARNING: Concepts http://www.yso.fi/onto/ekso/p2205 and http://www.yso.fi/onto/ekso/p3722 connected by both skos:broaderTransitive and skos:related, removing skos:related
WARNING: Concepts http://www.yso.fi/onto/ekso/p2207 and http://www.yso.fi/onto/ekso/p985 connected by both skos:broaderTransitive and skos:related, removing skos:related
WARNING: Concepts http://www.yso.fi/onto/ekso/p2217 and http://www.yso.fi/onto/ekso/p290 connected by both skos:broaderTransitive and skos:related, removing skos:related
WARNING: Concepts http://www.yso.fi/onto/ekso/p2217 and http://www.yso.fi/onto/ekso/p315 connected by both skos:broaderTransitive and skos:related, removing skos:related
WARNING: Concepts http://www.yso.fi/onto/ekso/p2229 and http://www.yso.fi/onto/ekso/p663 connected by both skos:broaderTransitive and skos:related, removing skos:related
WARNING: Concepts http://www.yso.fi/onto/ekso/p223 and http://www.yso.fi/onto/ekso/p2055 connected by both skos:broaderTransitive and skos:related, removing skos:related
WARNING: Concepts http://www.yso.fi/onto/ekso/p2244 and http://www.yso.fi/onto/ekso/p1163 connected by both skos:broaderTransitive and skos:related, removing skos:related
WARNING: Concepts http://www.yso.fi/onto/ekso/p2249 and http://www.yso.fi/onto/ekso/p1639 connected by both skos:broaderTransitive and skos:related, removing skos:related
WARNING: Concepts http://www.yso.fi/onto/ekso/p2259 and http://www.yso.fi/onto/ekso/p1894 connected by both skos:broaderTransitive and skos:related, removing skos:related
WARNING: Concepts http://www.yso.fi/onto/ekso/p2279 and http://www.yso.fi/onto/ekso/p1010 connected by both skos:broaderTransitive and skos:related, removing skos:related
WARNING: Concepts http://www.yso.fi/onto/ekso/p2284 and http://www.yso.fi/onto/ekso/p3116 connected by both skos:broaderTransitive and skos:related, removing skos:related
WARNING: Concepts http://www.yso.fi/onto/ekso/p2301 and http://www.yso.fi/onto/ekso/p2695 connected by both skos:broaderTransitive and skos:related, removing skos:related
WARNING: Concepts http://www.yso.fi/onto/ekso/p2310 and http://www.yso.fi/onto/ekso/p663 connected by both skos:broaderTransitive and skos:related, removing skos:related
WARNING: Concepts http://www.yso.fi/onto/ekso/p2326 and http://www.yso.fi/onto/ekso/p2487 connected by both skos:broaderTransitive and skos:related, removing skos:related
WARNING: Concepts http://www.yso.fi/onto/ekso/p2327 and http://www.yso.fi/onto/ekso/p2168 connected by both skos:broaderTransitive and skos:related, removing skos:related
WARNING: Concepts http://www.yso.fi/onto/ekso/p2329 and http://www.yso.fi/onto/ekso/p2522 connected by both skos:broaderTransitive and skos:related, removing skos:related
WARNING: Concepts http://www.yso.fi/onto/ekso/p2329 and http://www.yso.fi/onto/ekso/p509 connected by both skos:broaderTransitive and skos:related, removing skos:related
WARNING: Concepts http://www.yso.fi/onto/ekso/p2335 and http://www.yso.fi/onto/ekso/p13 connected by both skos:broaderTransitive and skos:related, removing skos:related
WARNING: Concepts http://www.yso.fi/onto/ekso/p234 and http://www.yso.fi/onto/ekso/p2847 connected by both skos:broaderTransitive and skos:related, removing skos:related
WARNING: Concepts http://www.yso.fi/onto/ekso/p2342 and http://www.yso.fi/onto/ekso/p1835 connected by both skos:broaderTransitive and skos:related, removing skos:related
WARNING: Concepts http://www.yso.fi/onto/ekso/p2345 and http://www.yso.fi/onto/ekso/p1908 connected by both skos:broaderTransitive and skos:related, removing skos:related
WARNING: Concepts http://www.yso.fi/onto/ekso/p2351 and http://www.yso.fi/onto/ekso/p358 connected by both skos:broaderTransitive and skos:related, removing skos:related
WARNING: Concepts http://www.yso.fi/onto/ekso/p2369 and http://www.yso.fi/onto/ekso/p1443 connected by both skos:broaderTransitive and skos:related, removing skos:related
WARNING: Concepts http://www.yso.fi/onto/ekso/p2371 and http://www.yso.fi/onto/ekso/p3131 connected by both skos:broaderTransitive and skos:related, removing skos:related
WARNING: Concepts http://www.yso.fi/onto/ekso/p2374 and http://www.yso.fi/onto/ekso/p532 connected by both skos:broaderTransitive and skos:related, removing skos:related
WARNING: Concepts http://www.yso.fi/onto/ekso/p2385 and http://www.yso.fi/onto/ekso/p735 connected by both skos:broaderTransitive and skos:related, removing skos:related
WARNING: Concepts http://www.yso.fi/onto/ekso/p2389 and http://www.yso.fi/onto/ekso/p331 connected by both skos:broaderTransitive and skos:related, removing skos:related
WARNING: Concepts http://www.yso.fi/onto/ekso/p2414 and http://www.yso.fi/onto/ekso/p735 connected by both skos:broaderTransitive and skos:related, removing skos:related
WARNING: Concepts http://www.yso.fi/onto/ekso/p2451 and http://www.yso.fi/onto/ekso/p2055 connected by both skos:broaderTransitive and skos:related, removing skos:related
WARNING: Concepts http://www.yso.fi/onto/ekso/p2454 and http://www.yso.fi/onto/ekso/p438 connected by both skos:broaderTransitive and skos:related, removing skos:related
WARNING: Concepts http://www.yso.fi/onto/ekso/p2465 and http://www.yso.fi/onto/ekso/p2237 connected by both skos:broaderTransitive and skos:related, removing skos:related
WARNING: Concepts http://www.yso.fi/onto/ekso/p247 and http://www.yso.fi/onto/ekso/p755 connected by both skos:broaderTransitive and skos:related, removing skos:related
WARNING: Concepts http://www.yso.fi/onto/ekso/p2470 and http://www.yso.fi/onto/ekso/p1006 connected by both skos:broaderTransitive and skos:related, removing skos:related
WARNING: Concepts http://www.yso.fi/onto/ekso/p2470 and http://www.yso.fi/onto/ekso/p735 connected by both skos:broaderTransitive and skos:related, removing skos:related
WARNING: Concepts http://www.yso.fi/onto/ekso/p2472 and http://www.yso.fi/onto/ekso/p13 connected by both skos:broaderTransitive and skos:related, removing skos:related
WARNING: Concepts http://www.yso.fi/onto/ekso/p2482 and http://www.yso.fi/onto/ekso/p3107 connected by both skos:broaderTransitive and skos:related, removing skos:related
WARNING: Concepts http://www.yso.fi/onto/ekso/p2490 and http://www.yso.fi/onto/ekso/p1014 connected by both skos:broaderTransitive and skos:related, removing skos:related
WARNING: Concepts http://www.yso.fi/onto/ekso/p2491 and http://www.yso.fi/onto/ekso/p1835 connected by both skos:broaderTransitive and skos:related, removing skos:related
WARNING: Concepts http://www.yso.fi/onto/ekso/p2511 and http://www.yso.fi/onto/ekso/p9 connected by both skos:broaderTransitive and skos:related, removing skos:related
WARNING: Concepts http://www.yso.fi/onto/ekso/p2519 and http://www.yso.fi/onto/ekso/p1550 connected by both skos:broaderTransitive and skos:related, removing skos:related
WARNING: Concepts http://www.yso.fi/onto/ekso/p2522 and http://www.yso.fi/onto/ekso/p509 connected by both skos:broaderTransitive and skos:related, removing skos:related
WARNING: Concepts http://www.yso.fi/onto/ekso/p2536 and http://www.yso.fi/onto/ekso/p509 connected by both skos:broaderTransitive and skos:related, removing skos:related
WARNING: Concepts http://www.yso.fi/onto/ekso/p2539 and http://www.yso.fi/onto/ekso/p521 connected by both skos:broaderTransitive and skos:related, removing skos:related
WARNING: Concepts http://www.yso.fi/onto/ekso/p2555 and http://www.yso.fi/onto/ekso/p361 connected by both skos:broaderTransitive and skos:related, removing skos:related
WARNING: Concepts http://www.yso.fi/onto/ekso/p2579 and http://www.yso.fi/onto/ekso/p904 connected by both skos:broaderTransitive and skos:related, removing skos:related
WARNING: Concepts http://www.yso.fi/onto/ekso/p2582 and http://www.yso.fi/onto/ekso/p1935 connected by both skos:broaderTransitive and skos:related, removing skos:related
WARNING: Concepts http://www.yso.fi/onto/ekso/p2586 and http://www.yso.fi/onto/ekso/p897 connected by both skos:broaderTransitive and skos:related, removing skos:related
WARNING: Concepts http://www.yso.fi/onto/ekso/p2595 and http://www.yso.fi/onto/ekso/p663 connected by both skos:broaderTransitive and skos:related, removing skos:related
WARNING: Concepts http://www.yso.fi/onto/ekso/p2599 and http://www.yso.fi/onto/ekso/p735 connected by both skos:broaderTransitive and skos:related, removing skos:related
WARNING: Concepts http://www.yso.fi/onto/ekso/p2615 and http://www.yso.fi/onto/ekso/p178 connected by both skos:broaderTransitive and skos:related, removing skos:related
WARNING: Concepts http://www.yso.fi/onto/ekso/p2615 and http://www.yso.fi/onto/ekso/p1877 connected by both skos:broaderTransitive and skos:related, removing skos:related
WARNING: Concepts http://www.yso.fi/onto/ekso/p2628 and http://www.yso.fi/onto/ekso/p1112 connected by both skos:broaderTransitive and skos:related, removing skos:related
WARNING: Concepts http://www.yso.fi/onto/ekso/p2640 and http://www.yso.fi/onto/ekso/p1498 connected by both skos:broaderTransitive and skos:related, removing skos:related
WARNING: Concepts http://www.yso.fi/onto/ekso/p2646 and http://www.yso.fi/onto/ekso/p2348 connected by both skos:broaderTransitive and skos:related, removing skos:related
WARNING: Concepts http://www.yso.fi/onto/ekso/p267 and http://www.yso.fi/onto/ekso/p2026 connected by both skos:broaderTransitive and skos:related, removing skos:related
WARNING: Concepts http://www.yso.fi/onto/ekso/p268 and http://www.yso.fi/onto/ekso/p1835 connected by both skos:broaderTransitive and skos:related, removing skos:related
WARNING: Concepts http://www.yso.fi/onto/ekso/p2696 and http://www.yso.fi/onto/ekso/p2237 connected by both skos:broaderTransitive and skos:related, removing skos:related
WARNING: Concepts http://www.yso.fi/onto/ekso/p2708 and http://www.yso.fi/onto/ekso/p2015 connected by both skos:broaderTransitive and skos:related, removing skos:related
WARNING: Concepts http://www.yso.fi/onto/ekso/p2711 and http://www.yso.fi/onto/ekso/p1558 connected by both skos:broaderTransitive and skos:related, removing skos:related
WARNING: Concepts http://www.yso.fi/onto/ekso/p2712 and http://www.yso.fi/onto/ekso/p2558 connected by both skos:broaderTransitive and skos:related, removing skos:related
WARNING: Concepts http://www.yso.fi/onto/ekso/p2713 and http://www.yso.fi/onto/ekso/p421 connected by both skos:broaderTransitive and skos:related, removing skos:related
WARNING: Concepts http://www.yso.fi/onto/ekso/p2716 and http://www.yso.fi/onto/ekso/p663 connected by both skos:broaderTransitive and skos:related, removing skos:related
WARNING: Concepts http://www.yso.fi/onto/ekso/p2729 and http://www.yso.fi/onto/ekso/p735 connected by both skos:broaderTransitive and skos:related, removing skos:related
WARNING: Concepts http://www.yso.fi/onto/ekso/p2739 and http://www.yso.fi/onto/ekso/p663 connected by both skos:broaderTransitive and skos:related, removing skos:related
WARNING: Concepts http://www.yso.fi/onto/ekso/p2748 and http://www.yso.fi/onto/ekso/p1558 connected by both skos:broaderTransitive and skos:related, removing skos:related
WARNING: Concepts http://www.yso.fi/onto/ekso/p2749 and http://www.yso.fi/onto/ekso/p1163 connected by both skos:broaderTransitive and skos:related, removing skos:related
WARNING: Concepts http://www.yso.fi/onto/ekso/p2752 and http://www.yso.fi/onto/ekso/p1505 connected by both skos:broaderTransitive and skos:related, removing skos:related
WARNING: Concepts http://www.yso.fi/onto/ekso/p2755 and http://www.yso.fi/onto/ekso/p9 connected by both skos:broaderTransitive and skos:related, removing skos:related
WARNING: Concepts http://www.yso.fi/onto/ekso/p2765 and http://www.yso.fi/onto/ekso/p509 connected by both skos:broaderTransitive and skos:related, removing skos:related
WARNING: Concepts http://www.yso.fi/onto/ekso/p2771 and http://www.yso.fi/onto/ekso/p3103 connected by both skos:broaderTransitive and skos:related, removing skos:related
WARNING: Concepts http://www.yso.fi/onto/ekso/p2778 and http://www.yso.fi/onto/ekso/p3859 connected by both skos:broaderTransitive and skos:related, removing skos:related
WARNING: Concepts http://www.yso.fi/onto/ekso/p2787 and http://www.yso.fi/onto/ekso/p13 connected by both skos:broaderTransitive and skos:related, removing skos:related
WARNING: Concepts http://www.yso.fi/onto/ekso/p279 and http://www.yso.fi/onto/ekso/p1558 connected by both skos:broaderTransitive and skos:related, removing skos:related
WARNING: Concepts http://www.yso.fi/onto/ekso/p2796 and http://www.yso.fi/onto/ekso/p1443 connected by both skos:broaderTransitive and skos:related, removing skos:related
WARNING: Concepts http://www.yso.fi/onto/ekso/p28 and http://www.yso.fi/onto/ekso/p421 connected by both skos:broaderTransitive and skos:related, removing skos:related
WARNING: Concepts http://www.yso.fi/onto/ekso/p2806 and http://www.yso.fi/onto/ekso/p3771 connected by both skos:broaderTransitive and skos:related, removing skos:related
WARNING: Concepts http://www.yso.fi/onto/ekso/p2819 and http://www.yso.fi/onto/ekso/p1030 connected by both skos:broaderTransitive and skos:related, removing skos:related
WARNING: Concepts http://www.yso.fi/onto/ekso/p2838 and http://www.yso.fi/onto/ekso/p557 connected by both skos:broaderTransitive and skos:related, removing skos:related
WARNING: Concepts http://www.yso.fi/onto/ekso/p2851 and http://www.yso.fi/onto/ekso/p509 connected by both skos:broaderTransitive and skos:related, removing skos:related
WARNING: Concepts http://www.yso.fi/onto/ekso/p2857 and http://www.yso.fi/onto/ekso/p929 connected by both skos:broaderTransitive and skos:related, removing skos:related
WARNING: Concepts http://www.yso.fi/onto/ekso/p2877 and http://www.yso.fi/onto/ekso/p1857 connected by both skos:broaderTransitive and skos:related, removing skos:related
WARNING: Concepts http://www.yso.fi/onto/ekso/p2881 and http://www.yso.fi/onto/ekso/p1558 connected by both skos:broaderTransitive and skos:related, removing skos:related
WARNING: Concepts http://www.yso.fi/onto/ekso/p2882 and http://www.yso.fi/onto/ekso/p1112 connected by both skos:broaderTransitive and skos:related, removing skos:related
WARNING: Concepts http://www.yso.fi/onto/ekso/p2888 and http://www.yso.fi/onto/ekso/p1466 connected by both skos:broaderTransitive and skos:related, removing skos:related
WARNING: Concepts http://www.yso.fi/onto/ekso/p2889 and http://www.yso.fi/onto/ekso/p897 connected by both skos:broaderTransitive and skos:related, removing skos:related
WARNING: Concepts http://www.yso.fi/onto/ekso/p2893 and http://www.yso.fi/onto/ekso/p985 connected by both skos:broaderTransitive and skos:related, removing skos:related
WARNING: Concepts http://www.yso.fi/onto/ekso/p2905 and http://www.yso.fi/onto/ekso/p521 connected by both skos:broaderTransitive and skos:related, removing skos:related
WARNING: Concepts http://www.yso.fi/onto/ekso/p2906 and http://www.yso.fi/onto/ekso/p1944 connected by both skos:broaderTransitive and skos:related, removing skos:related
WARNING: Concepts http://www.yso.fi/onto/ekso/p2916 and http://www.yso.fi/onto/ekso/p2910 connected by both skos:broaderTransitive and skos:related, removing skos:related
WARNING: Concepts http://www.yso.fi/onto/ekso/p2920 and http://www.yso.fi/onto/ekso/p596 connected by both skos:broaderTransitive and skos:related, removing skos:related
WARNING: Concepts http://www.yso.fi/onto/ekso/p2922 and http://www.yso.fi/onto/ekso/p663 connected by both skos:broaderTransitive and skos:related, removing skos:related
WARNING: Concepts http://www.yso.fi/onto/ekso/p2924 and http://www.yso.fi/onto/ekso/p1505 connected by both skos:broaderTransitive and skos:related, removing skos:related
WARNING: Concepts http://www.yso.fi/onto/ekso/p2931 and http://www.yso.fi/onto/ekso/p2909 connected by both skos:broaderTransitive and skos:related, removing skos:related
WARNING: Concepts http://www.yso.fi/onto/ekso/p2938 and http://www.yso.fi/onto/ekso/p1558 connected by both skos:broaderTransitive and skos:related, removing skos:related
WARNING: Concepts http://www.yso.fi/onto/ekso/p2945 and http://www.yso.fi/onto/ekso/p364 connected by both skos:broaderTransitive and skos:related, removing skos:related
WARNING: Concepts http://www.yso.fi/onto/ekso/p2951 and http://www.yso.fi/onto/ekso/p9 connected by both skos:broaderTransitive and skos:related, removing skos:related
WARNING: Concepts http://www.yso.fi/onto/ekso/p2954 and http://www.yso.fi/onto/ekso/p1653 connected by both skos:broaderTransitive and skos:related, removing skos:related
WARNING: Concepts http://www.yso.fi/onto/ekso/p2961 and http://www.yso.fi/onto/ekso/p1455 connected by both skos:broaderTransitive and skos:related, removing skos:related
WARNING: Concepts http://www.yso.fi/onto/ekso/p2971 and http://www.yso.fi/onto/ekso/p1639 connected by both skos:broaderTransitive and skos:related, removing skos:related
WARNING: Concepts http://www.yso.fi/onto/ekso/p2976 and http://www.yso.fi/onto/ekso/p1531 connected by both skos:broaderTransitive and skos:related, removing skos:related
WARNING: Concepts http://www.yso.fi/onto/ekso/p2979 and http://www.yso.fi/onto/ekso/p189 connected by both skos:broaderTransitive and skos:related, removing skos:related
WARNING: Concepts http://www.yso.fi/onto/ekso/p2979 and http://www.yso.fi/onto/ekso/p1935 connected by both skos:broaderTransitive and skos:related, removing skos:related
WARNING: Concepts http://www.yso.fi/onto/ekso/p298 and http://www.yso.fi/onto/ekso/p1957 connected by both skos:broaderTransitive and skos:related, removing skos:related
WARNING: Concepts http://www.yso.fi/onto/ekso/p298 and http://www.yso.fi/onto/ekso/p930 connected by both skos:broaderTransitive and skos:related, removing skos:related
WARNING: Concepts http://www.yso.fi/onto/ekso/p3003 and http://www.yso.fi/onto/ekso/p3680 connected by both skos:broaderTransitive and skos:related, removing skos:related
WARNING: Concepts http://www.yso.fi/onto/ekso/p3007 and http://www.yso.fi/onto/ekso/p1639 connected by both skos:broaderTransitive and skos:related, removing skos:related
WARNING: Concepts http://www.yso.fi/onto/ekso/p3019 and http://www.yso.fi/onto/ekso/p3722 connected by both skos:broaderTransitive and skos:related, removing skos:related
WARNING: Concepts http://www.yso.fi/onto/ekso/p3029 and http://www.yso.fi/onto/ekso/p1303 connected by both skos:broaderTransitive and skos:related, removing skos:related
WARNING: Concepts http://www.yso.fi/onto/ekso/p304 and http://www.yso.fi/onto/ekso/p3107 connected by both skos:broaderTransitive and skos:related, removing skos:related
WARNING: Concepts http://www.yso.fi/onto/ekso/p3040 and http://www.yso.fi/onto/ekso/p755 connected by both skos:broaderTransitive and skos:related, removing skos:related
WARNING: Concepts http://www.yso.fi/onto/ekso/p3042 and http://www.yso.fi/onto/ekso/p2468 connected by both skos:broaderTransitive and skos:related, removing skos:related
WARNING: Concepts http://www.yso.fi/onto/ekso/p306 and http://www.yso.fi/onto/ekso/p504 connected by both skos:broaderTransitive and skos:related, removing skos:related
WARNING: Concepts http://www.yso.fi/onto/ekso/p3061 and http://www.yso.fi/onto/ekso/p3922 connected by both skos:broaderTransitive and skos:related, removing skos:related
WARNING: Concepts http://www.yso.fi/onto/ekso/p3062 and http://www.yso.fi/onto/ekso/p1112 connected by both skos:broaderTransitive and skos:related, removing skos:related
WARNING: Concepts http://www.yso.fi/onto/ekso/p3069 and http://www.yso.fi/onto/ekso/p663 connected by both skos:broaderTransitive and skos:related, removing skos:related
WARNING: Concepts http://www.yso.fi/onto/ekso/p3075 and http://www.yso.fi/onto/ekso/p788 connected by both skos:broaderTransitive and skos:related, removing skos:related
WARNING: Concepts http://www.yso.fi/onto/ekso/p3076 and http://www.yso.fi/onto/ekso/p1813 connected by both skos:broaderTransitive and skos:related, removing skos:related
WARNING: Concepts http://www.yso.fi/onto/ekso/p3097 and http://www.yso.fi/onto/ekso/p1014 connected by both skos:broaderTransitive and skos:related, removing skos:related
WARNING: Concepts http://www.yso.fi/onto/ekso/p31 and http://www.yso.fi/onto/ekso/p1380 connected by both skos:broaderTransitive and skos:related, removing skos:related
WARNING: Concepts http://www.yso.fi/onto/ekso/p3101 and http://www.yso.fi/onto/ekso/p1835 connected by both skos:broaderTransitive and skos:related, removing skos:related
WARNING: Concepts http://www.yso.fi/onto/ekso/p3130 and http://www.yso.fi/onto/ekso/p897 connected by both skos:broaderTransitive and skos:related, removing skos:related
WARNING: Concepts http://www.yso.fi/onto/ekso/p3158 and http://www.yso.fi/onto/ekso/p2055 connected by both skos:broaderTransitive and skos:related, removing skos:related
WARNING: Concepts http://www.yso.fi/onto/ekso/p3169 and http://www.yso.fi/onto/ekso/p504 connected by both skos:broaderTransitive and skos:related, removing skos:related
WARNING: Concepts http://www.yso.fi/onto/ekso/p319 and http://www.yso.fi/onto/ekso/p178 connected by both skos:broaderTransitive and skos:related, removing skos:related
WARNING: Concepts http://www.yso.fi/onto/ekso/p3192 and http://www.yso.fi/onto/ekso/p1786 connected by both skos:broaderTransitive and skos:related, removing skos:related
WARNING: Concepts http://www.yso.fi/onto/ekso/p3193 and http://www.yso.fi/onto/ekso/p475 connected by both skos:broaderTransitive and skos:related, removing skos:related
WARNING: Concepts http://www.yso.fi/onto/ekso/p3201 and http://www.yso.fi/onto/ekso/p663 connected by both skos:broaderTransitive and skos:related, removing skos:related
WARNING: Concepts http://www.yso.fi/onto/ekso/p3209 and http://www.yso.fi/onto/ekso/p2774 connected by both skos:broaderTransitive and skos:related, removing skos:related
WARNING: Concepts http://www.yso.fi/onto/ekso/p3226 and http://www.yso.fi/onto/ekso/p1944 connected by both skos:broaderTransitive and skos:related, removing skos:related
WARNING: Concepts http://www.yso.fi/onto/ekso/p3243 and http://www.yso.fi/onto/ekso/p2759 connected by both skos:broaderTransitive and skos:related, removing skos:related
WARNING: Concepts http://www.yso.fi/onto/ekso/p3244 and http://www.yso.fi/onto/ekso/p3722 connected by both skos:broaderTransitive and skos:related, removing skos:related
WARNING: Concepts http://www.yso.fi/onto/ekso/p3257 and http://www.yso.fi/onto/ekso/p4222 connected by both skos:broaderTransitive and skos:related, removing skos:related
WARNING: Concepts http://www.yso.fi/onto/ekso/p3265 and http://www.yso.fi/onto/ekso/p596 connected by both skos:broaderTransitive and skos:related, removing skos:related
WARNING: Concepts http://www.yso.fi/onto/ekso/p3271 and http://www.yso.fi/onto/ekso/p2026 connected by both skos:broaderTransitive and skos:related, removing skos:related
WARNING: Concepts http://www.yso.fi/onto/ekso/p3295 and http://www.yso.fi/onto/ekso/p1835 connected by both skos:broaderTransitive and skos:related, removing skos:related
WARNING: Concepts http://www.yso.fi/onto/ekso/p3303 and http://www.yso.fi/onto/ekso/p557 connected by both skos:broaderTransitive and skos:related, removing skos:related
WARNING: Concepts http://www.yso.fi/onto/ekso/p3312 and http://www.yso.fi/onto/ekso/p663 connected by both skos:broaderTransitive and skos:related, removing skos:related
WARNING: Concepts http://www.yso.fi/onto/ekso/p3327 and http://www.yso.fi/onto/ekso/p2253 connected by both skos:broaderTransitive and skos:related, removing skos:related
WARNING: Concepts http://www.yso.fi/onto/ekso/p3331 and http://www.yso.fi/onto/ekso/p2285 connected by both skos:broaderTransitive and skos:related, removing skos:related
WARNING: Concepts http://www.yso.fi/onto/ekso/p3333 and http://www.yso.fi/onto/ekso/p13 connected by both skos:broaderTransitive and skos:related, removing skos:related
WARNING: Concepts http://www.yso.fi/onto/ekso/p3335 and http://www.yso.fi/onto/ekso/p509 connected by both skos:broaderTransitive and skos:related, removing skos:related
WARNING: Concepts http://www.yso.fi/onto/ekso/p3337 and http://www.yso.fi/onto/ekso/p1112 connected by both skos:broaderTransitive and skos:related, removing skos:related
WARNING: Concepts http://www.yso.fi/onto/ekso/p3351 and http://www.yso.fi/onto/ekso/p739 connected by both skos:broaderTransitive and skos:related, removing skos:related
WARNING: Concepts http://www.yso.fi/onto/ekso/p3354 and http://www.yso.fi/onto/ekso/p2862 connected by both skos:broaderTransitive and skos:related, removing skos:related
WARNING: Concepts http://www.yso.fi/onto/ekso/p3355 and http://www.yso.fi/onto/ekso/p1835 connected by both skos:broaderTransitive and skos:related, removing skos:related
WARNING: Concepts http://www.yso.fi/onto/ekso/p3358 and http://www.yso.fi/onto/ekso/p663 connected by both skos:broaderTransitive and skos:related, removing skos:related
WARNING: Concepts http://www.yso.fi/onto/ekso/p3363 and http://www.yso.fi/onto/ekso/p3722 connected by both skos:broaderTransitive and skos:related, removing skos:related
WARNING: Concepts http://www.yso.fi/onto/ekso/p3364 and http://www.yso.fi/onto/ekso/p433 connected by both skos:broaderTransitive and skos:related, removing skos:related
WARNING: Concepts http://www.yso.fi/onto/ekso/p3365 and http://www.yso.fi/onto/ekso/p1857 connected by both skos:broaderTransitive and skos:related, removing skos:related
WARNING: Concepts http://www.yso.fi/onto/ekso/p3366 and http://www.yso.fi/onto/ekso/p735 connected by both skos:broaderTransitive and skos:related, removing skos:related
WARNING: Concepts http://www.yso.fi/onto/ekso/p3371 and http://www.yso.fi/onto/ekso/p1163 connected by both skos:broaderTransitive and skos:related, removing skos:related
WARNING: Concepts http://www.yso.fi/onto/ekso/p3372 and http://www.yso.fi/onto/ekso/p3868 connected by both skos:broaderTransitive and skos:related, removing skos:related
WARNING: Concepts http://www.yso.fi/onto/ekso/p3388 and http://www.yso.fi/onto/ekso/p770 connected by both skos:broaderTransitive and skos:related, removing skos:related
WARNING: Concepts http://www.yso.fi/onto/ekso/p3395 and http://www.yso.fi/onto/ekso/p4096 connected by both skos:broaderTransitive and skos:related, removing skos:related
WARNING: Concepts http://www.yso.fi/onto/ekso/p341 and http://www.yso.fi/onto/ekso/p2622 connected by both skos:broaderTransitive and skos:related, removing skos:related
WARNING: Concepts http://www.yso.fi/onto/ekso/p343 and http://www.yso.fi/onto/ekso/p2730 connected by both skos:broaderTransitive and skos:related, removing skos:related
WARNING: Concepts http://www.yso.fi/onto/ekso/p343 and http://www.yso.fi/onto/ekso/p364 connected by both skos:broaderTransitive and skos:related, removing skos:related
WARNING: Concepts http://www.yso.fi/onto/ekso/p3435 and http://www.yso.fi/onto/ekso/p1484 connected by both skos:broaderTransitive and skos:related, removing skos:related
WARNING: Concepts http://www.yso.fi/onto/ekso/p3442 and http://www.yso.fi/onto/ekso/p1835 connected by both skos:broaderTransitive and skos:related, removing skos:related
WARNING: Concepts http://www.yso.fi/onto/ekso/p3457 and http://www.yso.fi/onto/ekso/p2638 connected by both skos:broaderTransitive and skos:related, removing skos:related
WARNING: Concepts http://www.yso.fi/onto/ekso/p3478 and http://www.yso.fi/onto/ekso/p315 connected by both skos:broaderTransitive and skos:related, removing skos:related
WARNING: Concepts http://www.yso.fi/onto/ekso/p3496 and http://www.yso.fi/onto/ekso/p1558 connected by both skos:broaderTransitive and skos:related, removing skos:related
WARNING: Concepts http://www.yso.fi/onto/ekso/p3506 and http://www.yso.fi/onto/ekso/p683 connected by both skos:broaderTransitive and skos:related, removing skos:related
WARNING: Concepts http://www.yso.fi/onto/ekso/p3507 and http://www.yso.fi/onto/ekso/p53 connected by both skos:broaderTransitive and skos:related, removing skos:related
WARNING: Concepts http://www.yso.fi/onto/ekso/p3512 and http://www.yso.fi/onto/ekso/p3463 connected by both skos:broaderTransitive and skos:related, removing skos:related
WARNING: Concepts http://www.yso.fi/onto/ekso/p3531 and http://www.yso.fi/onto/ekso/p1750 connected by both skos:broaderTransitive and skos:related, removing skos:related
WARNING: Concepts http://www.yso.fi/onto/ekso/p3531 and http://www.yso.fi/onto/ekso/p3530 connected by both skos:broaderTransitive and skos:related, removing skos:related
WARNING: Concepts http://www.yso.fi/onto/ekso/p3533 and http://www.yso.fi/onto/ekso/p2055 connected by both skos:broaderTransitive and skos:related, removing skos:related
WARNING: Concepts http://www.yso.fi/onto/ekso/p3537 and http://www.yso.fi/onto/ekso/p3664 connected by both skos:broaderTransitive and skos:related, removing skos:related
WARNING: Concepts http://www.yso.fi/onto/ekso/p3541 and http://www.yso.fi/onto/ekso/p3722 connected by both skos:broaderTransitive and skos:related, removing skos:related
WARNING: Concepts http://www.yso.fi/onto/ekso/p3546 and http://www.yso.fi/onto/ekso/p2847 connected by both skos:broaderTransitive and skos:related, removing skos:related
WARNING: Concepts http://www.yso.fi/onto/ekso/p3551 and http://www.yso.fi/onto/ekso/p2357 connected by both skos:broaderTransitive and skos:related, removing skos:related
WARNING: Concepts http://www.yso.fi/onto/ekso/p3556 and http://www.yso.fi/onto/ekso/p897 connected by both skos:broaderTransitive and skos:related, removing skos:related
WARNING: Concepts http://www.yso.fi/onto/ekso/p3558 and http://www.yso.fi/onto/ekso/p178 connected by both skos:broaderTransitive and skos:related, removing skos:related
WARNING: Concepts http://www.yso.fi/onto/ekso/p3568 and http://www.yso.fi/onto/ekso/p755 connected by both skos:broaderTransitive and skos:related, removing skos:related
WARNING: Concepts http://www.yso.fi/onto/ekso/p3571 and http://www.yso.fi/onto/ekso/p1701 connected by both skos:broaderTransitive and skos:related, removing skos:related
WARNING: Concepts http://www.yso.fi/onto/ekso/p3578 and http://www.yso.fi/onto/ekso/p178 connected by both skos:broaderTransitive and skos:related, removing skos:related
WARNING: Concepts http://www.yso.fi/onto/ekso/p3578 and http://www.yso.fi/onto/ekso/p1877 connected by both skos:broaderTransitive and skos:related, removing skos:related
WARNING: Concepts http://www.yso.fi/onto/ekso/p3582 and http://www.yso.fi/onto/ekso/p1935 connected by both skos:broaderTransitive and skos:related, removing skos:related
WARNING: Concepts http://www.yso.fi/onto/ekso/p3595 and http://www.yso.fi/onto/ekso/p4162 connected by both skos:broaderTransitive and skos:related, removing skos:related
WARNING: Concepts http://www.yso.fi/onto/ekso/p3604 and http://www.yso.fi/onto/ekso/p367 connected by both skos:broaderTransitive and skos:related, removing skos:related
WARNING: Concepts http://www.yso.fi/onto/ekso/p3605 and http://www.yso.fi/onto/ekso/p3826 connected by both skos:broaderTransitive and skos:related, removing skos:related
WARNING: Concepts http://www.yso.fi/onto/ekso/p3614 and http://www.yso.fi/onto/ekso/p735 connected by both skos:broaderTransitive and skos:related, removing skos:related
WARNING: Concepts http://www.yso.fi/onto/ekso/p3618 and http://www.yso.fi/onto/ekso/p735 connected by both skos:broaderTransitive and skos:related, removing skos:related
WARNING: Concepts http://www.yso.fi/onto/ekso/p3621 and http://www.yso.fi/onto/ekso/p755 connected by both skos:broaderTransitive and skos:related, removing skos:related
WARNING: Concepts http://www.yso.fi/onto/ekso/p3629 and http://www.yso.fi/onto/ekso/p1303 connected by both skos:broaderTransitive and skos:related, removing skos:related
WARNING: Concepts http://www.yso.fi/onto/ekso/p3638 and http://www.yso.fi/onto/ekso/p596 connected by both skos:broaderTransitive and skos:related, removing skos:related
WARNING: Concepts http://www.yso.fi/onto/ekso/p3648 and http://www.yso.fi/onto/ekso/p2775 connected by both skos:broaderTransitive and skos:related, removing skos:related
WARNING: Concepts http://www.yso.fi/onto/ekso/p3650 and http://www.yso.fi/onto/ekso/p905 connected by both skos:broaderTransitive and skos:related, removing skos:related
WARNING: Concepts http://www.yso.fi/onto/ekso/p3667 and http://www.yso.fi/onto/ekso/p2161 connected by both skos:broaderTransitive and skos:related, removing skos:related
WARNING: Concepts http://www.yso.fi/onto/ekso/p3668 and http://www.yso.fi/onto/ekso/p1885 connected by both skos:broaderTransitive and skos:related, removing skos:related
WARNING: Concepts http://www.yso.fi/onto/ekso/p368 and http://www.yso.fi/onto/ekso/p189 connected by both skos:broaderTransitive and skos:related, removing skos:related
WARNING: Concepts http://www.yso.fi/onto/ekso/p368 and http://www.yso.fi/onto/ekso/p1935 connected by both skos:broaderTransitive and skos:related, removing skos:related
WARNING: Concepts http://www.yso.fi/onto/ekso/p3688 and http://www.yso.fi/onto/ekso/p1009 connected by both skos:broaderTransitive and skos:related, removing skos:related
WARNING: Concepts http://www.yso.fi/onto/ekso/p3689 and http://www.yso.fi/onto/ekso/p557 connected by both skos:broaderTransitive and skos:related, removing skos:related
WARNING: Concepts http://www.yso.fi/onto/ekso/p3723 and http://www.yso.fi/onto/ekso/p9 connected by both skos:broaderTransitive and skos:related, removing skos:related
WARNING: Concepts http://www.yso.fi/onto/ekso/p3724 and http://www.yso.fi/onto/ekso/p3041 connected by both skos:broaderTransitive and skos:related, removing skos:related
WARNING: Concepts http://www.yso.fi/onto/ekso/p3725 and http://www.yso.fi/onto/ekso/p3814 connected by both skos:broaderTransitive and skos:related, removing skos:related
WARNING: Concepts http://www.yso.fi/onto/ekso/p3736 and http://www.yso.fi/onto/ekso/p897 connected by both skos:broaderTransitive and skos:related, removing skos:related
WARNING: Concepts http://www.yso.fi/onto/ekso/p3739 and http://www.yso.fi/onto/ekso/p1862 connected by both skos:broaderTransitive and skos:related, removing skos:related
WARNING: Concepts http://www.yso.fi/onto/ekso/p3747 and http://www.yso.fi/onto/ekso/p1835 connected by both skos:broaderTransitive and skos:related, removing skos:related
WARNING: Concepts http://www.yso.fi/onto/ekso/p3750 and http://www.yso.fi/onto/ekso/p788 connected by both skos:broaderTransitive and skos:related, removing skos:related
WARNING: Concepts http://www.yso.fi/onto/ekso/p3784 and http://www.yso.fi/onto/ekso/p2055 connected by both skos:broaderTransitive and skos:related, removing skos:related
WARNING: Concepts http://www.yso.fi/onto/ekso/p38 and http://www.yso.fi/onto/ekso/p933 connected by both skos:broaderTransitive and skos:related, removing skos:related
WARNING: Concepts http://www.yso.fi/onto/ekso/p3801 and http://www.yso.fi/onto/ekso/p1719 connected by both skos:broaderTransitive and skos:related, removing skos:related
WARNING: Concepts http://www.yso.fi/onto/ekso/p3802 and http://www.yso.fi/onto/ekso/p2030 connected by both skos:broaderTransitive and skos:related, removing skos:related
WARNING: Concepts http://www.yso.fi/onto/ekso/p3802 and http://www.yso.fi/onto/ekso/p3026 connected by both skos:broaderTransitive and skos:related, removing skos:related
WARNING: Concepts http://www.yso.fi/onto/ekso/p3810 and http://www.yso.fi/onto/ekso/p2533 connected by both skos:broaderTransitive and skos:related, removing skos:related
WARNING: Concepts http://www.yso.fi/onto/ekso/p382 and http://www.yso.fi/onto/ekso/p1161 connected by both skos:broaderTransitive and skos:related, removing skos:related
WARNING: Concepts http://www.yso.fi/onto/ekso/p3829 and http://www.yso.fi/onto/ekso/p929 connected by both skos:broaderTransitive and skos:related, removing skos:related
WARNING: Concepts http://www.yso.fi/onto/ekso/p3830 and http://www.yso.fi/onto/ekso/p1282 connected by both skos:broaderTransitive and skos:related, removing skos:related
WARNING: Concepts http://www.yso.fi/onto/ekso/p3869 and http://www.yso.fi/onto/ekso/p613 connected by both skos:broaderTransitive and skos:related, removing skos:related
WARNING: Concepts http://www.yso.fi/onto/ekso/p3880 and http://www.yso.fi/onto/ekso/p735 connected by both skos:broaderTransitive and skos:related, removing skos:related
WARNING: Concepts http://www.yso.fi/onto/ekso/p3886 and http://www.yso.fi/onto/ekso/p735 connected by both skos:broaderTransitive and skos:related, removing skos:related
WARNING: Concepts http://www.yso.fi/onto/ekso/p389 and http://www.yso.fi/onto/ekso/p852 connected by both skos:broaderTransitive and skos:related, removing skos:related
WARNING: Concepts http://www.yso.fi/onto/ekso/p3893 and http://www.yso.fi/onto/ekso/p1748 connected by both skos:broaderTransitive and skos:related, removing skos:related
WARNING: Concepts http://www.yso.fi/onto/ekso/p3896 and http://www.yso.fi/onto/ekso/p2741 connected by both skos:broaderTransitive and skos:related, removing skos:related
WARNING: Concepts http://www.yso.fi/onto/ekso/p3909 and http://www.yso.fi/onto/ekso/p675 connected by both skos:broaderTransitive and skos:related, removing skos:related
WARNING: Concepts http://www.yso.fi/onto/ekso/p3925 and http://www.yso.fi/onto/ekso/p1564 connected by both skos:broaderTransitive and skos:related, removing skos:related
WARNING: Concepts http://www.yso.fi/onto/ekso/p3929 and http://www.yso.fi/onto/ekso/p1793 connected by both skos:broaderTransitive and skos:related, removing skos:related
WARNING: Concepts http://www.yso.fi/onto/ekso/p3949 and http://www.yso.fi/onto/ekso/p800 connected by both skos:broaderTransitive and skos:related, removing skos:related
WARNING: Concepts http://www.yso.fi/onto/ekso/p3957 and http://www.yso.fi/onto/ekso/p897 connected by both skos:broaderTransitive and skos:related, removing skos:related
WARNING: Concepts http://www.yso.fi/onto/ekso/p3958 and http://www.yso.fi/onto/ekso/p85 connected by both skos:broaderTransitive and skos:related, removing skos:related
WARNING: Concepts http://www.yso.fi/onto/ekso/p3959 and http://www.yso.fi/onto/ekso/p985 connected by both skos:broaderTransitive and skos:related, removing skos:related
WARNING: Concepts http://www.yso.fi/onto/ekso/p3962 and http://www.yso.fi/onto/ekso/p322 connected by both skos:broaderTransitive and skos:related, removing skos:related
WARNING: Concepts http://www.yso.fi/onto/ekso/p3968 and http://www.yso.fi/onto/ekso/p1835 connected by both skos:broaderTransitive and skos:related, removing skos:related
WARNING: Concepts http://www.yso.fi/onto/ekso/p3978 and http://www.yso.fi/onto/ekso/p1912 connected by both skos:broaderTransitive and skos:related, removing skos:related
WARNING: Concepts http://www.yso.fi/onto/ekso/p3989 and http://www.yso.fi/onto/ekso/p739 connected by both skos:broaderTransitive and skos:related, removing skos:related
WARNING: Concepts http://www.yso.fi/onto/ekso/p4003 and http://www.yso.fi/onto/ekso/p1558 connected by both skos:broaderTransitive and skos:related, removing skos:related
WARNING: Concepts http://www.yso.fi/onto/ekso/p4033 and http://www.yso.fi/onto/ekso/p1558 connected by both skos:broaderTransitive and skos:related, removing skos:related
WARNING: Concepts http://www.yso.fi/onto/ekso/p4049 and http://www.yso.fi/onto/ekso/p874 connected by both skos:broaderTransitive and skos:related, removing skos:related
WARNING: Concepts http://www.yso.fi/onto/ekso/p4054 and http://www.yso.fi/onto/ekso/p2625 connected by both skos:broaderTransitive and skos:related, removing skos:related
WARNING: Concepts http://www.yso.fi/onto/ekso/p4056 and http://www.yso.fi/onto/ekso/p13 connected by both skos:broaderTransitive and skos:related, removing skos:related
WARNING: Concepts http://www.yso.fi/onto/ekso/p4063 and http://www.yso.fi/onto/ekso/p735 connected by both skos:broaderTransitive and skos:related, removing skos:related
WARNING: Concepts http://www.yso.fi/onto/ekso/p4075 and http://www.yso.fi/onto/ekso/p519 connected by both skos:broaderTransitive and skos:related, removing skos:related
WARNING: Concepts http://www.yso.fi/onto/ekso/p4076 and http://www.yso.fi/onto/ekso/p3664 connected by both skos:broaderTransitive and skos:related, removing skos:related
WARNING: Concepts http://www.yso.fi/onto/ekso/p4086 and http://www.yso.fi/onto/ekso/p2017 connected by both skos:broaderTransitive and skos:related, removing skos:related
WARNING: Concepts http://www.yso.fi/onto/ekso/p4102 and http://www.yso.fi/onto/ekso/p3579 connected by both skos:broaderTransitive and skos:related, removing skos:related
WARNING: Concepts http://www.yso.fi/onto/ekso/p4113 and http://www.yso.fi/onto/ekso/p1835 connected by both skos:broaderTransitive and skos:related, removing skos:related
WARNING: Concepts http://www.yso.fi/onto/ekso/p4120 and http://www.yso.fi/onto/ekso/p663 connected by both skos:broaderTransitive and skos:related, removing skos:related
WARNING: Concepts http://www.yso.fi/onto/ekso/p4122 and http://www.yso.fi/onto/ekso/p2285 connected by both skos:broaderTransitive and skos:related, removing skos:related
WARNING: Concepts http://www.yso.fi/onto/ekso/p4124 and http://www.yso.fi/onto/ekso/p550 connected by both skos:broaderTransitive and skos:related, removing skos:related
WARNING: Concepts http://www.yso.fi/onto/ekso/p4143 and http://www.yso.fi/onto/ekso/p2651 connected by both skos:broaderTransitive and skos:related, removing skos:related
WARNING: Concepts http://www.yso.fi/onto/ekso/p4144 and http://www.yso.fi/onto/ekso/p2249 connected by both skos:broaderTransitive and skos:related, removing skos:related
WARNING: Concepts http://www.yso.fi/onto/ekso/p4153 and http://www.yso.fi/onto/ekso/p506 connected by both skos:broaderTransitive and skos:related, removing skos:related
WARNING: Concepts http://www.yso.fi/onto/ekso/p416 and http://www.yso.fi/onto/ekso/p509 connected by both skos:broaderTransitive and skos:related, removing skos:related
WARNING: Concepts http://www.yso.fi/onto/ekso/p4174 and http://www.yso.fi/onto/ekso/p735 connected by both skos:broaderTransitive and skos:related, removing skos:related
WARNING: Concepts http://www.yso.fi/onto/ekso/p4179 and http://www.yso.fi/onto/ekso/p894 connected by both skos:broaderTransitive and skos:related, removing skos:related
WARNING: Concepts http://www.yso.fi/onto/ekso/p4180 and http://www.yso.fi/onto/ekso/p2638 connected by both skos:broaderTransitive and skos:related, removing skos:related
WARNING: Concepts http://www.yso.fi/onto/ekso/p4212 and http://www.yso.fi/onto/ekso/p1935 connected by both skos:broaderTransitive and skos:related, removing skos:related
WARNING: Concepts http://www.yso.fi/onto/ekso/p4213 and http://www.yso.fi/onto/ekso/p504 connected by both skos:broaderTransitive and skos:related, removing skos:related
WARNING: Concepts http://www.yso.fi/onto/ekso/p4215 and http://www.yso.fi/onto/ekso/p1112 connected by both skos:broaderTransitive and skos:related, removing skos:related
WARNING: Concepts http://www.yso.fi/onto/ekso/p4233 and http://www.yso.fi/onto/ekso/p1505 connected by both skos:broaderTransitive and skos:related, removing skos:related
WARNING: Concepts http://www.yso.fi/onto/ekso/p424 and http://www.yso.fi/onto/ekso/p13 connected by both skos:broaderTransitive and skos:related, removing skos:related
WARNING: Concepts http://www.yso.fi/onto/ekso/p4243 and http://www.yso.fi/onto/ekso/p985 connected by both skos:broaderTransitive and skos:related, removing skos:related
WARNING: Concepts http://www.yso.fi/onto/ekso/p4245 and http://www.yso.fi/onto/ekso/p1112 connected by both skos:broaderTransitive and skos:related, removing skos:related
WARNING: Concepts http://www.yso.fi/onto/ekso/p4246 and http://www.yso.fi/onto/ekso/p2818 connected by both skos:broaderTransitive and skos:related, removing skos:related
WARNING: Concepts http://www.yso.fi/onto/ekso/p426 and http://www.yso.fi/onto/ekso/p9 connected by both skos:broaderTransitive and skos:related, removing skos:related
WARNING: Concepts http://www.yso.fi/onto/ekso/p446 and http://www.yso.fi/onto/ekso/p3722 connected by both skos:broaderTransitive and skos:related, removing skos:related
WARNING: Concepts http://www.yso.fi/onto/ekso/p452 and http://www.yso.fi/onto/ekso/p663 connected by both skos:broaderTransitive and skos:related, removing skos:related
WARNING: Concepts http://www.yso.fi/onto/ekso/p455 and http://www.yso.fi/onto/ekso/p1558 connected by both skos:broaderTransitive and skos:related, removing skos:related
WARNING: Concepts http://www.yso.fi/onto/ekso/p460 and http://www.yso.fi/onto/ekso/p905 connected by both skos:broaderTransitive and skos:related, removing skos:related
WARNING: Concepts http://www.yso.fi/onto/ekso/p463 and http://www.yso.fi/onto/ekso/p328 connected by both skos:broaderTransitive and skos:related, removing skos:related
WARNING: Concepts http://www.yso.fi/onto/ekso/p467 and http://www.yso.fi/onto/ekso/p2759 connected by both skos:broaderTransitive and skos:related, removing skos:related
WARNING: Concepts http://www.yso.fi/onto/ekso/p474 and http://www.yso.fi/onto/ekso/p2983 connected by both skos:broaderTransitive and skos:related, removing skos:related
WARNING: Concepts http://www.yso.fi/onto/ekso/p49 and http://www.yso.fi/onto/ekso/p3106 connected by both skos:broaderTransitive and skos:related, removing skos:related
WARNING: Concepts http://www.yso.fi/onto/ekso/p493 and http://www.yso.fi/onto/ekso/p2735 connected by both skos:broaderTransitive and skos:related, removing skos:related
WARNING: Concepts http://www.yso.fi/onto/ekso/p50 and http://www.yso.fi/onto/ekso/p1185 connected by both skos:broaderTransitive and skos:related, removing skos:related
WARNING: Concepts http://www.yso.fi/onto/ekso/p508 and http://www.yso.fi/onto/ekso/p2428 connected by both skos:broaderTransitive and skos:related, removing skos:related
WARNING: Concepts http://www.yso.fi/onto/ekso/p513 and http://www.yso.fi/onto/ekso/p88 connected by both skos:broaderTransitive and skos:related, removing skos:related
WARNING: Concepts http://www.yso.fi/onto/ekso/p519 and http://www.yso.fi/onto/ekso/p361 connected by both skos:broaderTransitive and skos:related, removing skos:related
WARNING: Concepts http://www.yso.fi/onto/ekso/p520 and http://www.yso.fi/onto/ekso/p521 connected by both skos:broaderTransitive and skos:related, removing skos:related
WARNING: Concepts http://www.yso.fi/onto/ekso/p524 and http://www.yso.fi/onto/ekso/p1268 connected by both skos:broaderTransitive and skos:related, removing skos:related
WARNING: Concepts http://www.yso.fi/onto/ekso/p526 and http://www.yso.fi/onto/ekso/p521 connected by both skos:broaderTransitive and skos:related, removing skos:related
WARNING: Concepts http://www.yso.fi/onto/ekso/p527 and http://www.yso.fi/onto/ekso/p1096 connected by both skos:broaderTransitive and skos:related, removing skos:related
WARNING: Concepts http://www.yso.fi/onto/ekso/p529 and http://www.yso.fi/onto/ekso/p3804 connected by both skos:broaderTransitive and skos:related, removing skos:related
WARNING: Concepts http://www.yso.fi/onto/ekso/p544 and http://www.yso.fi/onto/ekso/p1857 connected by both skos:broaderTransitive and skos:related, removing skos:related
WARNING: Concepts http://www.yso.fi/onto/ekso/p553 and http://www.yso.fi/onto/ekso/p9 connected by both skos:broaderTransitive and skos:related, removing skos:related
WARNING: Concepts http://www.yso.fi/onto/ekso/p554 and http://www.yso.fi/onto/ekso/p1024 connected by both skos:broaderTransitive and skos:related, removing skos:related
WARNING: Concepts http://www.yso.fi/onto/ekso/p558 and http://www.yso.fi/onto/ekso/p341 connected by both skos:broaderTransitive and skos:related, removing skos:related
WARNING: Concepts http://www.yso.fi/onto/ekso/p573 and http://www.yso.fi/onto/ekso/p85 connected by both skos:broaderTransitive and skos:related, removing skos:related
WARNING: Concepts http://www.yso.fi/onto/ekso/p577 and http://www.yso.fi/onto/ekso/p3530 connected by both skos:broaderTransitive and skos:related, removing skos:related
WARNING: Concepts http://www.yso.fi/onto/ekso/p585 and http://www.yso.fi/onto/ekso/p2030 connected by both skos:broaderTransitive and skos:related, removing skos:related
WARNING: Concepts http://www.yso.fi/onto/ekso/p585 and http://www.yso.fi/onto/ekso/p3026 connected by both skos:broaderTransitive and skos:related, removing skos:related
WARNING: Concepts http://www.yso.fi/onto/ekso/p595 and http://www.yso.fi/onto/ekso/p596 connected by both skos:broaderTransitive and skos:related, removing skos:related
WARNING: Concepts http://www.yso.fi/onto/ekso/p600 and http://www.yso.fi/onto/ekso/p1745 connected by both skos:broaderTransitive and skos:related, removing skos:related
WARNING: Concepts http://www.yso.fi/onto/ekso/p609 and http://www.yso.fi/onto/ekso/p1024 connected by both skos:broaderTransitive and skos:related, removing skos:related
WARNING: Concepts http://www.yso.fi/onto/ekso/p610 and http://www.yso.fi/onto/ekso/p2587 connected by both skos:broaderTransitive and skos:related, removing skos:related
WARNING: Concepts http://www.yso.fi/onto/ekso/p622 and http://www.yso.fi/onto/ekso/p874 connected by both skos:broaderTransitive and skos:related, removing skos:related
WARNING: Concepts http://www.yso.fi/onto/ekso/p636 and http://www.yso.fi/onto/ekso/p1112 connected by both skos:broaderTransitive and skos:related, removing skos:related
WARNING: Concepts http://www.yso.fi/onto/ekso/p642 and http://www.yso.fi/onto/ekso/p905 connected by both skos:broaderTransitive and skos:related, removing skos:related
WARNING: Concepts http://www.yso.fi/onto/ekso/p66 and http://www.yso.fi/onto/ekso/p504 connected by both skos:broaderTransitive and skos:related, removing skos:related
WARNING: Concepts http://www.yso.fi/onto/ekso/p662 and http://www.yso.fi/onto/ekso/p663 connected by both skos:broaderTransitive and skos:related, removing skos:related
WARNING: Concepts http://www.yso.fi/onto/ekso/p670 and http://www.yso.fi/onto/ekso/p3722 connected by both skos:broaderTransitive and skos:related, removing skos:related
WARNING: Concepts http://www.yso.fi/onto/ekso/p682 and http://www.yso.fi/onto/ekso/p683 connected by both skos:broaderTransitive and skos:related, removing skos:related
WARNING: Concepts http://www.yso.fi/onto/ekso/p7 and http://www.yso.fi/onto/ekso/p1935 connected by both skos:broaderTransitive and skos:related, removing skos:related
WARNING: Concepts http://www.yso.fi/onto/ekso/p716 and http://www.yso.fi/onto/ekso/p1102 connected by both skos:broaderTransitive and skos:related, removing skos:related
WARNING: Concepts http://www.yso.fi/onto/ekso/p721 and http://www.yso.fi/onto/ekso/p2622 connected by both skos:broaderTransitive and skos:related, removing skos:related
WARNING: Concepts http://www.yso.fi/onto/ekso/p727 and http://www.yso.fi/onto/ekso/p3488 connected by both skos:broaderTransitive and skos:related, removing skos:related
WARNING: Concepts http://www.yso.fi/onto/ekso/p738 and http://www.yso.fi/onto/ekso/p739 connected by both skos:broaderTransitive and skos:related, removing skos:related
WARNING: Concepts http://www.yso.fi/onto/ekso/p748 and http://www.yso.fi/onto/ekso/p2412 connected by both skos:broaderTransitive and skos:related, removing skos:related
WARNING: Concepts http://www.yso.fi/onto/ekso/p752 and http://www.yso.fi/onto/ekso/p951 connected by both skos:broaderTransitive and skos:related, removing skos:related
WARNING: Concepts http://www.yso.fi/onto/ekso/p756 and http://www.yso.fi/onto/ekso/p755 connected by both skos:broaderTransitive and skos:related, removing skos:related
WARNING: Concepts http://www.yso.fi/onto/ekso/p78 and http://www.yso.fi/onto/ekso/p3269 connected by both skos:broaderTransitive and skos:related, removing skos:related
WARNING: Concepts http://www.yso.fi/onto/ekso/p793 and http://www.yso.fi/onto/ekso/p1653 connected by both skos:broaderTransitive and skos:related, removing skos:related
WARNING: Concepts http://www.yso.fi/onto/ekso/p812 and http://www.yso.fi/onto/ekso/p88 connected by both skos:broaderTransitive and skos:related, removing skos:related
WARNING: Concepts http://www.yso.fi/onto/ekso/p816 and http://www.yso.fi/onto/ekso/p3828 connected by both skos:broaderTransitive and skos:related, removing skos:related
WARNING: Concepts http://www.yso.fi/onto/ekso/p829 and http://www.yso.fi/onto/ekso/p2237 connected by both skos:broaderTransitive and skos:related, removing skos:related
WARNING: Concepts http://www.yso.fi/onto/ekso/p840 and http://www.yso.fi/onto/ekso/p3103 connected by both skos:broaderTransitive and skos:related, removing skos:related
WARNING: Concepts http://www.yso.fi/onto/ekso/p881 and http://www.yso.fi/onto/ekso/p1252 connected by both skos:broaderTransitive and skos:related, removing skos:related
WARNING: Concepts http://www.yso.fi/onto/ekso/p887 and http://www.yso.fi/onto/ekso/p557 connected by both skos:broaderTransitive and skos:related, removing skos:related
WARNING: Concepts http://www.yso.fi/onto/ekso/p89 and http://www.yso.fi/onto/ekso/p88 connected by both skos:broaderTransitive and skos:related, removing skos:related
WARNING: Concepts http://www.yso.fi/onto/ekso/p892 and http://www.yso.fi/onto/ekso/p1957 connected by both skos:broaderTransitive and skos:related, removing skos:related
WARNING: Concepts http://www.yso.fi/onto/ekso/p901 and http://www.yso.fi/onto/ekso/p550 connected by both skos:broaderTransitive and skos:related, removing skos:related
WARNING: Concepts http://www.yso.fi/onto/ekso/p902 and http://www.yso.fi/onto/ekso/p1935 connected by both skos:broaderTransitive and skos:related, removing skos:related
WARNING: Concepts http://www.yso.fi/onto/ekso/p909 and http://www.yso.fi/onto/ekso/p663 connected by both skos:broaderTransitive and skos:related, removing skos:related
WARNING: Concepts http://www.yso.fi/onto/ekso/p912 and http://www.yso.fi/onto/ekso/p2155 connected by both skos:broaderTransitive and skos:related, removing skos:related
WARNING: Concepts http://www.yso.fi/onto/ekso/p915 and http://www.yso.fi/onto/ekso/p85 connected by both skos:broaderTransitive and skos:related, removing skos:related
WARNING: Concepts http://www.yso.fi/onto/ekso/p929 and http://www.yso.fi/onto/ekso/p1957 connected by both skos:broaderTransitive and skos:related, removing skos:related
WARNING: Concepts http://www.yso.fi/onto/ekso/p929 and http://www.yso.fi/onto/ekso/p2587 connected by both skos:broaderTransitive and skos:related, removing skos:related
WARNING: Concepts http://www.yso.fi/onto/ekso/p930 and http://www.yso.fi/onto/ekso/p1957 connected by both skos:broaderTransitive and skos:related, removing skos:related
WARNING: Concepts http://www.yso.fi/onto/ekso/p932 and http://www.yso.fi/onto/ekso/p1957 connected by both skos:broaderTransitive and skos:related, removing skos:related
WARNING: Concepts http://www.yso.fi/onto/ekso/p932 and http://www.yso.fi/onto/ekso/p929 connected by both skos:broaderTransitive and skos:related, removing skos:related
WARNING: Concepts http://www.yso.fi/onto/ekso/p939 and http://www.yso.fi/onto/ekso/p1303 connected by both skos:broaderTransitive and skos:related, removing skos:related
WARNING: Concepts http://www.yso.fi/onto/ekso/p959 and http://www.yso.fi/onto/ekso/p579 connected by both skos:broaderTransitive and skos:related, removing skos:related
WARNING: Concepts http://www.yso.fi/onto/ekso/p976 and http://www.yso.fi/onto/ekso/p1471 connected by both skos:broaderTransitive and skos:related, removing skos:related
WARNING: Concepts http://www.yso.fi/onto/ekso/p976 and http://www.yso.fi/onto/ekso/p755 connected by both skos:broaderTransitive and skos:related, removing skos:related
WARNING: Concepts http://www.yso.fi/onto/ekso/p983 and http://www.yso.fi/onto/ekso/p9 connected by both skos:broaderTransitive and skos:related, removing skos:related
WARNING: Concepts http://www.yso.fi/onto/ekso/p984 and http://www.yso.fi/onto/ekso/p985 connected by both skos:broaderTransitive and skos:related, removing skos:related
WARNING: Concepts http://www.yso.fi/onto/ekso/p993 and http://www.yso.fi/onto/ekso/p9 connected by both skos:broaderTransitive and skos:related, removing skos:related
WARNING: Concepts http://www.yso.fi/onto/ekso/p998 and http://www.yso.fi/onto/ekso/p2055 connected by both skos:broaderTransitive and skos:related, removing skos:related
WARNING: Concepts http://www.yso.fi/onto/yso/p10028 and http://www.yso.fi/onto/yso/p3363 connected by both skos:broaderTransitive and skos:related, removing skos:related
WARNING: Concepts http://www.yso.fi/onto/yso/p10120 and http://www.yso.fi/onto/yso/p8656 connected by both skos:broaderTransitive and skos:related, removing skos:related
WARNING: Concepts http://www.yso.fi/onto/yso/p10123 and http://www.yso.fi/onto/yso/p17283 connected by both skos:broaderTransitive and skos:related, removing skos:related
WARNING: Concepts http://www.yso.fi/onto/yso/p10226 and http://www.yso.fi/onto/yso/p2096 connected by both skos:broaderTransitive and skos:related, removing skos:related
WARNING: Concepts http://www.yso.fi/onto/yso/p10247 and http://www.yso.fi/onto/yso/p1514 connected by both skos:broaderTransitive and skos:related, removing skos:related
WARNING: Concepts http://www.yso.fi/onto/yso/p10291 and http://www.yso.fi/onto/yso/p5405 connected by both skos:broaderTransitive and skos:related, removing skos:related
WARNING: Concepts http://www.yso.fi/onto/yso/p1045 and http://www.yso.fi/onto/yso/p3168 connected by both skos:broaderTransitive and skos:related, removing skos:related
WARNING: Concepts http://www.yso.fi/onto/yso/p10529 and http://www.yso.fi/onto/yso/p6580 connected by both skos:broaderTransitive and skos:related, removing skos:related
WARNING: Concepts http://www.yso.fi/onto/yso/p10694 and http://www.yso.fi/onto/yso/p5560 connected by both skos:broaderTransitive and skos:related, removing skos:related
WARNING: Concepts http://www.yso.fi/onto/yso/p10733 and http://www.yso.fi/onto/yso/p8915 connected by both skos:broaderTransitive and skos:related, removing skos:related
WARNING: Concepts http://www.yso.fi/onto/yso/p10855 and http://www.yso.fi/onto/yso/p10895 connected by both skos:broaderTransitive and skos:related, removing skos:related
WARNING: Concepts http://www.yso.fi/onto/yso/p10915 and http://www.yso.fi/onto/yso/p10916 connected by both skos:broaderTransitive and skos:related, removing skos:related
WARNING: Concepts http://www.yso.fi/onto/yso/p10929 and http://www.yso.fi/onto/yso/p7712 connected by both skos:broaderTransitive and skos:related, removing skos:related
WARNING: Concepts http://www.yso.fi/onto/yso/p10930 and http://www.yso.fi/onto/yso/p314 connected by both skos:broaderTransitive and skos:related, removing skos:related
WARNING: Concepts http://www.yso.fi/onto/yso/p10958 and http://www.yso.fi/onto/yso/p10956 connected by both skos:broaderTransitive and skos:related, removing skos:related
WARNING: Concepts http://www.yso.fi/onto/yso/p11 and http://www.yso.fi/onto/yso/p13 connected by both skos:broaderTransitive and skos:related, removing skos:related
WARNING: Concepts http://www.yso.fi/onto/yso/p11031 and http://www.yso.fi/onto/yso/p4552 connected by both skos:broaderTransitive and skos:related, removing skos:related
WARNING: Concepts http://www.yso.fi/onto/yso/p11320 and http://www.yso.fi/onto/yso/p5454 connected by both skos:broaderTransitive and skos:related, removing skos:related
WARNING: Concepts http://www.yso.fi/onto/yso/p11322 and http://www.yso.fi/onto/yso/p5454 connected by both skos:broaderTransitive and skos:related, removing skos:related
WARNING: Concepts http://www.yso.fi/onto/yso/p11323 and http://www.yso.fi/onto/yso/p5454 connected by both skos:broaderTransitive and skos:related, removing skos:related
WARNING: Concepts http://www.yso.fi/onto/yso/p11391 and http://www.yso.fi/onto/yso/p1030 connected by both skos:broaderTransitive and skos:related, removing skos:related
WARNING: Concepts http://www.yso.fi/onto/yso/p11391 and http://www.yso.fi/onto/yso/p10895 connected by both skos:broaderTransitive and skos:related, removing skos:related
WARNING: Concepts http://www.yso.fi/onto/yso/p11476 and http://www.yso.fi/onto/yso/p4552 connected by both skos:broaderTransitive and skos:related, removing skos:related
WARNING: Concepts http://www.yso.fi/onto/yso/p11700 and http://www.yso.fi/onto/yso/p11701 connected by both skos:broaderTransitive and skos:related, removing skos:related
WARNING: Concepts http://www.yso.fi/onto/yso/p11744 and http://www.yso.fi/onto/yso/p24644 connected by both skos:broaderTransitive and skos:related, removing skos:related
WARNING: Concepts http://www.yso.fi/onto/yso/p11909 and http://www.yso.fi/onto/yso/p2661 connected by both skos:broaderTransitive and skos:related, removing skos:related
WARNING: Concepts http://www.yso.fi/onto/yso/p11914 and http://www.yso.fi/onto/yso/p681 connected by both skos:broaderTransitive and skos:related, removing skos:related
WARNING: Concepts http://www.yso.fi/onto/yso/p11923 and http://www.yso.fi/onto/yso/p3415 connected by both skos:broaderTransitive and skos:related, removing skos:related
WARNING: Concepts http://www.yso.fi/onto/yso/p12094 and http://www.yso.fi/onto/yso/p836 connected by both skos:broaderTransitive and skos:related, removing skos:related
WARNING: Concepts http://www.yso.fi/onto/yso/p12102 and http://www.yso.fi/onto/yso/p11406 connected by both skos:broaderTransitive and skos:related, removing skos:related
WARNING: Concepts http://www.yso.fi/onto/yso/p12238 and http://www.yso.fi/onto/yso/p25839 connected by both skos:broaderTransitive and skos:related, removing skos:related
WARNING: Concepts http://www.yso.fi/onto/yso/p1233 and http://www.yso.fi/onto/yso/p1232 connected by both skos:broaderTransitive and skos:related, removing skos:related
WARNING: Concepts http://www.yso.fi/onto/yso/p12388 and http://www.yso.fi/onto/yso/p17336 connected by both skos:broaderTransitive and skos:related, removing skos:related
WARNING: Concepts http://www.yso.fi/onto/yso/p1248 and http://www.yso.fi/onto/yso/p3505 connected by both skos:broaderTransitive and skos:related, removing skos:related
WARNING: Concepts http://www.yso.fi/onto/yso/p1248 and http://www.yso.fi/onto/yso/p7686 connected by both skos:broaderTransitive and skos:related, removing skos:related
WARNING: Concepts http://www.yso.fi/onto/yso/p1263 and http://www.yso.fi/onto/yso/p2956 connected by both skos:broaderTransitive and skos:related, removing skos:related
WARNING: Concepts http://www.yso.fi/onto/yso/p12635 and http://www.yso.fi/onto/yso/p256 connected by both skos:broaderTransitive and skos:related, removing skos:related
WARNING: Concepts http://www.yso.fi/onto/yso/p12661 and http://www.yso.fi/onto/yso/p3422 connected by both skos:broaderTransitive and skos:related, removing skos:related
WARNING: Concepts http://www.yso.fi/onto/yso/p1273 and http://www.yso.fi/onto/yso/p1272 connected by both skos:broaderTransitive and skos:related, removing skos:related
WARNING: Concepts http://www.yso.fi/onto/yso/p12863 and http://www.yso.fi/onto/yso/p4407 connected by both skos:broaderTransitive and skos:related, removing skos:related
WARNING: Concepts http://www.yso.fi/onto/yso/p1288 and http://www.yso.fi/onto/yso/p1291 connected by both skos:broaderTransitive and skos:related, removing skos:related
WARNING: Concepts http://www.yso.fi/onto/yso/p1292 and http://www.yso.fi/onto/yso/p26592 connected by both skos:broaderTransitive and skos:related, removing skos:related
WARNING: Concepts http://www.yso.fi/onto/yso/p1293 and http://www.yso.fi/onto/yso/p26592 connected by both skos:broaderTransitive and skos:related, removing skos:related
WARNING: Concepts http://www.yso.fi/onto/yso/p13042 and http://www.yso.fi/onto/yso/p2551 connected by both skos:broaderTransitive and skos:related, removing skos:related
WARNING: Concepts http://www.yso.fi/onto/yso/p13127 and http://www.yso.fi/onto/yso/p396 connected by both skos:broaderTransitive and skos:related, removing skos:related
WARNING: Concepts http://www.yso.fi/onto/yso/p13147 and http://www.yso.fi/onto/yso/p12955 connected by both skos:broaderTransitive and skos:related, removing skos:related
WARNING: Concepts http://www.yso.fi/onto/yso/p13185 and http://www.yso.fi/onto/yso/p5319 connected by both skos:broaderTransitive and skos:related, removing skos:related
WARNING: Concepts http://www.yso.fi/onto/yso/p13210 and http://www.yso.fi/onto/yso/p2181 connected by both skos:broaderTransitive and skos:related, removing skos:related
WARNING: Concepts http://www.yso.fi/onto/yso/p13211 and http://www.yso.fi/onto/yso/p2181 connected by both skos:broaderTransitive and skos:related, removing skos:related
WARNING: Concepts http://www.yso.fi/onto/yso/p13235 and http://www.yso.fi/onto/yso/p15441 connected by both skos:broaderTransitive and skos:related, removing skos:related
WARNING: Concepts http://www.yso.fi/onto/yso/p13247 and http://www.yso.fi/onto/yso/p3234 connected by both skos:broaderTransitive and skos:related, removing skos:related
WARNING: Concepts http://www.yso.fi/onto/yso/p1364 and http://www.yso.fi/onto/yso/p2371 connected by both skos:broaderTransitive and skos:related, removing skos:related
WARNING: Concepts http://www.yso.fi/onto/yso/p13690 and http://www.yso.fi/onto/yso/p8501 connected by both skos:broaderTransitive and skos:related, removing skos:related
WARNING: Concepts http://www.yso.fi/onto/yso/p14031 and http://www.yso.fi/onto/yso/p2211 connected by both skos:broaderTransitive and skos:related, removing skos:related
WARNING: Concepts http://www.yso.fi/onto/yso/p14137 and http://www.yso.fi/onto/yso/p4572 connected by both skos:broaderTransitive and skos:related, removing skos:related
WARNING: Concepts http://www.yso.fi/onto/yso/p14585 and http://www.yso.fi/onto/yso/p21790 connected by both skos:broaderTransitive and skos:related, removing skos:related
WARNING: Concepts http://www.yso.fi/onto/yso/p14655 and http://www.yso.fi/onto/yso/p12310 connected by both skos:broaderTransitive and skos:related, removing skos:related
WARNING: Concepts http://www.yso.fi/onto/yso/p14804 and http://www.yso.fi/onto/yso/p506 connected by both skos:broaderTransitive and skos:related, removing skos:related
WARNING: Concepts http://www.yso.fi/onto/yso/p14895 and http://www.yso.fi/onto/yso/p5405 connected by both skos:broaderTransitive and skos:related, removing skos:related
WARNING: Concepts http://www.yso.fi/onto/yso/p14963 and http://www.yso.fi/onto/yso/p12420 connected by both skos:broaderTransitive and skos:related, removing skos:related
WARNING: Concepts http://www.yso.fi/onto/yso/p15079 and http://www.yso.fi/onto/yso/p6627 connected by both skos:broaderTransitive and skos:related, removing skos:related
WARNING: Concepts http://www.yso.fi/onto/yso/p15805 and http://www.yso.fi/onto/yso/p9793 connected by both skos:broaderTransitive and skos:related, removing skos:related
WARNING: Concepts http://www.yso.fi/onto/yso/p15822 and http://www.yso.fi/onto/yso/p11701 connected by both skos:broaderTransitive and skos:related, removing skos:related
WARNING: Concepts http://www.yso.fi/onto/yso/p15878 and http://www.yso.fi/onto/yso/p10916 connected by both skos:broaderTransitive and skos:related, removing skos:related
WARNING: Concepts http://www.yso.fi/onto/yso/p15997 and http://www.yso.fi/onto/yso/p10916 connected by both skos:broaderTransitive and skos:related, removing skos:related
WARNING: Concepts http://www.yso.fi/onto/yso/p15998 and http://www.yso.fi/onto/yso/p1030 connected by both skos:broaderTransitive and skos:related, removing skos:related
WARNING: Concepts http://www.yso.fi/onto/yso/p16121 and http://www.yso.fi/onto/yso/p2357 connected by both skos:broaderTransitive and skos:related, removing skos:related
WARNING: Concepts http://www.yso.fi/onto/yso/p16304 and http://www.yso.fi/onto/yso/p425 connected by both skos:broaderTransitive and skos:related, removing skos:related
WARNING: Concepts http://www.yso.fi/onto/yso/p16385 and http://www.yso.fi/onto/yso/p14193 connected by both skos:broaderTransitive and skos:related, removing skos:related
WARNING: Concepts http://www.yso.fi/onto/yso/p16386 and http://www.yso.fi/onto/yso/p14193 connected by both skos:broaderTransitive and skos:related, removing skos:related
WARNING: Concepts http://www.yso.fi/onto/yso/p16603 and http://www.yso.fi/onto/yso/p29935 connected by both skos:broaderTransitive and skos:related, removing skos:related
WARNING: Concepts http://www.yso.fi/onto/yso/p16603 and http://www.yso.fi/onto/yso/p562 connected by both skos:broaderTransitive and skos:related, removing skos:related
WARNING: Concepts http://www.yso.fi/onto/yso/p1700 and http://www.yso.fi/onto/yso/p971 connected by both skos:broaderTransitive and skos:related, removing skos:related
WARNING: Concepts http://www.yso.fi/onto/yso/p17002 and http://www.yso.fi/onto/yso/p3363 connected by both skos:broaderTransitive and skos:related, removing skos:related
WARNING: Concepts http://www.yso.fi/onto/yso/p17219 and http://www.yso.fi/onto/yso/p506 connected by both skos:broaderTransitive and skos:related, removing skos:related
WARNING: Concepts http://www.yso.fi/onto/yso/p17323 and http://www.yso.fi/onto/yso/p10916 connected by both skos:broaderTransitive and skos:related, removing skos:related
WARNING: Concepts http://www.yso.fi/onto/yso/p17324 and http://www.yso.fi/onto/yso/p10916 connected by both skos:broaderTransitive and skos:related, removing skos:related
WARNING: Concepts http://www.yso.fi/onto/yso/p17335 and http://www.yso.fi/onto/yso/p17336 connected by both skos:broaderTransitive and skos:related, removing skos:related
WARNING: Concepts http://www.yso.fi/onto/yso/p17625 and http://www.yso.fi/onto/yso/p9791 connected by both skos:broaderTransitive and skos:related, removing skos:related
WARNING: Concepts http://www.yso.fi/onto/yso/p17683 and http://www.yso.fi/onto/yso/p4381 connected by both skos:broaderTransitive and skos:related, removing skos:related
WARNING: Concepts http://www.yso.fi/onto/yso/p1774 and http://www.yso.fi/onto/yso/p1775 connected by both skos:broaderTransitive and skos:related, removing skos:related
WARNING: Concepts http://www.yso.fi/onto/yso/p17745 and http://www.yso.fi/onto/yso/p6580 connected by both skos:broaderTransitive and skos:related, removing skos:related
WARNING: Concepts http://www.yso.fi/onto/yso/p17933 and http://www.yso.fi/onto/yso/p17934 connected by both skos:broaderTransitive and skos:related, removing skos:related
WARNING: Concepts http://www.yso.fi/onto/yso/p1799 and http://www.yso.fi/onto/yso/p29707 connected by both skos:broaderTransitive and skos:related, removing skos:related
WARNING: Concepts http://www.yso.fi/onto/yso/p18351 and http://www.yso.fi/onto/yso/p10402 connected by both skos:broaderTransitive and skos:related, removing skos:related
WARNING: Concepts http://www.yso.fi/onto/yso/p19043 and http://www.yso.fi/onto/yso/p7316 connected by both skos:broaderTransitive and skos:related, removing skos:related
WARNING: Concepts http://www.yso.fi/onto/yso/p19061 and http://www.yso.fi/onto/yso/p2163 connected by both skos:broaderTransitive and skos:related, removing skos:related
WARNING: Concepts http://www.yso.fi/onto/yso/p19350 and http://www.yso.fi/onto/yso/p2512 connected by both skos:broaderTransitive and skos:related, removing skos:related
WARNING: Concepts http://www.yso.fi/onto/yso/p19707 and http://www.yso.fi/onto/yso/p125 connected by both skos:broaderTransitive and skos:related, removing skos:related
WARNING: Concepts http://www.yso.fi/onto/yso/p19764 and http://www.yso.fi/onto/yso/p4572 connected by both skos:broaderTransitive and skos:related, removing skos:related
WARNING: Concepts http://www.yso.fi/onto/yso/p20010 and http://www.yso.fi/onto/yso/p10895 connected by both skos:broaderTransitive and skos:related, removing skos:related
WARNING: Concepts http://www.yso.fi/onto/yso/p20133 and http://www.yso.fi/onto/yso/p12420 connected by both skos:broaderTransitive and skos:related, removing skos:related
WARNING: Concepts http://www.yso.fi/onto/yso/p2027 and http://www.yso.fi/onto/yso/p2023 connected by both skos:broaderTransitive and skos:related, removing skos:related
WARNING: Concepts http://www.yso.fi/onto/yso/p2028 and http://www.yso.fi/onto/yso/p2023 connected by both skos:broaderTransitive and skos:related, removing skos:related
WARNING: Concepts http://www.yso.fi/onto/yso/p20399 and http://www.yso.fi/onto/yso/p1688 connected by both skos:broaderTransitive and skos:related, removing skos:related
WARNING: Concepts http://www.yso.fi/onto/yso/p20650 and http://www.yso.fi/onto/yso/p19192 connected by both skos:broaderTransitive and skos:related, removing skos:related
WARNING: Concepts http://www.yso.fi/onto/yso/p20745 and http://www.yso.fi/onto/yso/p23894 connected by both skos:broaderTransitive and skos:related, removing skos:related
WARNING: Concepts http://www.yso.fi/onto/yso/p20900 and http://www.yso.fi/onto/yso/p5619 connected by both skos:broaderTransitive and skos:related, removing skos:related
WARNING: Concepts http://www.yso.fi/onto/yso/p20945 and http://www.yso.fi/onto/yso/p2106 connected by both skos:broaderTransitive and skos:related, removing skos:related
WARNING: Concepts http://www.yso.fi/onto/yso/p20971 and http://www.yso.fi/onto/yso/p12426 connected by both skos:broaderTransitive and skos:related, removing skos:related
WARNING: Concepts http://www.yso.fi/onto/yso/p20979 and http://www.yso.fi/onto/yso/p5140 connected by both skos:broaderTransitive and skos:related, removing skos:related
WARNING: Concepts http://www.yso.fi/onto/yso/p20989 and http://www.yso.fi/onto/yso/p3459 connected by both skos:broaderTransitive and skos:related, removing skos:related
WARNING: Concepts http://www.yso.fi/onto/yso/p21001 and http://www.yso.fi/onto/yso/p6580 connected by both skos:broaderTransitive and skos:related, removing skos:related
WARNING: Concepts http://www.yso.fi/onto/yso/p21147 and http://www.yso.fi/onto/yso/p989 connected by both skos:broaderTransitive and skos:related, removing skos:related
WARNING: Concepts http://www.yso.fi/onto/yso/p21149 and http://www.yso.fi/onto/yso/p1810 connected by both skos:broaderTransitive and skos:related, removing skos:related
WARNING: Concepts http://www.yso.fi/onto/yso/p21162 and http://www.yso.fi/onto/yso/p26592 connected by both skos:broaderTransitive and skos:related, removing skos:related
WARNING: Concepts http://www.yso.fi/onto/yso/p21172 and http://www.yso.fi/onto/yso/p1644 connected by both skos:broaderTransitive and skos:related, removing skos:related
WARNING: Concepts http://www.yso.fi/onto/yso/p21337 and http://www.yso.fi/onto/yso/p11754 connected by both skos:broaderTransitive and skos:related, removing skos:related
WARNING: Concepts http://www.yso.fi/onto/yso/p21418 and http://www.yso.fi/onto/yso/p200 connected by both skos:broaderTransitive and skos:related, removing skos:related
WARNING: Concepts http://www.yso.fi/onto/yso/p21488 and http://www.yso.fi/onto/yso/p1252 connected by both skos:broaderTransitive and skos:related, removing skos:related
WARNING: Concepts http://www.yso.fi/onto/yso/p21528 and http://www.yso.fi/onto/yso/p4342 connected by both skos:broaderTransitive and skos:related, removing skos:related
WARNING: Concepts http://www.yso.fi/onto/yso/p21571 and http://www.yso.fi/onto/yso/p7875 connected by both skos:broaderTransitive and skos:related, removing skos:related
WARNING: Concepts http://www.yso.fi/onto/yso/p21608 and http://www.yso.fi/onto/yso/p3459 connected by both skos:broaderTransitive and skos:related, removing skos:related
WARNING: Concepts http://www.yso.fi/onto/yso/p21727 and http://www.yso.fi/onto/yso/p21156 connected by both skos:broaderTransitive and skos:related, removing skos:related
WARNING: Concepts http://www.yso.fi/onto/yso/p21732 and http://www.yso.fi/onto/yso/p21156 connected by both skos:broaderTransitive and skos:related, removing skos:related
WARNING: Concepts http://www.yso.fi/onto/yso/p21841 and http://www.yso.fi/onto/yso/p14004 connected by both skos:broaderTransitive and skos:related, removing skos:related
WARNING: Concepts http://www.yso.fi/onto/yso/p2188 and http://www.yso.fi/onto/yso/p1966 connected by both skos:broaderTransitive and skos:related, removing skos:related
WARNING: Concepts http://www.yso.fi/onto/yso/p21909 and http://www.yso.fi/onto/yso/p7381 connected by both skos:broaderTransitive and skos:related, removing skos:related
WARNING: Concepts http://www.yso.fi/onto/yso/p21994 and http://www.yso.fi/onto/yso/p3363 connected by both skos:broaderTransitive and skos:related, removing skos:related
WARNING: Concepts http://www.yso.fi/onto/yso/p22068 and http://www.yso.fi/onto/yso/p90 connected by both skos:broaderTransitive and skos:related, removing skos:related
WARNING: Concepts http://www.yso.fi/onto/yso/p22108 and http://www.yso.fi/onto/yso/p3459 connected by both skos:broaderTransitive and skos:related, removing skos:related
WARNING: Concepts http://www.yso.fi/onto/yso/p22287 and http://www.yso.fi/onto/yso/p22286 connected by both skos:broaderTransitive and skos:related, removing skos:related
WARNING: Concepts http://www.yso.fi/onto/yso/p22332 and http://www.yso.fi/onto/yso/p3459 connected by both skos:broaderTransitive and skos:related, removing skos:related
WARNING: Concepts http://www.yso.fi/onto/yso/p22365 and http://www.yso.fi/onto/yso/p3671 connected by both skos:broaderTransitive and skos:related, removing skos:related
WARNING: Concepts http://www.yso.fi/onto/yso/p22457 and http://www.yso.fi/onto/yso/p314 connected by both skos:broaderTransitive and skos:related, removing skos:related
WARNING: Concepts http://www.yso.fi/onto/yso/p22461 and http://www.yso.fi/onto/yso/p10851 connected by both skos:broaderTransitive and skos:related, removing skos:related
WARNING: Concepts http://www.yso.fi/onto/yso/p2255 and http://www.yso.fi/onto/yso/p1786 connected by both skos:broaderTransitive and skos:related, removing skos:related
WARNING: Concepts http://www.yso.fi/onto/yso/p22555 and http://www.yso.fi/onto/yso/p39343 connected by both skos:broaderTransitive and skos:related, removing skos:related
WARNING: Concepts http://www.yso.fi/onto/yso/p22587 and http://www.yso.fi/onto/yso/p10402 connected by both skos:broaderTransitive and skos:related, removing skos:related
WARNING: Concepts http://www.yso.fi/onto/yso/p22622 and http://www.yso.fi/onto/yso/p10213 connected by both skos:broaderTransitive and skos:related, removing skos:related
WARNING: Concepts http://www.yso.fi/onto/yso/p22706 and http://www.yso.fi/onto/yso/p5898 connected by both skos:broaderTransitive and skos:related, removing skos:related
WARNING: Concepts http://www.yso.fi/onto/yso/p22706 and http://www.yso.fi/onto/yso/p6936 connected by both skos:broaderTransitive and skos:related, removing skos:related
WARNING: Concepts http://www.yso.fi/onto/yso/p22898 and http://www.yso.fi/onto/yso/p4174 connected by both skos:broaderTransitive and skos:related, removing skos:related
WARNING: Concepts http://www.yso.fi/onto/yso/p22966 and http://www.yso.fi/onto/yso/p16070 connected by both skos:broaderTransitive and skos:related, removing skos:related
WARNING: Concepts http://www.yso.fi/onto/yso/p23185 and http://www.yso.fi/onto/yso/p26592 connected by both skos:broaderTransitive and skos:related, removing skos:related
WARNING: Concepts http://www.yso.fi/onto/yso/p23291 and http://www.yso.fi/onto/yso/p5902 connected by both skos:broaderTransitive and skos:related, removing skos:related
WARNING: Concepts http://www.yso.fi/onto/yso/p23297 and http://www.yso.fi/onto/yso/p23002 connected by both skos:broaderTransitive and skos:related, removing skos:related
WARNING: Concepts http://www.yso.fi/onto/yso/p233 and http://www.yso.fi/onto/yso/p21943 connected by both skos:broaderTransitive and skos:related, removing skos:related
WARNING: Concepts http://www.yso.fi/onto/yso/p2359 and http://www.yso.fi/onto/yso/p2361 connected by both skos:broaderTransitive and skos:related, removing skos:related
WARNING: Concepts http://www.yso.fi/onto/yso/p23714 and http://www.yso.fi/onto/yso/p25879 connected by both skos:broaderTransitive and skos:related, removing skos:related
WARNING: Concepts http://www.yso.fi/onto/yso/p24031 and http://www.yso.fi/onto/yso/p5007 connected by both skos:broaderTransitive and skos:related, removing skos:related
WARNING: Concepts http://www.yso.fi/onto/yso/p2406 and http://www.yso.fi/onto/yso/p2407 connected by both skos:broaderTransitive and skos:related, removing skos:related
WARNING: Concepts http://www.yso.fi/onto/yso/p2410 and http://www.yso.fi/onto/yso/p21156 connected by both skos:broaderTransitive and skos:related, removing skos:related
WARNING: Concepts http://www.yso.fi/onto/yso/p24230 and http://www.yso.fi/onto/yso/p8683 connected by both skos:broaderTransitive and skos:related, removing skos:related
WARNING: Concepts http://www.yso.fi/onto/yso/p24489 and http://www.yso.fi/onto/yso/p26592 connected by both skos:broaderTransitive and skos:related, removing skos:related
WARNING: Concepts http://www.yso.fi/onto/yso/p24792 and http://www.yso.fi/onto/yso/p6334 connected by both skos:broaderTransitive and skos:related, removing skos:related
WARNING: Concepts http://www.yso.fi/onto/yso/p24823 and http://www.yso.fi/onto/yso/p5619 connected by both skos:broaderTransitive and skos:related, removing skos:related
WARNING: Concepts http://www.yso.fi/onto/yso/p24914 and http://www.yso.fi/onto/yso/p7534 connected by both skos:broaderTransitive and skos:related, removing skos:related
WARNING: Concepts http://www.yso.fi/onto/yso/p24969 and http://www.yso.fi/onto/yso/p13335 connected by both skos:broaderTransitive and skos:related, removing skos:related
WARNING: Concepts http://www.yso.fi/onto/yso/p24992 and http://www.yso.fi/onto/yso/p19378 connected by both skos:broaderTransitive and skos:related, removing skos:related
WARNING: Concepts http://www.yso.fi/onto/yso/p25084 and http://www.yso.fi/onto/yso/p3917 connected by both skos:broaderTransitive and skos:related, removing skos:related
WARNING: Concepts http://www.yso.fi/onto/yso/p25102 and http://www.yso.fi/onto/yso/p10916 connected by both skos:broaderTransitive and skos:related, removing skos:related
WARNING: Concepts http://www.yso.fi/onto/yso/p25154 and http://www.yso.fi/onto/yso/p5319 connected by both skos:broaderTransitive and skos:related, removing skos:related
WARNING: Concepts http://www.yso.fi/onto/yso/p25221 and http://www.yso.fi/onto/yso/p5619 connected by both skos:broaderTransitive and skos:related, removing skos:related
WARNING: Concepts http://www.yso.fi/onto/yso/p25251 and http://www.yso.fi/onto/yso/p26592 connected by both skos:broaderTransitive and skos:related, removing skos:related
WARNING: Concepts http://www.yso.fi/onto/yso/p25590 and http://www.yso.fi/onto/yso/p21001 connected by both skos:broaderTransitive and skos:related, removing skos:related
WARNING: Concepts http://www.yso.fi/onto/yso/p25702 and http://www.yso.fi/onto/yso/p1688 connected by both skos:broaderTransitive and skos:related, removing skos:related
WARNING: Concepts http://www.yso.fi/onto/yso/p2571 and http://www.yso.fi/onto/yso/p1574 connected by both skos:broaderTransitive and skos:related, removing skos:related
WARNING: Concepts http://www.yso.fi/onto/yso/p25839 and http://www.yso.fi/onto/yso/p6580 connected by both skos:broaderTransitive and skos:related, removing skos:related
WARNING: Concepts http://www.yso.fi/onto/yso/p25989 and http://www.yso.fi/onto/yso/p5291 connected by both skos:broaderTransitive and skos:related, removing skos:related
WARNING: Concepts http://www.yso.fi/onto/yso/p2609 and http://www.yso.fi/onto/yso/p2608 connected by both skos:broaderTransitive and skos:related, removing skos:related
WARNING: Concepts http://www.yso.fi/onto/yso/p26202 and http://www.yso.fi/onto/yso/p4732 connected by both skos:broaderTransitive and skos:related, removing skos:related
WARNING: Concepts http://www.yso.fi/onto/yso/p26264 and http://www.yso.fi/onto/yso/p2015 connected by both skos:broaderTransitive and skos:related, removing skos:related
WARNING: Concepts http://www.yso.fi/onto/yso/p26396 and http://www.yso.fi/onto/yso/p10981 connected by both skos:broaderTransitive and skos:related, removing skos:related
WARNING: Concepts http://www.yso.fi/onto/yso/p26589 and http://www.yso.fi/onto/yso/p5304 connected by both skos:broaderTransitive and skos:related, removing skos:related
WARNING: Concepts http://www.yso.fi/onto/yso/p26695 and http://www.yso.fi/onto/yso/p8266 connected by both skos:broaderTransitive and skos:related, removing skos:related
WARNING: Concepts http://www.yso.fi/onto/yso/p26717 and http://www.yso.fi/onto/yso/p2414 connected by both skos:broaderTransitive and skos:related, removing skos:related
WARNING: Concepts http://www.yso.fi/onto/yso/p26737 and http://www.yso.fi/onto/yso/p24218 connected by both skos:broaderTransitive and skos:related, removing skos:related
WARNING: Concepts http://www.yso.fi/onto/yso/p2682 and http://www.yso.fi/onto/yso/p4229 connected by both skos:broaderTransitive and skos:related, removing skos:related
WARNING: Concepts http://www.yso.fi/onto/yso/p26919 and http://www.yso.fi/onto/yso/p4200 connected by both skos:broaderTransitive and skos:related, removing skos:related
WARNING: Concepts http://www.yso.fi/onto/yso/p26972 and http://www.yso.fi/onto/yso/p421 connected by both skos:broaderTransitive and skos:related, removing skos:related
WARNING: Concepts http://www.yso.fi/onto/yso/p27026 and http://www.yso.fi/onto/yso/p956 connected by both skos:broaderTransitive and skos:related, removing skos:related
WARNING: Concepts http://www.yso.fi/onto/yso/p27073 and http://www.yso.fi/onto/yso/p1688 connected by both skos:broaderTransitive and skos:related, removing skos:related
WARNING: Concepts http://www.yso.fi/onto/yso/p27208 and http://www.yso.fi/onto/yso/p5189 connected by both skos:broaderTransitive and skos:related, removing skos:related
WARNING: Concepts http://www.yso.fi/onto/yso/p27241 and http://www.yso.fi/onto/yso/p20533 connected by both skos:broaderTransitive and skos:related, removing skos:related
WARNING: Concepts http://www.yso.fi/onto/yso/p27253 and http://www.yso.fi/onto/yso/p7375 connected by both skos:broaderTransitive and skos:related, removing skos:related
WARNING: Concepts http://www.yso.fi/onto/yso/p27265 and http://www.yso.fi/onto/yso/p29417 connected by both skos:broaderTransitive and skos:related, removing skos:related
WARNING: Concepts http://www.yso.fi/onto/yso/p27629 and http://www.yso.fi/onto/yso/p1688 connected by both skos:broaderTransitive and skos:related, removing skos:related
WARNING: Concepts http://www.yso.fi/onto/yso/p27846 and http://www.yso.fi/onto/yso/p5098 connected by both skos:broaderTransitive and skos:related, removing skos:related
WARNING: Concepts http://www.yso.fi/onto/yso/p27847 and http://www.yso.fi/onto/yso/p2284 connected by both skos:broaderTransitive and skos:related, removing skos:related
WARNING: Concepts http://www.yso.fi/onto/yso/p27891 and http://www.yso.fi/onto/yso/p2455 connected by both skos:broaderTransitive and skos:related, removing skos:related
WARNING: Concepts http://www.yso.fi/onto/yso/p28099 and http://www.yso.fi/onto/yso/p27748 connected by both skos:broaderTransitive and skos:related, removing skos:related
WARNING: Concepts http://www.yso.fi/onto/yso/p28197 and http://www.yso.fi/onto/yso/p17883 connected by both skos:broaderTransitive and skos:related, removing skos:related
WARNING: Concepts http://www.yso.fi/onto/yso/p28202 and http://www.yso.fi/onto/yso/p21419 connected by both skos:broaderTransitive and skos:related, removing skos:related
WARNING: Concepts http://www.yso.fi/onto/yso/p28272 and http://www.yso.fi/onto/yso/p3790 connected by both skos:broaderTransitive and skos:related, removing skos:related
WARNING: Concepts http://www.yso.fi/onto/yso/p28274 and http://www.yso.fi/onto/yso/p21452 connected by both skos:broaderTransitive and skos:related, removing skos:related
WARNING: Concepts http://www.yso.fi/onto/yso/p28307 and http://www.yso.fi/onto/yso/p10189 connected by both skos:broaderTransitive and skos:related, removing skos:related
WARNING: Concepts http://www.yso.fi/onto/yso/p28324 and http://www.yso.fi/onto/yso/p343 connected by both skos:broaderTransitive and skos:related, removing skos:related
WARNING: Concepts http://www.yso.fi/onto/yso/p28366 and http://www.yso.fi/onto/yso/p2357 connected by both skos:broaderTransitive and skos:related, removing skos:related
WARNING: Concepts http://www.yso.fi/onto/yso/p28423 and http://www.yso.fi/onto/yso/p6895 connected by both skos:broaderTransitive and skos:related, removing skos:related
WARNING: Concepts http://www.yso.fi/onto/yso/p28449 and http://www.yso.fi/onto/yso/p14345 connected by both skos:broaderTransitive and skos:related, removing skos:related
WARNING: Concepts http://www.yso.fi/onto/yso/p28455 and http://www.yso.fi/onto/yso/p25879 connected by both skos:broaderTransitive and skos:related, removing skos:related
WARNING: Concepts http://www.yso.fi/onto/yso/p28514 and http://www.yso.fi/onto/yso/p25879 connected by both skos:broaderTransitive and skos:related, removing skos:related
WARNING: Concepts http://www.yso.fi/onto/yso/p28515 and http://www.yso.fi/onto/yso/p13500 connected by both skos:broaderTransitive and skos:related, removing skos:related
WARNING: Concepts http://www.yso.fi/onto/yso/p28559 and http://www.yso.fi/onto/yso/p214 connected by both skos:broaderTransitive and skos:related, removing skos:related
WARNING: Concepts http://www.yso.fi/onto/yso/p28719 and http://www.yso.fi/onto/yso/p3937 connected by both skos:broaderTransitive and skos:related, removing skos:related
WARNING: Concepts http://www.yso.fi/onto/yso/p28789 and http://www.yso.fi/onto/yso/p3192 connected by both skos:broaderTransitive and skos:related, removing skos:related
WARNING: Concepts http://www.yso.fi/onto/yso/p28846 and http://www.yso.fi/onto/yso/p39343 connected by both skos:broaderTransitive and skos:related, removing skos:related
WARNING: Concepts http://www.yso.fi/onto/yso/p28930 and http://www.yso.fi/onto/yso/p3847 connected by both skos:broaderTransitive and skos:related, removing skos:related
WARNING: Concepts http://www.yso.fi/onto/yso/p28931 and http://www.yso.fi/onto/yso/p2015 connected by both skos:broaderTransitive and skos:related, removing skos:related
WARNING: Concepts http://www.yso.fi/onto/yso/p29023 and http://www.yso.fi/onto/yso/p5069 connected by both skos:broaderTransitive and skos:related, removing skos:related
WARNING: Concepts http://www.yso.fi/onto/yso/p29029 and http://www.yso.fi/onto/yso/p2015 connected by both skos:broaderTransitive and skos:related, removing skos:related
WARNING: Concepts http://www.yso.fi/onto/yso/p2907 and http://www.yso.fi/onto/yso/p1080 connected by both skos:broaderTransitive and skos:related, removing skos:related
WARNING: Concepts http://www.yso.fi/onto/yso/p2944 and http://www.yso.fi/onto/yso/p12638 connected by both skos:broaderTransitive and skos:related, removing skos:related
WARNING: Concepts http://www.yso.fi/onto/yso/p29460 and http://www.yso.fi/onto/yso/p29081 connected by both skos:broaderTransitive and skos:related, removing skos:related
WARNING: Concepts http://www.yso.fi/onto/yso/p29521 and http://www.yso.fi/onto/yso/p4769 connected by both skos:broaderTransitive and skos:related, removing skos:related
WARNING: Concepts http://www.yso.fi/onto/yso/p29528 and http://www.yso.fi/onto/yso/p19358 connected by both skos:broaderTransitive and skos:related, removing skos:related
WARNING: Concepts http://www.yso.fi/onto/yso/p29543 and http://www.yso.fi/onto/yso/p16697 connected by both skos:broaderTransitive and skos:related, removing skos:related
WARNING: Concepts http://www.yso.fi/onto/yso/p29613 and http://www.yso.fi/onto/yso/p6580 connected by both skos:broaderTransitive and skos:related, removing skos:related
WARNING: Concepts http://www.yso.fi/onto/yso/p29627 and http://www.yso.fi/onto/yso/p963 connected by both skos:broaderTransitive and skos:related, removing skos:related
WARNING: Concepts http://www.yso.fi/onto/yso/p29657 and http://www.yso.fi/onto/yso/p700 connected by both skos:broaderTransitive and skos:related, removing skos:related
WARNING: Concepts http://www.yso.fi/onto/yso/p29858 and http://www.yso.fi/onto/yso/p23218 connected by both skos:broaderTransitive and skos:related, removing skos:related
WARNING: Concepts http://www.yso.fi/onto/yso/p29989 and http://www.yso.fi/onto/yso/p16416 connected by both skos:broaderTransitive and skos:related, removing skos:related
WARNING: Concepts http://www.yso.fi/onto/yso/p30077 and http://www.yso.fi/onto/yso/p29883 connected by both skos:broaderTransitive and skos:related, removing skos:related
WARNING: Concepts http://www.yso.fi/onto/yso/p3211 and http://www.yso.fi/onto/yso/p3209 connected by both skos:broaderTransitive and skos:related, removing skos:related
WARNING: Concepts http://www.yso.fi/onto/yso/p3215 and http://www.yso.fi/onto/yso/p1691 connected by both skos:broaderTransitive and skos:related, removing skos:related
WARNING: Concepts http://www.yso.fi/onto/yso/p3231 and http://www.yso.fi/onto/yso/p3234 connected by both skos:broaderTransitive and skos:related, removing skos:related
WARNING: Concepts http://www.yso.fi/onto/yso/p3232 and http://www.yso.fi/onto/yso/p3234 connected by both skos:broaderTransitive and skos:related, removing skos:related
WARNING: Concepts http://www.yso.fi/onto/yso/p3233 and http://www.yso.fi/onto/yso/p3234 connected by both skos:broaderTransitive and skos:related, removing skos:related
WARNING: Concepts http://www.yso.fi/onto/yso/p3267 and http://www.yso.fi/onto/yso/p21278 connected by both skos:broaderTransitive and skos:related, removing skos:related
WARNING: Concepts http://www.yso.fi/onto/yso/p3284 and http://www.yso.fi/onto/yso/p3281 connected by both skos:broaderTransitive and skos:related, removing skos:related
WARNING: Concepts http://www.yso.fi/onto/yso/p3417 and http://www.yso.fi/onto/yso/p3418 connected by both skos:broaderTransitive and skos:related, removing skos:related
WARNING: Concepts http://www.yso.fi/onto/yso/p344 and http://www.yso.fi/onto/yso/p343 connected by both skos:broaderTransitive and skos:related, removing skos:related
WARNING: Concepts http://www.yso.fi/onto/yso/p3453 and http://www.yso.fi/onto/yso/p26592 connected by both skos:broaderTransitive and skos:related, removing skos:related
WARNING: Concepts http://www.yso.fi/onto/yso/p34753 and http://www.yso.fi/onto/yso/p16697 connected by both skos:broaderTransitive and skos:related, removing skos:related
WARNING: Concepts http://www.yso.fi/onto/yso/p35 and http://www.yso.fi/onto/yso/p36 connected by both skos:broaderTransitive and skos:related, removing skos:related
WARNING: Concepts http://www.yso.fi/onto/yso/p35531 and http://www.yso.fi/onto/yso/p21685 connected by both skos:broaderTransitive and skos:related, removing skos:related
WARNING: Concepts http://www.yso.fi/onto/yso/p3590 and http://www.yso.fi/onto/yso/p3591 connected by both skos:broaderTransitive and skos:related, removing skos:related
WARNING: Concepts http://www.yso.fi/onto/yso/p3644 and http://www.yso.fi/onto/yso/p2339 connected by both skos:broaderTransitive and skos:related, removing skos:related
WARNING: Concepts http://www.yso.fi/onto/yso/p3711 and http://www.yso.fi/onto/yso/p26592 connected by both skos:broaderTransitive and skos:related, removing skos:related
WARNING: Concepts http://www.yso.fi/onto/yso/p3747 and http://www.yso.fi/onto/yso/p3744 connected by both skos:broaderTransitive and skos:related, removing skos:related
WARNING: Concepts http://www.yso.fi/onto/yso/p38 and http://www.yso.fi/onto/yso/p37 connected by both skos:broaderTransitive and skos:related, removing skos:related
WARNING: Concepts http://www.yso.fi/onto/yso/p38030 and http://www.yso.fi/onto/yso/p22523 connected by both skos:broaderTransitive and skos:related, removing skos:related
WARNING: Concepts http://www.yso.fi/onto/yso/p38192 and http://www.yso.fi/onto/yso/p5319 connected by both skos:broaderTransitive and skos:related, removing skos:related
WARNING: Concepts http://www.yso.fi/onto/yso/p38384 and http://www.yso.fi/onto/yso/p3180 connected by both skos:broaderTransitive and skos:related, removing skos:related
WARNING: Concepts http://www.yso.fi/onto/yso/p38386 and http://www.yso.fi/onto/yso/p7754 connected by both skos:broaderTransitive and skos:related, removing skos:related
WARNING: Concepts http://www.yso.fi/onto/yso/p38409 and http://www.yso.fi/onto/yso/p38420 connected by both skos:broaderTransitive and skos:related, removing skos:related
WARNING: Concepts http://www.yso.fi/onto/yso/p38424 and http://www.yso.fi/onto/yso/p1947 connected by both skos:broaderTransitive and skos:related, removing skos:related
WARNING: Concepts http://www.yso.fi/onto/yso/p3854 and http://www.yso.fi/onto/yso/p1688 connected by both skos:broaderTransitive and skos:related, removing skos:related
WARNING: Concepts http://www.yso.fi/onto/yso/p38802 and http://www.yso.fi/onto/yso/p2176 connected by both skos:broaderTransitive and skos:related, removing skos:related
WARNING: Concepts http://www.yso.fi/onto/yso/p3901 and http://www.yso.fi/onto/yso/p3902 connected by both skos:broaderTransitive and skos:related, removing skos:related
WARNING: Concepts http://www.yso.fi/onto/yso/p39865 and http://www.yso.fi/onto/yso/p6004 connected by both skos:broaderTransitive and skos:related, removing skos:related
WARNING: Concepts http://www.yso.fi/onto/yso/p39945 and http://www.yso.fi/onto/yso/p2427 connected by both skos:broaderTransitive and skos:related, removing skos:related
WARNING: Concepts http://www.yso.fi/onto/yso/p40418 and http://www.yso.fi/onto/yso/p14658 connected by both skos:broaderTransitive and skos:related, removing skos:related
WARNING: Concepts http://www.yso.fi/onto/yso/p4053 and http://www.yso.fi/onto/yso/p29024 connected by both skos:broaderTransitive and skos:related, removing skos:related
WARNING: Concepts http://www.yso.fi/onto/yso/p4131 and http://www.yso.fi/onto/yso/p40329 connected by both skos:broaderTransitive and skos:related, removing skos:related
WARNING: Concepts http://www.yso.fi/onto/yso/p4293 and http://www.yso.fi/onto/yso/p5468 connected by both skos:broaderTransitive and skos:related, removing skos:related
WARNING: Concepts http://www.yso.fi/onto/yso/p4357 and http://www.yso.fi/onto/yso/p506 connected by both skos:broaderTransitive and skos:related, removing skos:related
WARNING: Concepts http://www.yso.fi/onto/yso/p4589 and http://www.yso.fi/onto/yso/p8148 connected by both skos:broaderTransitive and skos:related, removing skos:related
WARNING: Concepts http://www.yso.fi/onto/yso/p4628 and http://www.yso.fi/onto/yso/p4629 connected by both skos:broaderTransitive and skos:related, removing skos:related
WARNING: Concepts http://www.yso.fi/onto/yso/p4683 and http://www.yso.fi/onto/yso/p4684 connected by both skos:broaderTransitive and skos:related, removing skos:related
WARNING: Concepts http://www.yso.fi/onto/yso/p4684 and http://www.yso.fi/onto/yso/p8292 connected by both skos:broaderTransitive and skos:related, removing skos:related
WARNING: Concepts http://www.yso.fi/onto/yso/p4752 and http://www.yso.fi/onto/yso/p25125 connected by both skos:broaderTransitive and skos:related, removing skos:related
WARNING: Concepts http://www.yso.fi/onto/yso/p483 and http://www.yso.fi/onto/yso/p485 connected by both skos:broaderTransitive and skos:related, removing skos:related
WARNING: Concepts http://www.yso.fi/onto/yso/p4845 and http://www.yso.fi/onto/yso/p4848 connected by both skos:broaderTransitive and skos:related, removing skos:related
WARNING: Concepts http://www.yso.fi/onto/yso/p4999 and http://www.yso.fi/onto/yso/p5000 connected by both skos:broaderTransitive and skos:related, removing skos:related
WARNING: Concepts http://www.yso.fi/onto/yso/p500 and http://www.yso.fi/onto/yso/p501 connected by both skos:broaderTransitive and skos:related, removing skos:related
WARNING: Concepts http://www.yso.fi/onto/yso/p5024 and http://www.yso.fi/onto/yso/p501 connected by both skos:broaderTransitive and skos:related, removing skos:related
WARNING: Concepts http://www.yso.fi/onto/yso/p5025 and http://www.yso.fi/onto/yso/p501 connected by both skos:broaderTransitive and skos:related, removing skos:related
WARNING: Concepts http://www.yso.fi/onto/yso/p5068 and http://www.yso.fi/onto/yso/p23819 connected by both skos:broaderTransitive and skos:related, removing skos:related
WARNING: Concepts http://www.yso.fi/onto/yso/p5099 and http://www.yso.fi/onto/yso/p5098 connected by both skos:broaderTransitive and skos:related, removing skos:related
WARNING: Concepts http://www.yso.fi/onto/yso/p5250 and http://www.yso.fi/onto/yso/p3363 connected by both skos:broaderTransitive and skos:related, removing skos:related
WARNING: Concepts http://www.yso.fi/onto/yso/p5280 and http://www.yso.fi/onto/yso/p7712 connected by both skos:broaderTransitive and skos:related, removing skos:related
WARNING: Concepts http://www.yso.fi/onto/yso/p5310 and http://www.yso.fi/onto/yso/p5309 connected by both skos:broaderTransitive and skos:related, removing skos:related
WARNING: Concepts http://www.yso.fi/onto/yso/p5326 and http://www.yso.fi/onto/yso/p1644 connected by both skos:broaderTransitive and skos:related, removing skos:related
WARNING: Concepts http://www.yso.fi/onto/yso/p5376 and http://www.yso.fi/onto/yso/p1979 connected by both skos:broaderTransitive and skos:related, removing skos:related
WARNING: Concepts http://www.yso.fi/onto/yso/p5386 and http://www.yso.fi/onto/yso/p125 connected by both skos:broaderTransitive and skos:related, removing skos:related
WARNING: Concepts http://www.yso.fi/onto/yso/p5390 and http://www.yso.fi/onto/yso/p67 connected by both skos:broaderTransitive and skos:related, removing skos:related
WARNING: Concepts http://www.yso.fi/onto/yso/p5589 and http://www.yso.fi/onto/yso/p5405 connected by both skos:broaderTransitive and skos:related, removing skos:related
WARNING: Concepts http://www.yso.fi/onto/yso/p5679 and http://www.yso.fi/onto/yso/p5682 connected by both skos:broaderTransitive and skos:related, removing skos:related
WARNING: Concepts http://www.yso.fi/onto/yso/p5881 and http://www.yso.fi/onto/yso/p3547 connected by both skos:broaderTransitive and skos:related, removing skos:related
WARNING: Concepts http://www.yso.fi/onto/yso/p5900 and http://www.yso.fi/onto/yso/p5902 connected by both skos:broaderTransitive and skos:related, removing skos:related
WARNING: Concepts http://www.yso.fi/onto/yso/p5901 and http://www.yso.fi/onto/yso/p5902 connected by both skos:broaderTransitive and skos:related, removing skos:related
WARNING: Concepts http://www.yso.fi/onto/yso/p5918 and http://www.yso.fi/onto/yso/p2945 connected by both skos:broaderTransitive and skos:related, removing skos:related
WARNING: Concepts http://www.yso.fi/onto/yso/p6148 and http://www.yso.fi/onto/yso/p6150 connected by both skos:broaderTransitive and skos:related, removing skos:related
WARNING: Concepts http://www.yso.fi/onto/yso/p6160 and http://www.yso.fi/onto/yso/p38317 connected by both skos:broaderTransitive and skos:related, removing skos:related
WARNING: Concepts http://www.yso.fi/onto/yso/p6161 and http://www.yso.fi/onto/yso/p38317 connected by both skos:broaderTransitive and skos:related, removing skos:related
WARNING: Concepts http://www.yso.fi/onto/yso/p6162 and http://www.yso.fi/onto/yso/p8629 connected by both skos:broaderTransitive and skos:related, removing skos:related
WARNING: Concepts http://www.yso.fi/onto/yso/p6190 and http://www.yso.fi/onto/yso/p29707 connected by both skos:broaderTransitive and skos:related, removing skos:related
WARNING: Concepts http://www.yso.fi/onto/yso/p6252 and http://www.yso.fi/onto/yso/p6613 connected by both skos:broaderTransitive and skos:related, removing skos:related
WARNING: Concepts http://www.yso.fi/onto/yso/p6345 and http://www.yso.fi/onto/yso/p5468 connected by both skos:broaderTransitive and skos:related, removing skos:related
WARNING: Concepts http://www.yso.fi/onto/yso/p6346 and http://www.yso.fi/onto/yso/p5468 connected by both skos:broaderTransitive and skos:related, removing skos:related
WARNING: Concepts http://www.yso.fi/onto/yso/p6451 and http://www.yso.fi/onto/yso/p2698 connected by both skos:broaderTransitive and skos:related, removing skos:related
WARNING: Concepts http://www.yso.fi/onto/yso/p6480 and http://www.yso.fi/onto/yso/p5799 connected by both skos:broaderTransitive and skos:related, removing skos:related
WARNING: Concepts http://www.yso.fi/onto/yso/p655 and http://www.yso.fi/onto/yso/p661 connected by both skos:broaderTransitive and skos:related, removing skos:related
WARNING: Concepts http://www.yso.fi/onto/yso/p6624 and http://www.yso.fi/onto/yso/p838 connected by both skos:broaderTransitive and skos:related, removing skos:related
WARNING: Concepts http://www.yso.fi/onto/yso/p6976 and http://www.yso.fi/onto/yso/p4715 connected by both skos:broaderTransitive and skos:related, removing skos:related
WARNING: Concepts http://www.yso.fi/onto/yso/p6999 and http://www.yso.fi/onto/yso/p26592 connected by both skos:broaderTransitive and skos:related, removing skos:related
WARNING: Concepts http://www.yso.fi/onto/yso/p7008 and http://www.yso.fi/onto/yso/p3917 connected by both skos:broaderTransitive and skos:related, removing skos:related
WARNING: Concepts http://www.yso.fi/onto/yso/p7173 and http://www.yso.fi/onto/yso/p26592 connected by both skos:broaderTransitive and skos:related, removing skos:related
WARNING: Concepts http://www.yso.fi/onto/yso/p7304 and http://www.yso.fi/onto/yso/p7303 connected by both skos:broaderTransitive and skos:related, removing skos:related
WARNING: Concepts http://www.yso.fi/onto/yso/p7357 and http://www.yso.fi/onto/yso/p989 connected by both skos:broaderTransitive and skos:related, removing skos:related
WARNING: Concepts http://www.yso.fi/onto/yso/p7358 and http://www.yso.fi/onto/yso/p989 connected by both skos:broaderTransitive and skos:related, removing skos:related
WARNING: Concepts http://www.yso.fi/onto/yso/p7773 and http://www.yso.fi/onto/yso/p1581 connected by both skos:broaderTransitive and skos:related, removing skos:related
WARNING: Concepts http://www.yso.fi/onto/yso/p7775 and http://www.yso.fi/onto/yso/p7777 connected by both skos:broaderTransitive and skos:related, removing skos:related
WARNING: Concepts http://www.yso.fi/onto/yso/p8057 and http://www.yso.fi/onto/yso/p1291 connected by both skos:broaderTransitive and skos:related, removing skos:related
WARNING: Concepts http://www.yso.fi/onto/yso/p8231 and http://www.yso.fi/onto/yso/p8232 connected by both skos:broaderTransitive and skos:related, removing skos:related
WARNING: Concepts http://www.yso.fi/onto/yso/p8235 and http://www.yso.fi/onto/yso/p13361 connected by both skos:broaderTransitive and skos:related, removing skos:related
WARNING: Concepts http://www.yso.fi/onto/yso/p8336 and http://www.yso.fi/onto/yso/p2956 connected by both skos:broaderTransitive and skos:related, removing skos:related
WARNING: Concepts http://www.yso.fi/onto/yso/p8352 and http://www.yso.fi/onto/yso/p1581 connected by both skos:broaderTransitive and skos:related, removing skos:related
WARNING: Concepts http://www.yso.fi/onto/yso/p8440 and http://www.yso.fi/onto/yso/p26592 connected by both skos:broaderTransitive and skos:related, removing skos:related
WARNING: Concepts http://www.yso.fi/onto/yso/p8472 and http://www.yso.fi/onto/yso/p467 connected by both skos:broaderTransitive and skos:related, removing skos:related
WARNING: Concepts http://www.yso.fi/onto/yso/p8527 and http://www.yso.fi/onto/yso/p2551 connected by both skos:broaderTransitive and skos:related, removing skos:related
WARNING: Concepts http://www.yso.fi/onto/yso/p8527 and http://www.yso.fi/onto/yso/p8525 connected by both skos:broaderTransitive and skos:related, removing skos:related
WARNING: Concepts http://www.yso.fi/onto/yso/p8688 and http://www.yso.fi/onto/yso/p8691 connected by both skos:broaderTransitive and skos:related, removing skos:related
WARNING: Concepts http://www.yso.fi/onto/yso/p873 and http://www.yso.fi/onto/yso/p7285 connected by both skos:broaderTransitive and skos:related, removing skos:related
WARNING: Concepts http://www.yso.fi/onto/yso/p8939 and http://www.yso.fi/onto/yso/p26592 connected by both skos:broaderTransitive and skos:related, removing skos:related
WARNING: Concepts http://www.yso.fi/onto/yso/p8941 and http://www.yso.fi/onto/yso/p27444 connected by both skos:broaderTransitive and skos:related, removing skos:related
WARNING: Concepts http://www.yso.fi/onto/yso/p9026 and http://www.yso.fi/onto/yso/p3790 connected by both skos:broaderTransitive and skos:related, removing skos:related
WARNING: Concepts http://www.yso.fi/onto/yso/p9028 and http://www.yso.fi/onto/yso/p3790 connected by both skos:broaderTransitive and skos:related, removing skos:related
WARNING: Concepts http://www.yso.fi/onto/yso/p903 and http://www.yso.fi/onto/yso/p901 connected by both skos:broaderTransitive and skos:related, removing skos:related
WARNING: Concepts http://www.yso.fi/onto/yso/p906 and http://www.yso.fi/onto/yso/p901 connected by both skos:broaderTransitive and skos:related, removing skos:related
WARNING: Concepts http://www.yso.fi/onto/yso/p908 and http://www.yso.fi/onto/yso/p901 connected by both skos:broaderTransitive and skos:related, removing skos:related
WARNING: Concepts http://www.yso.fi/onto/yso/p914 and http://www.yso.fi/onto/yso/p38692 connected by both skos:broaderTransitive and skos:related, removing skos:related
WARNING: Concepts http://www.yso.fi/onto/yso/p9225 and http://www.yso.fi/onto/yso/p9226 connected by both skos:broaderTransitive and skos:related, removing skos:related
WARNING: Concepts http://www.yso.fi/onto/yso/p9244 and http://www.yso.fi/onto/yso/p9237 connected by both skos:broaderTransitive and skos:related, removing skos:related
WARNING: Concepts http://www.yso.fi/onto/yso/p9294 and http://www.yso.fi/onto/yso/p21156 connected by both skos:broaderTransitive and skos:related, removing skos:related
WARNING: Concepts http://www.yso.fi/onto/yso/p9519 and http://www.yso.fi/onto/yso/p4153 connected by both skos:broaderTransitive and skos:related, removing skos:related
WARNING: Concepts http://www.yso.fi/onto/yso/p9531 and http://www.yso.fi/onto/yso/p3363 connected by both skos:broaderTransitive and skos:related, removing skos:related
WARNING: Concepts http://www.yso.fi/onto/yso/p9617 and http://www.yso.fi/onto/yso/p2512 connected by both skos:broaderTransitive and skos:related, removing skos:related
WARNING: Concepts http://www.yso.fi/onto/yso/p9684 and http://www.yso.fi/onto/yso/p4600 connected by both skos:broaderTransitive and skos:related, removing skos:related
WARNING: Concepts http://www.yso.fi/onto/yso/p9793 and http://www.yso.fi/onto/yso/p990 connected by both skos:broaderTransitive and skos:related, removing skos:related
WARNING: Concepts http://www.yso.fi/onto/yso/p9813 and http://www.yso.fi/onto/yso/p20678 connected by both skos:broaderTransitive and skos:related, removing skos:related
WARNING: Concepts http://www.yso.fi/onto/yso/p9853 and http://www.yso.fi/onto/yso/p481 connected by both skos:broaderTransitive and skos:related, removing skos:related
WARNING: Concepts http://www.yso.fi/onto/yso/p9970 and http://www.yso.fi/onto/yso/p1629 connected by both skos:broaderTransitive and skos:related, removing skos:related
WARNING: Eliminating redundant hierarchical relationship: http://www.yso.fi/onto/ekso/p1238 skos:broader http://www.yso.fi/onto/yso/p1786
WARNING: Eliminating redundant hierarchical relationship: http://www.yso.fi/onto/ekso/p18 skos:broader http://www.yso.fi/onto/ekso/p2795
WARNING: Eliminating redundant hierarchical relationship: http://www.yso.fi/onto/ekso/p190 skos:broader http://www.yso.fi/onto/yso/p19923
WARNING: Eliminating redundant hierarchical relationship: http://www.yso.fi/onto/ekso/p1918 skos:broader http://www.yso.fi/onto/yso/p7171
WARNING: Eliminating redundant hierarchical relationship: http://www.yso.fi/onto/ekso/p1986 skos:broader http://www.yso.fi/onto/yso/p21790
WARNING: Eliminating redundant hierarchical relationship: http://www.yso.fi/onto/ekso/p2072 skos:broader http://www.yso.fi/onto/ekso/p2795
WARNING: Eliminating redundant hierarchical relationship: http://www.yso.fi/onto/ekso/p2354 skos:broader http://www.yso.fi/onto/yso/p1157
WARNING: Eliminating redundant hierarchical relationship: http://www.yso.fi/onto/ekso/p2686 skos:broader http://www.yso.fi/onto/yso/p2344
WARNING: Eliminating redundant hierarchical relationship: http://www.yso.fi/onto/ekso/p3218 skos:broader http://www.yso.fi/onto/yso/p40210
WARNING: Eliminating redundant hierarchical relationship: http://www.yso.fi/onto/ekso/p3761 skos:broader http://www.yso.fi/onto/ekso/p2795
WARNING: Eliminating redundant hierarchical relationship: http://www.yso.fi/onto/ekso/p3797 skos:broader http://www.yso.fi/onto/yso/p40210
WARNING: Eliminating redundant hierarchical relationship: http://www.yso.fi/onto/ekso/p3806 skos:broader http://www.yso.fi/onto/ekso/p2795
WARNING: Eliminating redundant hierarchical relationship: http://www.yso.fi/onto/ekso/p709 skos:broader http://www.yso.fi/onto/yso/p3128
WARNING: Eliminating redundant hierarchical relationship: http://www.yso.fi/onto/yso/p10156 skos:broader http://www.yso.fi/onto/yso/p295
WARNING: Eliminating redundant hierarchical relationship: http://www.yso.fi/onto/yso/p10224 skos:broader http://www.yso.fi/onto/yso/p5980
WARNING: Eliminating redundant hierarchical relationship: http://www.yso.fi/onto/yso/p11022 skos:broader http://www.yso.fi/onto/yso/p1271
WARNING: Eliminating redundant hierarchical relationship: http://www.yso.fi/onto/yso/p11131 skos:broader http://www.yso.fi/onto/yso/p207
WARNING: Eliminating redundant hierarchical relationship: http://www.yso.fi/onto/yso/p11209 skos:broader http://www.yso.fi/onto/yso/p6994
WARNING: Eliminating redundant hierarchical relationship: http://www.yso.fi/onto/yso/p11347 skos:broader http://www.yso.fi/onto/yso/p347
WARNING: Eliminating redundant hierarchical relationship: http://www.yso.fi/onto/yso/p11746 skos:broader http://www.yso.fi/onto/yso/p1304
WARNING: Eliminating redundant hierarchical relationship: http://www.yso.fi/onto/yso/p12197 skos:broader http://www.yso.fi/onto/yso/p709
WARNING: Eliminating redundant hierarchical relationship: http://www.yso.fi/onto/yso/p12312 skos:broader http://www.yso.fi/onto/yso/p1009
WARNING: Eliminating redundant hierarchical relationship: http://www.yso.fi/onto/yso/p12505 skos:broader http://www.yso.fi/onto/yso/p1341
WARNING: Eliminating redundant hierarchical relationship: http://www.yso.fi/onto/yso/p12656 skos:broader http://www.yso.fi/onto/yso/p1009
WARNING: Eliminating redundant hierarchical relationship: http://www.yso.fi/onto/yso/p12662 skos:broader http://www.yso.fi/onto/yso/p12133
WARNING: Eliminating redundant hierarchical relationship: http://www.yso.fi/onto/yso/p12950 skos:broader http://www.yso.fi/onto/yso/p5980
WARNING: Eliminating redundant hierarchical relationship: http://www.yso.fi/onto/yso/p13516 skos:broader http://www.yso.fi/onto/yso/p7285
WARNING: Eliminating redundant hierarchical relationship: http://www.yso.fi/onto/yso/p14258 skos:broader http://www.yso.fi/onto/yso/p4150
WARNING: Eliminating redundant hierarchical relationship: http://www.yso.fi/onto/yso/p14302 skos:broader http://www.yso.fi/onto/yso/p5659
WARNING: Eliminating redundant hierarchical relationship: http://www.yso.fi/onto/yso/p14390 skos:broader http://www.yso.fi/onto/yso/p3594
WARNING: Eliminating redundant hierarchical relationship: http://www.yso.fi/onto/yso/p1482 skos:broader http://www.yso.fi/onto/yso/p360
WARNING: Eliminating redundant hierarchical relationship: http://www.yso.fi/onto/yso/p14880 skos:broader http://www.yso.fi/onto/yso/p5980
WARNING: Eliminating redundant hierarchical relationship: http://www.yso.fi/onto/yso/p15670 skos:broader http://www.yso.fi/onto/yso/p5780
WARNING: Eliminating redundant hierarchical relationship: http://www.yso.fi/onto/yso/p15977 skos:broader http://www.yso.fi/onto/yso/p295
WARNING: Eliminating redundant hierarchical relationship: http://www.yso.fi/onto/yso/p15990 skos:broader http://www.yso.fi/onto/yso/p347
WARNING: Eliminating redundant hierarchical relationship: http://www.yso.fi/onto/yso/p15991 skos:broader http://www.yso.fi/onto/yso/p347
WARNING: Eliminating redundant hierarchical relationship: http://www.yso.fi/onto/yso/p16261 skos:broader http://www.yso.fi/onto/yso/p2633
WARNING: Eliminating redundant hierarchical relationship: http://www.yso.fi/onto/yso/p16366 skos:broader http://www.yso.fi/onto/yso/p1393
WARNING: Eliminating redundant hierarchical relationship: http://www.yso.fi/onto/yso/p16757 skos:broader http://www.yso.fi/onto/yso/p3902
WARNING: Eliminating redundant hierarchical relationship: http://www.yso.fi/onto/yso/p16836 skos:broader http://www.yso.fi/onto/yso/p40210
WARNING: Eliminating redundant hierarchical relationship: http://www.yso.fi/onto/yso/p16857 skos:broader http://www.yso.fi/onto/yso/p674
WARNING: Eliminating redundant hierarchical relationship: http://www.yso.fi/onto/yso/p16892 skos:broader http://www.yso.fi/onto/yso/p10099
WARNING: Eliminating redundant hierarchical relationship: http://www.yso.fi/onto/yso/p16902 skos:broader http://www.yso.fi/onto/yso/p264
WARNING: Eliminating redundant hierarchical relationship: http://www.yso.fi/onto/yso/p17239 skos:broader http://www.yso.fi/onto/yso/p396
WARNING: Eliminating redundant hierarchical relationship: http://www.yso.fi/onto/yso/p17365 skos:broader http://www.yso.fi/onto/yso/p9219
WARNING: Eliminating redundant hierarchical relationship: http://www.yso.fi/onto/yso/p1739 skos:broader http://www.yso.fi/onto/yso/p1740
WARNING: Eliminating redundant hierarchical relationship: http://www.yso.fi/onto/yso/p17625 skos:broader http://www.yso.fi/onto/yso/p170
WARNING: Eliminating redundant hierarchical relationship: http://www.yso.fi/onto/yso/p18132 skos:broader http://www.yso.fi/onto/yso/p295
WARNING: Eliminating redundant hierarchical relationship: http://www.yso.fi/onto/yso/p18165 skos:broader http://www.yso.fi/onto/yso/p709
WARNING: Eliminating redundant hierarchical relationship: http://www.yso.fi/onto/yso/p18190 skos:broader http://www.yso.fi/onto/yso/p295
WARNING: Eliminating redundant hierarchical relationship: http://www.yso.fi/onto/yso/p18200 skos:broader http://www.yso.fi/onto/yso/p1298
WARNING: Eliminating redundant hierarchical relationship: http://www.yso.fi/onto/yso/p18501 skos:broader http://www.yso.fi/onto/yso/p40210
WARNING: Eliminating redundant hierarchical relationship: http://www.yso.fi/onto/yso/p18562 skos:broader http://www.yso.fi/onto/yso/p396
WARNING: Eliminating redundant hierarchical relationship: http://www.yso.fi/onto/yso/p18570 skos:broader http://www.yso.fi/onto/yso/p3128
WARNING: Eliminating redundant hierarchical relationship: http://www.yso.fi/onto/yso/p18602 skos:broader http://www.yso.fi/onto/yso/p10981
WARNING: Eliminating redundant hierarchical relationship: http://www.yso.fi/onto/yso/p18697 skos:broader http://www.yso.fi/onto/yso/p1934
WARNING: Eliminating redundant hierarchical relationship: http://www.yso.fi/onto/yso/p19012 skos:broader http://www.yso.fi/onto/yso/p7171
WARNING: Eliminating redundant hierarchical relationship: http://www.yso.fi/onto/yso/p19293 skos:broader http://www.yso.fi/onto/yso/p2633
WARNING: Eliminating redundant hierarchical relationship: http://www.yso.fi/onto/yso/p19323 skos:broader http://www.yso.fi/onto/yso/p3602
WARNING: Eliminating redundant hierarchical relationship: http://www.yso.fi/onto/yso/p19426 skos:broader http://www.yso.fi/onto/yso/p3056
WARNING: Eliminating redundant hierarchical relationship: http://www.yso.fi/onto/yso/p19482 skos:broader http://www.yso.fi/onto/yso/p7381
WARNING: Eliminating redundant hierarchical relationship: http://www.yso.fi/onto/yso/p19489 skos:broader http://www.yso.fi/onto/yso/p3128
WARNING: Eliminating redundant hierarchical relationship: http://www.yso.fi/onto/yso/p19689 skos:broader http://www.yso.fi/onto/yso/p5659
WARNING: Eliminating redundant hierarchical relationship: http://www.yso.fi/onto/yso/p1970 skos:broader http://www.yso.fi/onto/yso/p2108
WARNING: Eliminating redundant hierarchical relationship: http://www.yso.fi/onto/yso/p1971 skos:broader http://www.yso.fi/onto/yso/p2108
WARNING: Eliminating redundant hierarchical relationship: http://www.yso.fi/onto/yso/p20123 skos:broader http://www.yso.fi/onto/yso/p1304
WARNING: Eliminating redundant hierarchical relationship: http://www.yso.fi/onto/yso/p20147 skos:broader http://www.yso.fi/onto/yso/p5659
WARNING: Eliminating redundant hierarchical relationship: http://www.yso.fi/onto/yso/p20283 skos:broader http://www.yso.fi/onto/yso/p4709
WARNING: Eliminating redundant hierarchical relationship: http://www.yso.fi/onto/yso/p21204 skos:broader http://www.yso.fi/onto/yso/p347
WARNING: Eliminating redundant hierarchical relationship: http://www.yso.fi/onto/yso/p21625 skos:broader http://www.yso.fi/onto/yso/p1304
WARNING: Eliminating redundant hierarchical relationship: http://www.yso.fi/onto/yso/p21683 skos:broader http://www.yso.fi/onto/yso/p127
WARNING: Eliminating redundant hierarchical relationship: http://www.yso.fi/onto/yso/p22336 skos:broader http://www.yso.fi/onto/yso/p1123
WARNING: Eliminating redundant hierarchical relationship: http://www.yso.fi/onto/yso/p22890 skos:broader http://www.yso.fi/onto/yso/p3594
WARNING: Eliminating redundant hierarchical relationship: http://www.yso.fi/onto/yso/p23119 skos:broader http://www.yso.fi/onto/yso/p10983
WARNING: Eliminating redundant hierarchical relationship: http://www.yso.fi/onto/yso/p23154 skos:broader http://www.yso.fi/onto/yso/p3841
WARNING: Eliminating redundant hierarchical relationship: http://www.yso.fi/onto/yso/p23219 skos:broader http://www.yso.fi/onto/yso/p127
WARNING: Eliminating redundant hierarchical relationship: http://www.yso.fi/onto/yso/p23699 skos:broader http://www.yso.fi/onto/yso/p1707
WARNING: Eliminating redundant hierarchical relationship: http://www.yso.fi/onto/yso/p24570 skos:broader http://www.yso.fi/onto/yso/p4150
WARNING: Eliminating redundant hierarchical relationship: http://www.yso.fi/onto/yso/p24603 skos:broader http://www.yso.fi/onto/yso/p1801
WARNING: Eliminating redundant hierarchical relationship: http://www.yso.fi/onto/yso/p24838 skos:broader http://www.yso.fi/onto/yso/p127
WARNING: Eliminating redundant hierarchical relationship: http://www.yso.fi/onto/yso/p25747 skos:broader http://www.yso.fi/onto/yso/p2299
WARNING: Eliminating redundant hierarchical relationship: http://www.yso.fi/onto/yso/p25861 skos:broader http://www.yso.fi/onto/yso/p3213
WARNING: Eliminating redundant hierarchical relationship: http://www.yso.fi/onto/yso/p26043 skos:broader http://www.yso.fi/onto/yso/p127
WARNING: Eliminating redundant hierarchical relationship: http://www.yso.fi/onto/yso/p26044 skos:broader http://www.yso.fi/onto/yso/p347
WARNING: Eliminating redundant hierarchical relationship: http://www.yso.fi/onto/yso/p26080 skos:broader http://www.yso.fi/onto/yso/p1271
WARNING: Eliminating redundant hierarchical relationship: http://www.yso.fi/onto/yso/p26233 skos:broader http://www.yso.fi/onto/yso/p6062
WARNING: Eliminating redundant hierarchical relationship: http://www.yso.fi/onto/yso/p2636 skos:broader http://www.yso.fi/onto/yso/p26208
WARNING: Eliminating redundant hierarchical relationship: http://www.yso.fi/onto/yso/p26408 skos:broader http://www.yso.fi/onto/yso/p4150
WARNING: Eliminating redundant hierarchical relationship: http://www.yso.fi/onto/yso/p26868 skos:broader http://www.yso.fi/onto/yso/p1304
WARNING: Eliminating redundant hierarchical relationship: http://www.yso.fi/onto/yso/p26942 skos:broader http://www.yso.fi/onto/yso/p27444
WARNING: Eliminating redundant hierarchical relationship: http://www.yso.fi/onto/yso/p2699 skos:broader http://www.yso.fi/onto/yso/p2344
WARNING: Eliminating redundant hierarchical relationship: http://www.yso.fi/onto/yso/p27847 skos:broader http://www.yso.fi/onto/yso/p1400
WARNING: Eliminating redundant hierarchical relationship: http://www.yso.fi/onto/yso/p27931 skos:broader http://www.yso.fi/onto/yso/p7349
WARNING: Eliminating redundant hierarchical relationship: http://www.yso.fi/onto/yso/p27936 skos:broader http://www.yso.fi/onto/yso/p949
WARNING: Eliminating redundant hierarchical relationship: http://www.yso.fi/onto/yso/p281 skos:broader http://www.yso.fi/onto/yso/p5980
WARNING: Eliminating redundant hierarchical relationship: http://www.yso.fi/onto/yso/p28169 skos:broader http://www.yso.fi/onto/yso/p678
WARNING: Eliminating redundant hierarchical relationship: http://www.yso.fi/onto/yso/p29189 skos:broader http://www.yso.fi/onto/yso/p556
WARNING: Eliminating redundant hierarchical relationship: http://www.yso.fi/onto/yso/p29212 skos:broader http://www.yso.fi/onto/yso/p556
WARNING: Eliminating redundant hierarchical relationship: http://www.yso.fi/onto/yso/p29224 skos:broader http://www.yso.fi/onto/yso/p556
WARNING: Eliminating redundant hierarchical relationship: http://www.yso.fi/onto/yso/p29278 skos:broader http://www.yso.fi/onto/yso/p556
WARNING: Eliminating redundant hierarchical relationship: http://www.yso.fi/onto/yso/p2980 skos:broader http://www.yso.fi/onto/yso/p40210
WARNING: Eliminating redundant hierarchical relationship: http://www.yso.fi/onto/yso/p29943 skos:broader http://www.yso.fi/onto/yso/p23218
WARNING: Eliminating redundant hierarchical relationship: http://www.yso.fi/onto/yso/p3213 skos:broader http://www.yso.fi/onto/yso/p2633
WARNING: Eliminating redundant hierarchical relationship: http://www.yso.fi/onto/yso/p3549 skos:broader http://www.yso.fi/onto/yso/p360
WARNING: Eliminating redundant hierarchical relationship: http://www.yso.fi/onto/yso/p37850 skos:broader http://www.yso.fi/onto/yso/p949
WARNING: Eliminating redundant hierarchical relationship: http://www.yso.fi/onto/yso/p38480 skos:broader http://www.yso.fi/onto/yso/p556
WARNING: Eliminating redundant hierarchical relationship: http://www.yso.fi/onto/yso/p3890 skos:broader http://www.yso.fi/onto/yso/p880
WARNING: Eliminating redundant hierarchical relationship: http://www.yso.fi/onto/yso/p40020 skos:broader http://www.yso.fi/onto/yso/p556
WARNING: Eliminating redundant hierarchical relationship: http://www.yso.fi/onto/yso/p4018 skos:broader http://www.yso.fi/onto/yso/p7171
WARNING: Eliminating redundant hierarchical relationship: http://www.yso.fi/onto/yso/p40189 skos:broader http://www.yso.fi/onto/yso/p556
WARNING: Eliminating redundant hierarchical relationship: http://www.yso.fi/onto/yso/p40450 skos:broader http://www.yso.fi/onto/yso/p6062
WARNING: Eliminating redundant hierarchical relationship: http://www.yso.fi/onto/yso/p458 skos:broader http://www.yso.fi/onto/yso/p4150
WARNING: Eliminating redundant hierarchical relationship: http://www.yso.fi/onto/yso/p5106 skos:broader http://www.yso.fi/onto/yso/p1304
WARNING: Eliminating redundant hierarchical relationship: http://www.yso.fi/onto/yso/p5723 skos:broader http://www.yso.fi/onto/yso/p40210
WARNING: Eliminating redundant hierarchical relationship: http://www.yso.fi/onto/yso/p5742 skos:broader http://www.yso.fi/onto/yso/p1298
WARNING: Eliminating redundant hierarchical relationship: http://www.yso.fi/onto/yso/p5747 skos:broader http://www.yso.fi/onto/yso/p2633
WARNING: Eliminating redundant hierarchical relationship: http://www.yso.fi/onto/yso/p5819 skos:broader http://www.yso.fi/onto/yso/p1304
WARNING: Eliminating redundant hierarchical relationship: http://www.yso.fi/onto/yso/p5890 skos:broader http://www.yso.fi/onto/yso/p5891
WARNING: Eliminating redundant hierarchical relationship: http://www.yso.fi/onto/yso/p5936 skos:broader http://www.yso.fi/onto/yso/p678
WARNING: Eliminating redundant hierarchical relationship: http://www.yso.fi/onto/yso/p5937 skos:broader http://www.yso.fi/onto/yso/p678
WARNING: Eliminating redundant hierarchical relationship: http://www.yso.fi/onto/yso/p6664 skos:broader http://www.yso.fi/onto/yso/p40210
WARNING: Eliminating redundant hierarchical relationship: http://www.yso.fi/onto/yso/p692 skos:broader http://www.yso.fi/onto/yso/p693
WARNING: Eliminating redundant hierarchical relationship: http://www.yso.fi/onto/yso/p7081 skos:broader http://www.yso.fi/onto/yso/p7082
WARNING: Eliminating redundant hierarchical relationship: http://www.yso.fi/onto/yso/p7126 skos:broader http://www.yso.fi/onto/yso/p1298
WARNING: Eliminating redundant hierarchical relationship: http://www.yso.fi/onto/yso/p7475 skos:broader http://www.yso.fi/onto/yso/p40210
WARNING: Eliminating redundant hierarchical relationship: http://www.yso.fi/onto/yso/p7695 skos:broader http://www.yso.fi/onto/yso/p40210
WARNING: Eliminating redundant hierarchical relationship: http://www.yso.fi/onto/yso/p7909 skos:broader http://www.yso.fi/onto/yso/p20765
WARNING: Eliminating redundant hierarchical relationship: http://www.yso.fi/onto/yso/p8060 skos:broader http://www.yso.fi/onto/yso/p347
WARNING: Eliminating redundant hierarchical relationship: http://www.yso.fi/onto/yso/p832 skos:broader http://www.yso.fi/onto/yso/p1786
WARNING: Eliminating redundant hierarchical relationship: http://www.yso.fi/onto/yso/p8577 skos:broader http://www.yso.fi/onto/yso/p5980
WARNING: Eliminating redundant hierarchical relationship: http://www.yso.fi/onto/yso/p8866 skos:broader http://www.yso.fi/onto/yso/p347
WARNING: Eliminating redundant hierarchical relationship: http://www.yso.fi/onto/yso/p8941 skos:broader http://www.yso.fi/onto/yso/p6964
WARNING: Eliminating redundant hierarchical relationship: http://www.yso.fi/onto/yso/p9193 skos:broader http://www.yso.fi/onto/yso/p26592
WARNING: Eliminating redundant hierarchical relationship: http://www.yso.fi/onto/yso/p9790 skos:broader http://www.yso.fi/onto/yso/p990
WARNING: Eliminating redundant hierarchical relationship: http://www.yso.fi/onto/yso/p9924 skos:broader http://www.yso.fi/onto/yso/p438
DEBUG: check_hierarchy took 4.057394 seconds
DEBUG: Phase 9: Checking labels
WARNING: Resource http://www.yso.fi/onto/ekso/p554 has more than one prefLabel@sv: choosing betalningsorder (policy: shortest)
WARNING: Resource http://www.yso.fi/onto/ekso/p554 has more than one prefLabel@en: choosing payment order (policy: shortest)
WARNING: Resource http://www.yso.fi/onto/yso/p40584 has more than one prefLabel@sv: choosing mikrosystem (mikroteknik) (policy: shortest)
WARNING: Resource http://www.yso.fi/onto/yso/p11088 has 'Europaparlamentariker'@sv as both prefLabel and altLabel; removing altLabel
WARNING: Resource http://www.yso.fi/onto/yso/p11457 has 'Finland-Swedishness'@en as both prefLabel and altLabel; removing altLabel
WARNING: Resource http://www.yso.fi/onto/yso/p1408 has 'polycystic ovary syndrome'@en as both prefLabel and altLabel; removing altLabel
WARNING: Resource http://www.yso.fi/onto/yso/p14666 has 'long-tailed chinchilla'@en as both prefLabel and altLabel; removing altLabel
WARNING: Resource http://www.yso.fi/onto/yso/p19677 has 'rampfeber'@sv as both prefLabel and altLabel; removing altLabel
WARNING: Resource http://www.yso.fi/onto/yso/p21175 has 'irish softcoated wheaten terrier'@sv as both prefLabel and altLabel; removing altLabel
WARNING: Resource http://www.yso.fi/onto/yso/p23935 has 'Chabad-Lubavitch'@sme as both prefLabel and altLabel; removing altLabel
WARNING: Resource http://www.yso.fi/onto/yso/p24007 has 'debattinlägg'@sv as both prefLabel and altLabel; removing altLabel
WARNING: Resource http://www.yso.fi/onto/yso/p24183 has 'chefsfärdigheter'@sv as both prefLabel and altLabel; removing altLabel
WARNING: Resource http://www.yso.fi/onto/yso/p27408 has 'Forest Samis'@en as both prefLabel and altLabel; removing altLabel
WARNING: Resource http://www.yso.fi/onto/yso/p38174 has 'ECEC partnership'@en as both prefLabel and altLabel; removing altLabel
WARNING: Resource http://www.yso.fi/onto/yso/p39484 has 'förlust av biologisk mångfald'@sv as both prefLabel and altLabel; removing altLabel
WARNING: Resource http://www.yso.fi/onto/yso/p39596 has 'sektorsövergripande samarbete'@sv as both prefLabel and altLabel; removing altLabel
WARNING: Resource http://www.yso.fi/onto/yso/p39827 has 'partiell ålderspension'@sv as both prefLabel and altLabel; removing altLabel
WARNING: Resource http://www.yso.fi/onto/yso/p40088 has 'Atlantic sturgeon'@en as both prefLabel and altLabel; removing altLabel
WARNING: Resource http://www.yso.fi/onto/yso/p40232 has 'saamenkäsityö'@fi as both prefLabel and altLabel; removing altLabel
WARNING: Resource http://www.yso.fi/onto/yso/p40366 has 'leu'dd singers'@en as both prefLabel and altLabel; removing altLabel
WARNING: Resource http://www.yso.fi/onto/yso/p40367 has 'leu'dd singing'@en as both prefLabel and altLabel; removing altLabel
WARNING: Resource http://www.yso.fi/onto/yso/p15621 has 'edge effects'@en as both prefLabel and hiddenLabel; removing hiddenLabel
WARNING: Resource http://www.yso.fi/onto/yso/p26676 has 'hide (material)'@en as both prefLabel and hiddenLabel; removing hiddenLabel
WARNING: Resource http://www.yso.fi/onto/yso/p29608 has 'heteroseksuálat'@sme as both prefLabel and hiddenLabel; removing hiddenLabel
WARNING: Resource http://www.yso.fi/onto/yso/p37933 has 'joikers'@en as both prefLabel and hiddenLabel; removing hiddenLabel
WARNING: Resource http://www.yso.fi/onto/yso/p39442 has 'Oscar-pris'@sv as both prefLabel and hiddenLabel; removing hiddenLabel
WARNING: Resource http://www.yso.fi/onto/yso/p39580 has 'City Sámi'@en as both prefLabel and hiddenLabel; removing hiddenLabel
WARNING: Resource http://www.yso.fi/onto/yso/p39621 has 'Fisher Sámi'@en as both prefLabel and hiddenLabel; removing hiddenLabel
WARNING: Resource http://www.yso.fi/onto/yso/p39754 has 'leranimation'@sv as both prefLabel and hiddenLabel; removing hiddenLabel
WARNING: Resource http://www.yso.fi/onto/yso/p5341 has 'diskussionsprogram'@sv as both prefLabel and hiddenLabel; removing hiddenLabel
WARNING: Resource http://www.yso.fi/onto/yso/p5929 has 'páhkat'@sme as both prefLabel and hiddenLabel; removing hiddenLabel
WARNING: Resource http://www.yso.fi/onto/ekso/p2720 has 'ennakkoratkaisu'@fi as both altLabel and hiddenLabel; removing hiddenLabel
WARNING: Resource http://www.yso.fi/onto/yso/p10046 has 'utbildningsfilmer'@sv as both altLabel and hiddenLabel; removing hiddenLabel
WARNING: Resource http://www.yso.fi/onto/yso/p10362 has 'mem'@sv as both altLabel and hiddenLabel; removing hiddenLabel
WARNING: Resource http://www.yso.fi/onto/yso/p11006 has 'hiiri'@fi as both altLabel and hiddenLabel; removing hiddenLabel
WARNING: Resource http://www.yso.fi/onto/yso/p12044 has 'southern lights'@en as both altLabel and hiddenLabel; removing hiddenLabel
WARNING: Resource http://www.yso.fi/onto/yso/p12197 has 'metavolcanic rock'@en as both altLabel and hiddenLabel; removing hiddenLabel
WARNING: Resource http://www.yso.fi/onto/yso/p13754 has 'commemorative coins'@en as both altLabel and hiddenLabel; removing hiddenLabel
WARNING: Resource http://www.yso.fi/onto/yso/p1459 has 'lingua franca'@fi as both altLabel and hiddenLabel; removing hiddenLabel
WARNING: Resource http://www.yso.fi/onto/yso/p15944 has 'kirkkolaki'@fi as both altLabel and hiddenLabel; removing hiddenLabel
WARNING: Resource http://www.yso.fi/onto/yso/p1674 has 'fyysinen kokonaisuus'@fi as both altLabel and hiddenLabel; removing hiddenLabel
WARNING: Resource http://www.yso.fi/onto/yso/p18381 has 'valutamarknad'@sv as both altLabel and hiddenLabel; removing hiddenLabel
WARNING: Resource http://www.yso.fi/onto/yso/p18849 has 'människa'@sv as both altLabel and hiddenLabel; removing hiddenLabel
WARNING: Resource http://www.yso.fi/onto/yso/p18997 has 'juutalaissota'@fi as both altLabel and hiddenLabel; removing hiddenLabel
WARNING: Resource http://www.yso.fi/onto/yso/p19055 has 'kiuas'@fi as both altLabel and hiddenLabel; removing hiddenLabel
WARNING: Resource http://www.yso.fi/onto/yso/p19365 has 'medelklass'@sv as both altLabel and hiddenLabel; removing hiddenLabel
WARNING: Resource http://www.yso.fi/onto/yso/p19778 has 'informationscenter'@sv as both altLabel and hiddenLabel; removing hiddenLabel
WARNING: Resource http://www.yso.fi/onto/yso/p19778 has 'informationscentrum'@sv as both altLabel and hiddenLabel; removing hiddenLabel
WARNING: Resource http://www.yso.fi/onto/yso/p20276 has 'orders'@en as both altLabel and hiddenLabel; removing hiddenLabel
WARNING: Resource http://www.yso.fi/onto/yso/p2108 has 'evenemang'@sv as both altLabel and hiddenLabel; removing hiddenLabel
WARNING: Resource http://www.yso.fi/onto/yso/p23383 has 'familjecentrum'@sv as both altLabel and hiddenLabel; removing hiddenLabel
WARNING: Resource http://www.yso.fi/onto/yso/p245 has 'eloton fyysinen kokonaisuus'@fi as both altLabel and hiddenLabel; removing hiddenLabel
WARNING: Resource http://www.yso.fi/onto/yso/p25099 has 'organisaatiomuutos'@fi as both altLabel and hiddenLabel; removing hiddenLabel
WARNING: Resource http://www.yso.fi/onto/yso/p25537 has 'dalit'@fi as both altLabel and hiddenLabel; removing hiddenLabel
WARNING: Resource http://www.yso.fi/onto/yso/p25594 has 'sjukhusserie'@sv as both altLabel and hiddenLabel; removing hiddenLabel
WARNING: Resource http://www.yso.fi/onto/yso/p2577 has 'erikoisala'@fi as both altLabel and hiddenLabel; removing hiddenLabel
WARNING: Resource http://www.yso.fi/onto/yso/p26492 has 'Hammurabin laki'@fi as both altLabel and hiddenLabel; removing hiddenLabel
WARNING: Resource http://www.yso.fi/onto/yso/p26785 has 'rajatarkastus'@fi as both altLabel and hiddenLabel; removing hiddenLabel
WARNING: Resource http://www.yso.fi/onto/yso/p26981 has 'netsuke'@fi as both altLabel and hiddenLabel; removing hiddenLabel
WARNING: Resource http://www.yso.fi/onto/yso/p27592 has 'kouluvalinta'@fi as both altLabel and hiddenLabel; removing hiddenLabel
WARNING: Resource http://www.yso.fi/onto/yso/p27921 has 'viikonloppu'@fi as both altLabel and hiddenLabel; removing hiddenLabel
WARNING: Resource http://www.yso.fi/onto/yso/p27996 has 'poronhoitoalue'@fi as both altLabel and hiddenLabel; removing hiddenLabel
WARNING: Resource http://www.yso.fi/onto/yso/p2826 has 'järjestetty tapahtuma'@fi as both altLabel and hiddenLabel; removing hiddenLabel
WARNING: Resource http://www.yso.fi/onto/yso/p2921 has 'uskonto'@fi as both altLabel and hiddenLabel; removing hiddenLabel
WARNING: Resource http://www.yso.fi/onto/yso/p29448 has 'etäpalvelu'@fi as both altLabel and hiddenLabel; removing hiddenLabel
WARNING: Resource http://www.yso.fi/onto/yso/p29752 has 'FOIA requests'@en as both altLabel and hiddenLabel; removing hiddenLabel
WARNING: Resource http://www.yso.fi/onto/yso/p29833 has 'MC (musik)'@sv as both altLabel and hiddenLabel; removing hiddenLabel
WARNING: Resource http://www.yso.fi/onto/yso/p30038 has 'raga'@sv as both altLabel and hiddenLabel; removing hiddenLabel
WARNING: Resource http://www.yso.fi/onto/yso/p347 has 'ihmisen määrittämä paikka'@fi as both altLabel and hiddenLabel; removing hiddenLabel
WARNING: Resource http://www.yso.fi/onto/yso/p3486 has 'kieltolaki'@fi as both altLabel and hiddenLabel; removing hiddenLabel
WARNING: Resource http://www.yso.fi/onto/yso/p3763 has 'kansalaisen asema'@fi as both altLabel and hiddenLabel; removing hiddenLabel
WARNING: Resource http://www.yso.fi/onto/yso/p38086 has 'sävellysmuoto'@fi as both altLabel and hiddenLabel; removing hiddenLabel
WARNING: Resource http://www.yso.fi/onto/yso/p38297 has 'Nilotes'@en as both altLabel and hiddenLabel; removing hiddenLabel
WARNING: Resource http://www.yso.fi/onto/yso/p39181 has 'nonsmoking spaces'@en as both altLabel and hiddenLabel; removing hiddenLabel
WARNING: Resource http://www.yso.fi/onto/yso/p39181 has 'suovahis guovllut'@sme as both altLabel and hiddenLabel; removing hiddenLabel
WARNING: Resource http://www.yso.fi/onto/yso/p3957 has 'indoor fireplaces'@en as both altLabel and hiddenLabel; removing hiddenLabel
WARNING: Resource http://www.yso.fi/onto/yso/p39580 has 'City Saami'@en as both altLabel and hiddenLabel; removing hiddenLabel
WARNING: Resource http://www.yso.fi/onto/yso/p39580 has 'City Sami'@en as both altLabel and hiddenLabel; removing hiddenLabel
WARNING: Resource http://www.yso.fi/onto/yso/p39621 has 'Fisher Saami'@en as both altLabel and hiddenLabel; removing hiddenLabel
WARNING: Resource http://www.yso.fi/onto/yso/p39621 has 'Fisher Sami'@en as both altLabel and hiddenLabel; removing hiddenLabel
WARNING: Resource http://www.yso.fi/onto/yso/p3967 has 'malaijilaš-polynesialaš giella'@sme as both altLabel and hiddenLabel; removing hiddenLabel
WARNING: Resource http://www.yso.fi/onto/yso/p39754 has 'leranimerad film'@sv as both altLabel and hiddenLabel; removing hiddenLabel
WARNING: Resource http://www.yso.fi/onto/yso/p39868 has 'bioaktivt glas'@sv as both altLabel and hiddenLabel; removing hiddenLabel
WARNING: Resource http://www.yso.fi/onto/yso/p40330 has 'exercise areas (rescue services)'@en as both altLabel and hiddenLabel; removing hiddenLabel
WARNING: Resource http://www.yso.fi/onto/yso/p4034 has 'kalenteriin liittyvä ajanjakso'@fi as both altLabel and hiddenLabel; removing hiddenLabel
WARNING: Resource http://www.yso.fi/onto/yso/p4035 has 'ajanjakso'@fi as both altLabel and hiddenLabel; removing hiddenLabel
WARNING: Resource http://www.yso.fi/onto/yso/p40560 has 'Israeli'@en as both altLabel and hiddenLabel; removing hiddenLabel
WARNING: Resource http://www.yso.fi/onto/yso/p4320 has 'investointi'@fi as both altLabel and hiddenLabel; removing hiddenLabel
WARNING: Resource http://www.yso.fi/onto/yso/p4320 has 'investeren'@sme as both altLabel and hiddenLabel; removing hiddenLabel
WARNING: Resource http://www.yso.fi/onto/yso/p4434 has 'oppilasvalinta'@fi as both altLabel and hiddenLabel; removing hiddenLabel
WARNING: Resource http://www.yso.fi/onto/yso/p4435 has 'opiskelijavalinta'@fi as both altLabel and hiddenLabel; removing hiddenLabel
WARNING: Resource http://www.yso.fi/onto/yso/p4892 has 'trade events'@en as both altLabel and hiddenLabel; removing hiddenLabel
WARNING: Resource http://www.yso.fi/onto/yso/p534 has 'mysterier (oförklarliga fenomen)'@sv as both altLabel and hiddenLabel; removing hiddenLabel
WARNING: Resource http://www.yso.fi/onto/yso/p5468 has 'minister (church)'@en as both altLabel and hiddenLabel; removing hiddenLabel
WARNING: Resource http://www.yso.fi/onto/yso/p570 has 'yhteiskunnallinen ajanjakso'@fi as both altLabel and hiddenLabel; removing hiddenLabel
WARNING: Resource http://www.yso.fi/onto/yso/p5729 has 'ilmastonmuutos'@fi as both altLabel and hiddenLabel; removing hiddenLabel
WARNING: Resource http://www.yso.fi/onto/yso/p6043 has 'halsmandel'@sv as both altLabel and hiddenLabel; removing hiddenLabel
WARNING: Resource http://www.yso.fi/onto/yso/p6365 has 'kvinnors ställning'@sv as both altLabel and hiddenLabel; removing hiddenLabel
WARNING: Resource http://www.yso.fi/onto/yso/p6944 has 'elollinen fyysinen kokonaisuus'@fi as both altLabel and hiddenLabel; removing hiddenLabel
WARNING: Resource http://www.yso.fi/onto/yso/p7295 has 'merkintä'@fi as both altLabel and hiddenLabel; removing hiddenLabel
WARNING: Resource http://www.yso.fi/onto/yso/p7316 has 'infektio'@fi as both altLabel and hiddenLabel; removing hiddenLabel
WARNING: Resource http://www.yso.fi/onto/yso/p7466 has 'kuitu'@fi as both altLabel and hiddenLabel; removing hiddenLabel
WARNING: Resource http://www.yso.fi/onto/yso/p7488 has 'rannikko'@fi as both altLabel and hiddenLabel; removing hiddenLabel
WARNING: Resource http://www.yso.fi/onto/yso/p750 has 'hinta'@fi as both altLabel and hiddenLabel; removing hiddenLabel
WARNING: Resource http://www.yso.fi/onto/yso/p8315 has 'foresters'@en as both altLabel and hiddenLabel; removing hiddenLabel
WARNING: Resource http://www.yso.fi/onto/yso/p926 has 'polymeeri'@fi as both altLabel and hiddenLabel; removing hiddenLabel
DEBUG: Phase 10: Performing post update query
DEBUG: reading input file took  32 seconds
DEBUG: processing took          47 seconds
DEBUG: Phase 11: Writing output
DEBUG: Writing output file ekso-skos.ttl (format: turtle)
